sample_id,category,img_path,mask_path,model_path,dim_small,dim_mid,dim_large,latency_seconds,vram_peak_mb,success,error
0,CHAIR_STOOL,/home/rladlems1031/Isajjim-AI/experiments/benchmark/data/abo/images/f1/f16be173.jpg,/home/rladlems1031/Isajjim-AI/experiments/benchmark/data/abo/masks/B07K7K8YF9.png,/home/rladlems1031/Isajjim-AI/experiments/benchmark/data/abo/meshes/9/B07K7K8YF9.glb,0.43640879444753455,0.5170863743662151,1.0,7.892,13926.2,True,
1,DRAWER,/home/rladlems1031/Isajjim-AI/experiments/benchmark/data/abo/images/69/69416ca0.jpg,/home/rladlems1031/Isajjim-AI/experiments/benchmark/data/abo/masks/B07B4VXZZC.png,/home/rladlems1031/Isajjim-AI/experiments/benchmark/data/abo/meshes/C/B07B4VXZZC.glb,0.5808628097101706,0.9937222327916491,1.0,8.758,13981.9,True,
2,CABINET,/home/rladlems1031/Isajjim-AI/experiments/benchmark/data/abo/images/3f/3f16c92e.jpg,/home/rladlems1031/Isajjim-AI/experiments/benchmark/data/abo/masks/B015IPNVFW.png,/home/rladlems1031/Isajjim-AI/experiments/benchmark/data/abo/meshes/W/B015IPNVFW.glb,0.2562895528402278,0.4252646146319364,1.0,8.579,13933.3,True,
3,CHAIR_STOOL,/home/rladlems1031/Isajjim-AI/experiments/benchmark/data/abo/images/48/4810039e.jpg,/home/rladlems1031/Isajjim-AI/experiments/benchmark/data/abo/masks/B07DYJ43BZ.png,/home/rladlems1031/Isajjim-AI/experiments/benchmark/data/abo/meshes/Z/B07DYJ43BZ.glb,0.6216910364853161,0.6249248681093145,1.0,9.487,13980.3,True,
4,SOFA,/home/rladlems1031/Isajjim-AI/experiments/benchmark/data/abo/images/a5/a553d527.jpg,/home/rladlems1031/Isajjim-AI/experiments/benchmark/data/abo/masks/B07HPSSN7H.png,/home/rladlems1031/Isajjim-AI/experiments/benchmark/data/abo/meshes/H/B07HPSSN7H.glb,0.4558717611500883,0.5174892526246136,1.0,9.229,13958.3,True,
5,CHAIR_STOOL,/home/rladlems1031/Isajjim-AI/experiments/benchmark/data/abo/images/ac/ac5cc0ac.jpg,/home/rladlems1031/Isajjim-AI/experiments/benchmark/data/abo/masks/B07Q3WM678.png,/home/rladlems1031/Isajjim-AI/experiments/benchmark/data/abo/meshes/8/B07Q3WM678.glb,0.5330259981613414,0.6193862917472102,1.0,13.757,16598.3,True,
6,BED,/home/rladlems1031/Isajjim-AI/experiments/benchmark/data/abo/images/c1/c185460a.jpg,/home/rladlems1031/Isajjim-AI/experiments/benchmark/data/abo/masks/B07RGR6XYT.png,/home/rladlems1031/Isajjim-AI/experiments/benchmark/data/abo/meshes/T/B07RGR6XYT.glb,0.6066196583761622,0.6266122258567821,1.0,10.886,14409.9,True,
7,CHAIR_STOOL,/home/rladlems1031/Isajjim-AI/experiments/benchmark/data/abo/images/fa/fa97ecd1.jpg,/home/rladlems1031/Isajjim-AI/experiments/benchmark/data/abo/masks/B07JVP2C7M.png,/home/rladlems1031/Isajjim-AI/experiments/benchmark/data/abo/meshes/M/B07JVP2C7M.glb,0.7585344795286749,0.7884884941247483,1.0,15.315,19073.7,True,
8,CHAIR_STOOL,/home/rladlems1031/Isajjim-AI/experiments/benchmark/data/abo/images/6d/6da6706c.jpg,/home/rladlems1031/Isajjim-AI/experiments/benchmark/data/abo/masks/B072PZKCMP.png,/home/rladlems1031/Isajjim-AI/experiments/benchmark/data/abo/meshes/P/B072PZKCMP.glb,0.6458712549720722,0.7711425731750545,1.0,13.362,16757.1,True,
9,DESK,/home/rladlems1031/Isajjim-AI/experiments/benchmark/data/abo/images/57/57ea093b.jpg,/home/rladlems1031/Isajjim-AI/experiments/benchmark/data/abo/masks/B07B7GXKCN.png,/home/rladlems1031/Isajjim-AI/experiments/benchmark/data/abo/meshes/N/B07B7GXKCN.glb,0.5375895774607974,0.6808006975566542,1.0,9.336,13981.9,True,
10,CHAIR_STOOL,/home/rladlems1031/Isajjim-AI/experiments/benchmark/data/abo/images/21/21a779c6.jpg,/home/rladlems1031/Isajjim-AI/experiments/benchmark/data/abo/masks/B082VMRLM7.png,/home/rladlems1031/Isajjim-AI/experiments/benchmark/data/abo/meshes/7/B082VMRLM7.glb,0.7251986147597944,0.7743383786732689,1.0,12.77,15804.1,True,
11,CHAIR_STOOL,/home/rladlems1031/Isajjim-AI/experiments/benchmark/data/abo/images/ba/ba376083.jpg,/home/rladlems1031/Isajjim-AI/experiments/benchmark/data/abo/masks/B07JY32YJN.png,/home/rladlems1031/Isajjim-AI/experiments/benchmark/data/abo/meshes/N/B07JY32YJN.glb,0.6772505777602696,0.7135595494630513,1.0,18.055,19292.3,True,
12,CHAIR_STOOL,/home/rladlems1031/Isajjim-AI/experiments/benchmark/data/abo/images/9a/9aaba888.jpg,/home/rladlems1031/Isajjim-AI/experiments/benchmark/data/abo/masks/B07MNYTYQL.png,/home/rladlems1031/Isajjim-AI/experiments/benchmark/data/abo/meshes/L/B07MNYTYQL.glb,0.6724572765126253,0.6911892943091447,1.0,8.908,13963.6,True,
13,CHAIR_STOOL,/home/rladlems1031/Isajjim-AI/experiments/benchmark/data/abo/images/39/396f2e2c.jpg,/home/rladlems1031/Isajjim-AI/experiments/benchmark/data/abo/masks/B082Q955WS.png,/home/rladlems1031/Isajjim-AI/experiments/benchmark/data/abo/meshes/S/B082Q955WS.glb,0.8271747540617914,0.8323434146687516,1.0,8.75,13976.3,True,
14,SOFA,/home/rladlems1031/Isajjim-AI/experiments/benchmark/data/abo/images/e5/e543887f.jpg,/home/rladlems1031/Isajjim-AI/experiments/benchmark/data/abo/masks/B07J2YB48B.png,/home/rladlems1031/Isajjim-AI/experiments/benchmark/data/abo/meshes/B/B07J2YB48B.glb,0.4406924863804208,0.5395948248663603,1.0,9.348,13981.9,True,
15,SOFA,/home/rladlems1031/Isajjim-AI/experiments/benchmark/data/abo/images/5d/5d4ab70e.jpg,/home/rladlems1031/Isajjim-AI/experiments/benchmark/data/abo/masks/B07ZTPL42H.png,/home/rladlems1031/Isajjim-AI/experiments/benchmark/data/abo/meshes/H/B07ZTPL42H.glb,0.33613186573557774,0.6510081111035904,1.0,8.732,13933.7,True,
16,CHAIR_STOOL,/home/rladlems1031/Isajjim-AI/experiments/benchmark/data/abo/images/cb/cbf00f9b.jpg,/home/rladlems1031/Isajjim-AI/experiments/benchmark/data/abo/masks/B075X65R4N.png,/home/rladlems1031/Isajjim-AI/experiments/benchmark/data/abo/meshes/N/B075X65R4N.glb,0.6444289840182543,0.8148189157137133,1.0,11.971,15550.5,True,
17,DESK,/home/rladlems1031/Isajjim-AI/experiments/benchmark/data/abo/images/18/18bc89ce.jpg,/home/rladlems1031/Isajjim-AI/experiments/benchmark/data/abo/masks/B07QJJXBV8.png,/home/rladlems1031/Isajjim-AI/experiments/benchmark/data/abo/meshes/8/B07QJJXBV8.glb,0.4121618991678939,0.6320347394423892,1.0,8.259,13950.2,True,
18,SOFA,/home/rladlems1031/Isajjim-AI/experiments/benchmark/data/abo/images/2b/2b27363c.jpg,/home/rladlems1031/Isajjim-AI/experiments/benchmark/data/abo/masks/B07HPQJHN2.png,/home/rladlems1031/Isajjim-AI/experiments/benchmark/data/abo/meshes/2/B07HPQJHN2.glb,0.4029330832445661,0.4429134010364479,1.0,9.023,13951.6,True,
19,SOFA,/home/rladlems1031/Isajjim-AI/experiments/benchmark/data/abo/images/8a/8affed81.jpg,/home/rladlems1031/Isajjim-AI/experiments/benchmark/data/abo/masks/B082VLRCBX.png,/home/rladlems1031/Isajjim-AI/experiments/benchmark/data/abo/meshes/X/B082VLRCBX.glb,0.5621843537996359,0.7412538402466724,1.0,11.873,14510.8,True,
20,SOFA,/home/rladlems1031/Isajjim-AI/experiments/benchmark/data/abo/images/51/51a565be.jpg,/home/rladlems1031/Isajjim-AI/experiments/benchmark/data/abo/masks/B07P5LMFPN.png,/home/rladlems1031/Isajjim-AI/experiments/benchmark/data/abo/meshes/N/B07P5LMFPN.glb,0.6172579806685256,0.676713187507616,1.0,11.953,15878.3,True,
21,SOFA,/home/rladlems1031/Isajjim-AI/experiments/benchmark/data/abo/images/5b/5b409a1e.jpg,/home/rladlems1031/Isajjim-AI/experiments/benchmark/data/abo/masks/B07BW8Q16K.png,/home/rladlems1031/Isajjim-AI/experiments/benchmark/data/abo/meshes/K/B07BW8Q16K.glb,0.2638884646511653,0.720945309022693,1.0,9.958,14250.0,True,
22,CHAIR_STOOL,/home/rladlems1031/Isajjim-AI/experiments/benchmark/data/abo/images/01/01fb175e.jpg,/home/rladlems1031/Isajjim-AI/experiments/benchmark/data/abo/masks/B075X4N3QJ.png,/home/rladlems1031/Isajjim-AI/experiments/benchmark/data/abo/meshes/J/B075X4N3QJ.glb,0.7324469113335466,0.736174571963801,1.0,15.27,17097.6,True,
23,CHAIR_STOOL,/home/rladlems1031/Isajjim-AI/experiments/benchmark/data/abo/images/84/84a4b148.jpg,/home/rladlems1031/Isajjim-AI/experiments/benchmark/data/abo/masks/B07QC85YBY.png,/home/rladlems1031/Isajjim-AI/experiments/benchmark/data/abo/meshes/Y/B07QC85YBY.glb,0.5755079491453984,0.6059895848297736,1.0,8.98,13981.9,True,
24,DRAWER,/home/rladlems1031/Isajjim-AI/experiments/benchmark/data/abo/images/df/dfd0e3cd.jpg,/home/rladlems1031/Isajjim-AI/experiments/benchmark/data/abo/masks/B01LYEG73K.png,/home/rladlems1031/Isajjim-AI/experiments/benchmark/data/abo/meshes/K/B01LYEG73K.glb,0.3173359824801687,0.5188336490029644,1.0,10.182,14810.7,True,
25,SOFA,/home/rladlems1031/Isajjim-AI/experiments/benchmark/data/abo/images/d6/d6c9a4af.jpg,/home/rladlems1031/Isajjim-AI/experiments/benchmark/data/abo/masks/B07R4TY73P.png,/home/rladlems1031/Isajjim-AI/experiments/benchmark/data/abo/meshes/P/B07R4TY73P.glb,0.37684446925502074,0.5259376945631071,1.0,8.511,13955.6,True,
26,SOFA,/home/rladlems1031/Isajjim-AI/experiments/benchmark/data/abo/images/22/22e33939.jpg,/home/rladlems1031/Isajjim-AI/experiments/benchmark/data/abo/masks/B075X4VQQ7.png,/home/rladlems1031/Isajjim-AI/experiments/benchmark/data/abo/meshes/7/B075X4VQQ7.glb,0.3836670562902295,0.4239390061898097,1.0,9.339,13981.9,True,
27,CHAIR_STOOL,/home/rladlems1031/Isajjim-AI/experiments/benchmark/data/abo/images/2c/2cfd0581.jpg,/home/rladlems1031/Isajjim-AI/experiments/benchmark/data/abo/masks/B0856G51ZG.png,/home/rladlems1031/Isajjim-AI/experiments/benchmark/data/abo/meshes/G/B0856G51ZG.glb,0.5062910469754688,0.7232296726996467,1.0,8.235,13933.7,True,
28,DISPLAY_SHELF,/home/rladlems1031/Isajjim-AI/experiments/benchmark/data/abo/images/de/de5c3467.jpg,/home/rladlems1031/Isajjim-AI/experiments/benchmark/data/abo/masks/B07HSMYNYJ.png,/home/rladlems1031/Isajjim-AI/experiments/benchmark/data/abo/meshes/J/B07HSMYNYJ.glb,0.22868051231445322,0.42709277401304974,1.0,8.993,13981.9,True,
29,CHAIR_STOOL,/home/rladlems1031/Isajjim-AI/experiments/benchmark/data/abo/images/dd/dd24653f.jpg,/home/rladlems1031/Isajjim-AI/experiments/benchmark/data/abo/masks/B07B78LXYF.png,/home/rladlems1031/Isajjim-AI/experiments/benchmark/data/abo/meshes/F/B07B78LXYF.glb,0.4693362192434325,0.6080341269715237,1.0,8.888,13981.9,True,
30,SOFA,/home/rladlems1031/Isajjim-AI/experiments/benchmark/data/abo/images/4d/4d3b92d5.jpg,/home/rladlems1031/Isajjim-AI/experiments/benchmark/data/abo/masks/B07QHYD94M.png,/home/rladlems1031/Isajjim-AI/experiments/benchmark/data/abo/meshes/M/B07QHYD94M.glb,0.4600868316840568,0.520239841846287,1.0,9.851,14276.5,True,
31,SOFA,/home/rladlems1031/Isajjim-AI/experiments/benchmark/data/abo/images/cf/cfc32ba4.jpg,/home/rladlems1031/Isajjim-AI/experiments/benchmark/data/abo/masks/B07PBZVP19.png,/home/rladlems1031/Isajjim-AI/experiments/benchmark/data/abo/meshes/9/B07PBZVP19.glb,0.40195636079482755,0.46026201733152294,1.0,9.279,13939.3,True,
32,SOFA,/home/rladlems1031/Isajjim-AI/experiments/benchmark/data/abo/images/40/403f313a.jpg,/home/rladlems1031/Isajjim-AI/experiments/benchmark/data/abo/masks/B07J2YWSF3.png,/home/rladlems1031/Isajjim-AI/experiments/benchmark/data/abo/meshes/3/B07J2YWSF3.glb,0.5439450178678962,0.7280171878092395,1.0,12.675,15863.7,True,
33,BED,/home/rladlems1031/Isajjim-AI/experiments/benchmark/data/abo/images/9b/9be85353.jpg,/home/rladlems1031/Isajjim-AI/experiments/benchmark/data/abo/masks/B07R7XFD22.png,/home/rladlems1031/Isajjim-AI/experiments/benchmark/data/abo/meshes/2/B07R7XFD22.glb,0.2461525658429617,0.8918011504781096,1.0,8.56,13981.9,True,
34,DESK,/home/rladlems1031/Isajjim-AI/experiments/benchmark/data/abo/images/4a/4a5dd715.jpg,/home/rladlems1031/Isajjim-AI/experiments/benchmark/data/abo/masks/B07QC84LTR.png,/home/rladlems1031/Isajjim-AI/experiments/benchmark/data/abo/meshes/R/B07QC84LTR.glb,0.43489298178272107,0.6157099529059687,1.0,8.944,13959.6,True,
35,CHAIR_STOOL,/home/rladlems1031/Isajjim-AI/experiments/benchmark/data/abo/images/bb/bba6e05f.jpg,/home/rladlems1031/Isajjim-AI/experiments/benchmark/data/abo/masks/B07M7MMPWY.png,/home/rladlems1031/Isajjim-AI/experiments/benchmark/data/abo/meshes/Y/B07M7MMPWY.glb,0.5257456814865765,0.5537924246665089,1.0,9.8,13981.9,True,
36,CHAIR_STOOL,/home/rladlems1031/Isajjim-AI/experiments/benchmark/data/abo/images/5f/5f2fe41c.jpg,/home/rladlems1031/Isajjim-AI/experiments/benchmark/data/abo/masks/B0723H8D37.png,/home/rladlems1031/Isajjim-AI/experiments/benchmark/data/abo/meshes/7/B0723H8D37.glb,0.6053999832898804,0.6120820757010449,1.0,14.283,16870.1,True,
37,DESK,/home/rladlems1031/Isajjim-AI/experiments/benchmark/data/abo/images/bb/bb709b64.jpg,/home/rladlems1031/Isajjim-AI/experiments/benchmark/data/abo/masks/B07JXXR83F.png,/home/rladlems1031/Isajjim-AI/experiments/benchmark/data/abo/meshes/F/B07JXXR83F.glb,0.3794118283083502,0.6308201756106282,1.0,8.932,13953.0,True,
38,BED,/home/rladlems1031/Isajjim-AI/experiments/benchmark/data/abo/images/b6/b6da0eb0.jpg,/home/rladlems1031/Isajjim-AI/experiments/benchmark/data/abo/masks/B073WR5DGC.png,/home/rladlems1031/Isajjim-AI/experiments/benchmark/data/abo/meshes/C/B073WR5DGC.glb,0.3681882379185945,0.9821367530322717,1.0,10.264,14351.5,True,
39,CHAIR_STOOL,/home/rladlems1031/Isajjim-AI/experiments/benchmark/data/abo/images/a7/a73ca58a.jpg,/home/rladlems1031/Isajjim-AI/experiments/benchmark/data/abo/masks/B073GBFBR9.png,/home/rladlems1031/Isajjim-AI/experiments/benchmark/data/abo/meshes/9/B073GBFBR9.glb,0.653456181988728,0.7480501169131171,1.0,14.476,16938.3,True,
40,SOFA,/home/rladlems1031/Isajjim-AI/experiments/benchmark/data/abo/images/f1/f1328fec.jpg,/home/rladlems1031/Isajjim-AI/experiments/benchmark/data/abo/masks/B07G2FP9YJ.png,/home/rladlems1031/Isajjim-AI/experiments/benchmark/data/abo/meshes/J/B07G2FP9YJ.glb,0.4495468392994251,0.5173985459966429,1.0,9.739,14292.5,True,
41,SOFA,/home/rladlems1031/Isajjim-AI/experiments/benchmark/data/abo/images/cd/cd7d97d0.jpg,/home/rladlems1031/Isajjim-AI/experiments/benchmark/data/abo/masks/B07BWMQQ4D.png,/home/rladlems1031/Isajjim-AI/experiments/benchmark/data/abo/meshes/D/B07BWMQQ4D.glb,0.28337623633007053,0.6762545991849919,1.0,9.655,14042.0,True,
42,SOFA,/home/rladlems1031/Isajjim-AI/experiments/benchmark/data/abo/images/b6/b672b084.jpg,/home/rladlems1031/Isajjim-AI/experiments/benchmark/data/abo/masks/B07QCMB9HN.png,/home/rladlems1031/Isajjim-AI/experiments/benchmark/data/abo/meshes/N/B07QCMB9HN.glb,0.5006217009630884,0.652660171684055,1.0,11.922,15693.8,True,
43,BED,/home/rladlems1031/Isajjim-AI/experiments/benchmark/data/abo/images/6b/6ba45adb.jpg,/home/rladlems1031/Isajjim-AI/experiments/benchmark/data/abo/masks/B07B4W2H78.png,/home/rladlems1031/Isajjim-AI/experiments/benchmark/data/abo/meshes/8/B07B4W2H78.glb,0.5771541010616781,0.8356176084968134,1.0,11.031,14802.2,True,
44,BED,/home/rladlems1031/Isajjim-AI/experiments/benchmark/data/abo/images/37/37f3c993.jpg,/home/rladlems1031/Isajjim-AI/experiments/benchmark/data/abo/masks/B07B4YNHSN.png,/home/rladlems1031/Isajjim-AI/experiments/benchmark/data/abo/meshes/N/B07B4YNHSN.glb,0.6071000520753094,0.686221919589045,1.0,11.09,14942.4,True,
45,CHAIR_STOOL,/home/rladlems1031/Isajjim-AI/experiments/benchmark/data/abo/images/bd/bd4d5886.jpg,/home/rladlems1031/Isajjim-AI/experiments/benchmark/data/abo/masks/B075YP3BFP.png,/home/rladlems1031/Isajjim-AI/experiments/benchmark/data/abo/meshes/P/B075YP3BFP.glb,0.4795845366609653,0.6218200232757763,1.0,9.001,13947.6,True,
46,CHAIR_STOOL,/home/rladlems1031/Isajjim-AI/experiments/benchmark/data/abo/images/94/94f1e103.jpg,/home/rladlems1031/Isajjim-AI/experiments/benchmark/data/abo/masks/B07B4MDG86.png,/home/rladlems1031/Isajjim-AI/experiments/benchmark/data/abo/meshes/6/B07B4MDG86.glb,0.4876733205037803,0.668614546518921,1.0,10.228,14303.4,True,
47,SOFA,/home/rladlems1031/Isajjim-AI/experiments/benchmark/data/abo/images/e7/e7a2266c.jpg,/home/rladlems1031/Isajjim-AI/experiments/benchmark/data/abo/masks/B07PBZVP6Z.png,/home/rladlems1031/Isajjim-AI/experiments/benchmark/data/abo/meshes/Z/B07PBZVP6Z.glb,0.5152659647510112,0.5805601835202904,1.0,11.533,15145.3,True,
48,SOFA,/home/rladlems1031/Isajjim-AI/experiments/benchmark/data/abo/images/c1/c1c53294.jpg,/home/rladlems1031/Isajjim-AI/experiments/benchmark/data/abo/masks/B07BWM2CTH.png,/home/rladlems1031/Isajjim-AI/experiments/benchmark/data/abo/meshes/H/B07BWM2CTH.glb,0.387411059234544,0.6853556052519356,1.0,10.031,14419.2,True,
49,SOFA,/home/rladlems1031/Isajjim-AI/experiments/benchmark/data/abo/images/c1/c133d8ca.jpg,/home/rladlems1031/Isajjim-AI/experiments/benchmark/data/abo/masks/B07BW8PYZ9.png,/home/rladlems1031/Isajjim-AI/experiments/benchmark/data/abo/meshes/9/B07BW8PYZ9.glb,0.27679375241627596,0.6861980051636462,1.0,9.655,14062.6,True,
50,SOFA,/home/rladlems1031/Isajjim-AI/experiments/benchmark/data/abo/images/5a/5a75ad91.jpg,/home/rladlems1031/Isajjim-AI/experiments/benchmark/data/abo/masks/B07PC11RS2.png,/home/rladlems1031/Isajjim-AI/experiments/benchmark/data/abo/meshes/2/B07PC11RS2.glb,0.49330508710438004,0.5886551285558826,1.0,10.309,14658.8,True,
51,CHAIR_STOOL,/home/rladlems1031/Isajjim-AI/experiments/benchmark/data/abo/images/40/405d431b.jpg,/home/rladlems1031/Isajjim-AI/experiments/benchmark/data/abo/masks/B07DBGHY3F.png,/home/rladlems1031/Isajjim-AI/experiments/benchmark/data/abo/meshes/F/B07DBGHY3F.glb,0.7169200770443056,0.764510392263517,1.0,16.586,18440.7,True,
52,DESK,/home/rladlems1031/Isajjim-AI/experiments/benchmark/data/abo/images/11/110a06c7.jpg,/home/rladlems1031/Isajjim-AI/experiments/benchmark/data/abo/masks/B07R1JT4JL.png,/home/rladlems1031/Isajjim-AI/experiments/benchmark/data/abo/meshes/L/B07R1JT4JL.glb,0.3926733733508868,0.6368381924053597,1.0,8.3,13950.2,True,
53,CHAIR_STOOL,/home/rladlems1031/Isajjim-AI/experiments/benchmark/data/abo/images/e4/e41ecbc4.jpg,/home/rladlems1031/Isajjim-AI/experiments/benchmark/data/abo/masks/B07B4CZRMJ.png,/home/rladlems1031/Isajjim-AI/experiments/benchmark/data/abo/meshes/J/B07B4CZRMJ.glb,0.6190248644539041,0.7590358391476948,1.0,14.517,15616.1,True,
54,DRAWER,/home/rladlems1031/Isajjim-AI/experiments/benchmark/data/abo/images/e0/e045423c.jpg,/home/rladlems1031/Isajjim-AI/experiments/benchmark/data/abo/masks/B07JWPM3HD.png,/home/rladlems1031/Isajjim-AI/experiments/benchmark/data/abo/meshes/D/B07JWPM3HD.glb,0.5398121167877705,0.7688389389804311,1.0,14.953,17514.5,True,
55,CHAIR_STOOL,/home/rladlems1031/Isajjim-AI/experiments/benchmark/data/abo/images/a0/a0dae437.jpg,/home/rladlems1031/Isajjim-AI/experiments/benchmark/data/abo/masks/B07P5LN1YJ.png,/home/rladlems1031/Isajjim-AI/experiments/benchmark/data/abo/meshes/J/B07P5LN1YJ.glb,0.8202825060008097,0.8815802832945764,1.0,8.774,13969.0,True,
56,SOFA,/home/rladlems1031/Isajjim-AI/experiments/benchmark/data/abo/images/e7/e761e813.jpg,/home/rladlems1031/Isajjim-AI/experiments/benchmark/data/abo/masks/B07HZ8J1VF.png,/home/rladlems1031/Isajjim-AI/experiments/benchmark/data/abo/meshes/F/B07HZ8J1VF.glb,0.47254798504463386,0.5753928541893572,1.0,10.508,14674.4,True,
57,CHAIR_STOOL,/home/rladlems1031/Isajjim-AI/experiments/benchmark/data/abo/images/70/708c9a57.jpg,/home/rladlems1031/Isajjim-AI/experiments/benchmark/data/abo/masks/B07DB92L77.png,/home/rladlems1031/Isajjim-AI/experiments/benchmark/data/abo/meshes/7/B07DB92L77.glb,0.8042748201780896,0.8510451727138242,1.0,14.947,17533.2,True,
58,SOFA,/home/rladlems1031/Isajjim-AI/experiments/benchmark/data/abo/images/c6/c6e302bc.jpg,/home/rladlems1031/Isajjim-AI/experiments/benchmark/data/abo/masks/B07R3T74LN.png,/home/rladlems1031/Isajjim-AI/experiments/benchmark/data/abo/meshes/N/B07R3T74LN.glb,0.36051627032645767,0.5139447496697215,1.0,8.674,13941.7,True,
59,DISPLAY_SHELF,/home/rladlems1031/Isajjim-AI/experiments/benchmark/data/abo/images/3a/3a68d0a5.jpg,/home/rladlems1031/Isajjim-AI/experiments/benchmark/data/abo/masks/B07QTKCH2J.png,/home/rladlems1031/Isajjim-AI/experiments/benchmark/data/abo/meshes/J/B07QTKCH2J.glb,0.21093361153535578,0.24316083515086356,1.0,8.457,13959.3,True,
60,CHAIR_STOOL,/home/rladlems1031/Isajjim-AI/experiments/benchmark/data/abo/images/20/20bfda94.jpg,/home/rladlems1031/Isajjim-AI/experiments/benchmark/data/abo/masks/B07TF7Y3C1.png,/home/rladlems1031/Isajjim-AI/experiments/benchmark/data/abo/meshes/1/B07TF7Y3C1.glb,0.5204623037454889,0.6283372960998244,1.0,8.849,13955.6,True,
61,CHAIR_STOOL,/home/rladlems1031/Isajjim-AI/experiments/benchmark/data/abo/images/89/89655857.jpg,/home/rladlems1031/Isajjim-AI/experiments/benchmark/data/abo/masks/B07QJ1WXCM.png,/home/rladlems1031/Isajjim-AI/experiments/benchmark/data/abo/meshes/M/B07QJ1WXCM.glb,0.5336450162782326,0.6488772376905757,1.0,9.52,14063.7,True,
62,CHAIR_STOOL,/home/rladlems1031/Isajjim-AI/experiments/benchmark/data/abo/images/05/05711261.jpg,/home/rladlems1031/Isajjim-AI/experiments/benchmark/data/abo/masks/B0853VY3JP.png,/home/rladlems1031/Isajjim-AI/experiments/benchmark/data/abo/meshes/P/B0853VY3JP.glb,0.7780773889315865,0.8266364390099847,1.0,8.893,13980.3,True,
63,CHAIR_STOOL,/home/rladlems1031/Isajjim-AI/experiments/benchmark/data/abo/images/bf/bfcf996e.jpg,/home/rladlems1031/Isajjim-AI/experiments/benchmark/data/abo/masks/B082VLR43G.png,/home/rladlems1031/Isajjim-AI/experiments/benchmark/data/abo/meshes/G/B082VLR43G.glb,0.6559367416532758,0.86358397744104,1.0,17.754,18942.4,True,
64,SOFA,/home/rladlems1031/Isajjim-AI/experiments/benchmark/data/abo/images/87/8787c510.jpg,/home/rladlems1031/Isajjim-AI/experiments/benchmark/data/abo/masks/B07DBGQD5B.png,/home/rladlems1031/Isajjim-AI/experiments/benchmark/data/abo/meshes/B/B07DBGQD5B.glb,0.6008541513343849,0.9398409944180834,1.0,11.358,15162.6,True,
65,SOFA,/home/rladlems1031/Isajjim-AI/experiments/benchmark/data/abo/images/76/760d1e2c.jpg,/home/rladlems1031/Isajjim-AI/experiments/benchmark/data/abo/masks/B07BKKF8NW.png,/home/rladlems1031/Isajjim-AI/experiments/benchmark/data/abo/meshes/W/B07BKKF8NW.glb,0.3873757850088254,0.4474492383527402,1.0,9.561,14057.7,True,
66,DESK,/home/rladlems1031/Isajjim-AI/experiments/benchmark/data/abo/images/e5/e5e2bf5b.jpg,/home/rladlems1031/Isajjim-AI/experiments/benchmark/data/abo/masks/B075ZBVZST.png,/home/rladlems1031/Isajjim-AI/experiments/benchmark/data/abo/meshes/T/B075ZBVZST.glb,0.5131421091241544,0.7175326016999942,1.0,8.657,13981.9,True,
67,CHAIR_STOOL,/home/rladlems1031/Isajjim-AI/experiments/benchmark/data/abo/images/4c/4c74dfff.jpg,/home/rladlems1031/Isajjim-AI/experiments/benchmark/data/abo/masks/B01D7P5QKS.png,/home/rladlems1031/Isajjim-AI/experiments/benchmark/data/abo/meshes/S/B01D7P5QKS.glb,0.49875605881351176,0.5031440534060954,1.0,8.193,13934.2,True,
68,CHAIR_STOOL,/home/rladlems1031/Isajjim-AI/experiments/benchmark/data/abo/images/8a/8a37b2c1.jpg,/home/rladlems1031/Isajjim-AI/experiments/benchmark/data/abo/masks/B07F4PXFWZ.png,/home/rladlems1031/Isajjim-AI/experiments/benchmark/data/abo/meshes/Z/B07F4PXFWZ.glb,0.5990406262088569,0.7024469803179259,1.0,11.319,15174.0,True,
69,CHAIR_STOOL,/home/rladlems1031/Isajjim-AI/experiments/benchmark/data/abo/images/66/662b8323.jpg,/home/rladlems1031/Isajjim-AI/experiments/benchmark/data/abo/masks/B07JKQBXKP.png,/home/rladlems1031/Isajjim-AI/experiments/benchmark/data/abo/meshes/P/B07JKQBXKP.glb,0.45076621250358717,0.5768178607284927,1.0,8.338,13926.2,True,
70,BED,/home/rladlems1031/Isajjim-AI/experiments/benchmark/data/abo/images/92/922775a7.jpg,/home/rladlems1031/Isajjim-AI/experiments/benchmark/data/abo/masks/B07B4Z7XVD.png,/home/rladlems1031/Isajjim-AI/experiments/benchmark/data/abo/meshes/D/B07B4Z7XVD.glb,0.6117545316655492,0.7106152922041503,1.0,11.281,15164.2,True,
71,CHAIR_STOOL,/home/rladlems1031/Isajjim-AI/experiments/benchmark/data/abo/images/5d/5dd5e343.jpg,/home/rladlems1031/Isajjim-AI/experiments/benchmark/data/abo/masks/B07B4MR6YG.png,/home/rladlems1031/Isajjim-AI/experiments/benchmark/data/abo/meshes/G/B07B4MR6YG.glb,0.6088942703130886,0.6589502366447887,1.0,11.188,15110.2,True,
72,DESK,/home/rladlems1031/Isajjim-AI/experiments/benchmark/data/abo/images/cc/cc3664a2.jpg,/home/rladlems1031/Isajjim-AI/experiments/benchmark/data/abo/masks/B079HXWXXD.png,/home/rladlems1031/Isajjim-AI/experiments/benchmark/data/abo/meshes/D/B079HXWXXD.glb,0.143400370066385,0.32992577467755546,1.0,8.457,13961.6,True,
73,CHAIR_STOOL,/home/rladlems1031/Isajjim-AI/experiments/benchmark/data/abo/images/af/afb9a7dc.jpg,/home/rladlems1031/Isajjim-AI/experiments/benchmark/data/abo/masks/B07JQTGKS7.png,/home/rladlems1031/Isajjim-AI/experiments/benchmark/data/abo/meshes/7/B07JQTGKS7.glb,0.6451498316145443,0.7508851492295476,1.0,16.545,18467.0,True,
74,CHAIR_STOOL,/home/rladlems1031/Isajjim-AI/experiments/benchmark/data/abo/images/f8/f814a26e.jpg,/home/rladlems1031/Isajjim-AI/experiments/benchmark/data/abo/masks/B07HSJSH2Q.png,/home/rladlems1031/Isajjim-AI/experiments/benchmark/data/abo/meshes/Q/B07HSJSH2Q.glb,0.5117673773445278,0.7016936270019775,1.0,9.035,13951.6,True,
75,CHAIR_STOOL,/home/rladlems1031/Isajjim-AI/experiments/benchmark/data/abo/images/d5/d59c5cc8.jpg,/home/rladlems1031/Isajjim-AI/experiments/benchmark/data/abo/masks/B07Q44L76B.png,/home/rladlems1031/Isajjim-AI/experiments/benchmark/data/abo/meshes/B/B07Q44L76B.glb,0.519922754478558,0.5540101754548973,1.0,8.477,13948.0,True,
76,BED,/home/rladlems1031/Isajjim-AI/experiments/benchmark/data/abo/images/f3/f33f195d.jpg,/home/rladlems1031/Isajjim-AI/experiments/benchmark/data/abo/masks/B07B4SC3LS.png,/home/rladlems1031/Isajjim-AI/experiments/benchmark/data/abo/meshes/S/B07B4SC3LS.glb,0.612146631546133,0.7112768295780176,1.0,11.114,14849.4,True,
77,SOFA,/home/rladlems1031/Isajjim-AI/experiments/benchmark/data/abo/images/e5/e5fde8ba.jpg,/home/rladlems1031/Isajjim-AI/experiments/benchmark/data/abo/masks/B07HZ782FC.png,/home/rladlems1031/Isajjim-AI/experiments/benchmark/data/abo/meshes/C/B07HZ782FC.glb,0.4549501845630896,0.57585044464053,1.0,9.579,14167.3,True,
78,DISPLAY_SHELF,/home/rladlems1031/Isajjim-AI/experiments/benchmark/data/abo/images/50/50f364cf.jpg,/home/rladlems1031/Isajjim-AI/experiments/benchmark/data/abo/masks/B07B7J2VCD.png,/home/rladlems1031/Isajjim-AI/experiments/benchmark/data/abo/meshes/D/B07B7J2VCD.glb,0.2703753054040673,0.45111883975773487,1.0,9.148,13981.9,True,
79,SOFA,/home/rladlems1031/Isajjim-AI/experiments/benchmark/data/abo/images/a1/a191f1e1.jpg,/home/rladlems1031/Isajjim-AI/experiments/benchmark/data/abo/masks/B071FMSMD4.png,/home/rladlems1031/Isajjim-AI/experiments/benchmark/data/abo/meshes/4/B071FMSMD4.glb,0.35786843177081484,0.7092611413301174,1.0,11.21,15198.2,True,
80,SOFA,/home/rladlems1031/Isajjim-AI/experiments/benchmark/data/abo/images/32/32c92087.jpg,/home/rladlems1031/Isajjim-AI/experiments/benchmark/data/abo/masks/B07BW8PWHT.png,/home/rladlems1031/Isajjim-AI/experiments/benchmark/data/abo/meshes/T/B07BW8PWHT.glb,0.4325760782708007,0.47158406303351547,1.0,9.109,13937.6,True,
81,SOFA,/home/rladlems1031/Isajjim-AI/experiments/benchmark/data/abo/images/40/40752813.jpg,/home/rladlems1031/Isajjim-AI/experiments/benchmark/data/abo/masks/B0723H8NLD.png,/home/rladlems1031/Isajjim-AI/experiments/benchmark/data/abo/meshes/D/B0723H8NLD.glb,0.6415833409958815,0.686699229488682,1.0,11.887,15604.3,True,
82,CABINET,/home/rladlems1031/Isajjim-AI/experiments/benchmark/data/abo/images/fa/fa66c66f.jpg,/home/rladlems1031/Isajjim-AI/experiments/benchmark/data/abo/masks/B07LC9HXSF.png,/home/rladlems1031/Isajjim-AI/experiments/benchmark/data/abo/meshes/F/B07LC9HXSF.glb,0.549379284077118,0.8287584740279115,1.0,10.599,14542.3,True,
83,DESK,/home/rladlems1031/Isajjim-AI/experiments/benchmark/data/abo/images/99/99e26d01.jpg,/home/rladlems1031/Isajjim-AI/experiments/benchmark/data/abo/masks/B07GF5DCK2.png,/home/rladlems1031/Isajjim-AI/experiments/benchmark/data/abo/meshes/2/B07GF5DCK2.glb,0.3536176004080358,0.6345806744976936,1.0,8.109,13916.6,True,
84,CHAIR_STOOL,/home/rladlems1031/Isajjim-AI/experiments/benchmark/data/abo/images/54/540f2b9c.jpg,/home/rladlems1031/Isajjim-AI/experiments/benchmark/data/abo/masks/B07QCQ1H1V.png,/home/rladlems1031/Isajjim-AI/experiments/benchmark/data/abo/meshes/V/B07QCQ1H1V.glb,0.4670380174214686,0.6357846751649825,1.0,9.046,13963.6,True,
85,DESK,/home/rladlems1031/Isajjim-AI/experiments/benchmark/data/abo/images/de/dee78d86.jpg,/home/rladlems1031/Isajjim-AI/experiments/benchmark/data/abo/masks/B07K6N5FVX.png,/home/rladlems1031/Isajjim-AI/experiments/benchmark/data/abo/meshes/X/B07K6N5FVX.glb,0.4577679609702751,0.7810827031456082,1.0,9.852,14536.5,True,
86,CHAIR_STOOL,/home/rladlems1031/Isajjim-AI/experiments/benchmark/data/abo/images/ff/fff35f66.jpg,/home/rladlems1031/Isajjim-AI/experiments/benchmark/data/abo/masks/B07GNF6Q9L.png,/home/rladlems1031/Isajjim-AI/experiments/benchmark/data/abo/meshes/L/B07GNF6Q9L.glb,0.4354516303584361,0.5036949720590279,1.0,8.478,13981.9,True,
87,CHAIR_STOOL,/home/rladlems1031/Isajjim-AI/experiments/benchmark/data/abo/images/ff/ff0e8967.jpg,/home/rladlems1031/Isajjim-AI/experiments/benchmark/data/abo/masks/B071J7Q39G.png,/home/rladlems1031/Isajjim-AI/experiments/benchmark/data/abo/meshes/G/B071J7Q39G.glb,0.8280485031569599,0.9642842707608315,1.0,8.704,13967.3,True,
88,CHAIR_STOOL,/home/rladlems1031/Isajjim-AI/experiments/benchmark/data/abo/images/21/21617a97.jpg,/home/rladlems1031/Isajjim-AI/experiments/benchmark/data/abo/masks/B07HSBRXD4.png,/home/rladlems1031/Isajjim-AI/experiments/benchmark/data/abo/meshes/4/B07HSBRXD4.glb,0.5121082586073322,0.5776924853212838,1.0,9.107,13981.9,True,
89,CHAIR_STOOL,/home/rladlems1031/Isajjim-AI/experiments/benchmark/data/abo/images/45/45573415.jpg,/home/rladlems1031/Isajjim-AI/experiments/benchmark/data/abo/masks/B075YN3HN9.png,/home/rladlems1031/Isajjim-AI/experiments/benchmark/data/abo/meshes/9/B075YN3HN9.glb,0.5562767543158854,0.6541653892569358,1.0,8.402,13961.6,True,
90,CHAIR_STOOL,/home/rladlems1031/Isajjim-AI/experiments/benchmark/data/abo/images/0e/0e3c207a.jpg,/home/rladlems1031/Isajjim-AI/experiments/benchmark/data/abo/masks/B07QBMQ75T.png,/home/rladlems1031/Isajjim-AI/experiments/benchmark/data/abo/meshes/T/B07QBMQ75T.glb,0.5952267225553035,0.6649314558082473,1.0,14.25,15335.4,True,
91,SOFA,/home/rladlems1031/Isajjim-AI/experiments/benchmark/data/abo/images/f7/f79fd80e.jpg,/home/rladlems1031/Isajjim-AI/experiments/benchmark/data/abo/masks/B07P6JVMJL.png,/home/rladlems1031/Isajjim-AI/experiments/benchmark/data/abo/meshes/L/B07P6JVMJL.glb,0.5868823888282884,0.689545542559766,1.0,11.487,15404.7,True,
93,SOFA,/home/rladlems1031/Isajjim-AI/experiments/benchmark/data/abo/images/1e/1eec2415.jpg,/home/rladlems1031/Isajjim-AI/experiments/benchmark/data/abo/masks/B07HZ5XRNC.png,/home/rladlems1031/Isajjim-AI/experiments/benchmark/data/abo/meshes/C/B07HZ5XRNC.glb,0.40498120362192463,0.45764142619654335,1.0,9.592,13981.9,True,
94,CHAIR_STOOL,/home/rladlems1031/Isajjim-AI/experiments/benchmark/data/abo/images/75/75d23843.jpg,/home/rladlems1031/Isajjim-AI/experiments/benchmark/data/abo/masks/B07TN1PGY3.png,/home/rladlems1031/Isajjim-AI/experiments/benchmark/data/abo/meshes/3/B07TN1PGY3.glb,0.5063676405818706,0.5555803436338578,1.0,8.682,13944.1,True,
95,CHAIR_STOOL,/home/rladlems1031/Isajjim-AI/experiments/benchmark/data/abo/images/3e/3eb6ad74.jpg,/home/rladlems1031/Isajjim-AI/experiments/benchmark/data/abo/masks/B084W368LX.png,/home/rladlems1031/Isajjim-AI/experiments/benchmark/data/abo/meshes/X/B084W368LX.glb,0.5585756932662762,0.6280493824567966,1.0,9.198,13981.9,True,
96,CHAIR_STOOL,/home/rladlems1031/Isajjim-AI/experiments/benchmark/data/abo/images/8a/8aa0e28d.jpg,/home/rladlems1031/Isajjim-AI/experiments/benchmark/data/abo/masks/B07JY2KT4G.png,/home/rladlems1031/Isajjim-AI/experiments/benchmark/data/abo/meshes/G/B07JY2KT4G.glb,0.7237451288719479,0.7560630509990878,1.0,14.747,17452.7,True,
97,DESK,/home/rladlems1031/Isajjim-AI/experiments/benchmark/data/abo/images/b7/b7e6ad31.jpg,/home/rladlems1031/Isajjim-AI/experiments/benchmark/data/abo/masks/B07TP5MKP3.png,/home/rladlems1031/Isajjim-AI/experiments/benchmark/data/abo/meshes/3/B07TP5MKP3.glb,0.438762215884823,0.5217571203853779,1.0,8.582,13951.6,True,
98,SOFA,/home/rladlems1031/Isajjim-AI/experiments/benchmark/data/abo/images/af/aff41e76.jpg,/home/rladlems1031/Isajjim-AI/experiments/benchmark/data/abo/masks/B07SHXMRCC.png,/home/rladlems1031/Isajjim-AI/experiments/benchmark/data/abo/meshes/C/B07SHXMRCC.glb,0.6293297069707241,0.6777214821217573,1.0,13.647,17272.7,True,
99,CHAIR_STOOL,/home/rladlems1031/Isajjim-AI/experiments/benchmark/data/abo/images/d6/d64b548d.jpg,/home/rladlems1031/Isajjim-AI/experiments/benchmark/data/abo/masks/B075X543WV.png,/home/rladlems1031/Isajjim-AI/experiments/benchmark/data/abo/meshes/V/B075X543WV.glb,0.6059809715565956,0.6280405736118744,1.0,12.761,14831.5,True,
100,CHAIR_STOOL,/home/rladlems1031/Isajjim-AI/experiments/benchmark/data/abo/images/d0/d0c67dd4.jpg,/home/rladlems1031/Isajjim-AI/experiments/benchmark/data/abo/masks/B07TPMXMBF.png,/home/rladlems1031/Isajjim-AI/experiments/benchmark/data/abo/meshes/F/B07TPMXMBF.glb,0.6497745648253852,0.7506489603068508,1.0,8.799,13972.7,True,
101,CHAIR_STOOL,/home/rladlems1031/Isajjim-AI/experiments/benchmark/data/abo/images/74/74e3daf5.jpg,/home/rladlems1031/Isajjim-AI/experiments/benchmark/data/abo/masks/B07R3CZMB4.png,/home/rladlems1031/Isajjim-AI/experiments/benchmark/data/abo/meshes/4/B07R3CZMB4.glb,0.5512082404051111,0.8848128217554652,1.0,13.016,16426.3,True,
102,SOFA,/home/rladlems1031/Isajjim-AI/experiments/benchmark/data/abo/images/8e/8e149831.jpg,/home/rladlems1031/Isajjim-AI/experiments/benchmark/data/abo/masks/B07R3CYQ4Q.png,/home/rladlems1031/Isajjim-AI/experiments/benchmark/data/abo/meshes/Q/B07R3CYQ4Q.glb,0.3909697791903777,0.5519475436009523,1.0,8.683,13955.6,True,
103,CHAIR_STOOL,/home/rladlems1031/Isajjim-AI/experiments/benchmark/data/abo/images/86/86b95c59.jpg,/home/rladlems1031/Isajjim-AI/experiments/benchmark/data/abo/masks/B071W5VCVB.png,/home/rladlems1031/Isajjim-AI/experiments/benchmark/data/abo/meshes/B/B071W5VCVB.glb,0.7339879018958814,0.7577311875684078,1.0,13.788,16983.7,True,
104,CABINET,/home/rladlems1031/Isajjim-AI/experiments/benchmark/data/abo/images/f1/f1418017.jpg,/home/rladlems1031/Isajjim-AI/experiments/benchmark/data/abo/masks/B0154WJZH2.png,/home/rladlems1031/Isajjim-AI/experiments/benchmark/data/abo/meshes/2/B0154WJZH2.glb,0.35402097497513685,0.7073957397057108,1.0,12.426,16278.2,True,
105,SOFA,/home/rladlems1031/Isajjim-AI/experiments/benchmark/data/abo/images/9f/9f57894a.jpg,/home/rladlems1031/Isajjim-AI/experiments/benchmark/data/abo/masks/B07P5LP2LQ.png,/home/rladlems1031/Isajjim-AI/experiments/benchmark/data/abo/meshes/Q/B07P5LP2LQ.glb,0.3976732996851208,0.4421957465201832,1.0,9.281,13931.6,True,
106,CHAIR_STOOL,/home/rladlems1031/Isajjim-AI/experiments/benchmark/data/abo/images/c4/c4d1152a.jpg,/home/rladlems1031/Isajjim-AI/experiments/benchmark/data/abo/masks/B07HYYGLZ8.png,/home/rladlems1031/Isajjim-AI/experiments/benchmark/data/abo/meshes/8/B07HYYGLZ8.glb,0.5584711852274522,0.7546557678225928,1.0,12.922,14937.8,True,
107,CHAIR_STOOL,/home/rladlems1031/Isajjim-AI/experiments/benchmark/data/abo/images/89/8919454c.jpg,/home/rladlems1031/Isajjim-AI/experiments/benchmark/data/abo/masks/B07B4MDK2G.png,/home/rladlems1031/Isajjim-AI/experiments/benchmark/data/abo/meshes/G/B07B4MDK2G.glb,0.8756320916738357,0.9348237998025315,1.0,8.969,13981.9,True,
108,SOFA,/home/rladlems1031/Isajjim-AI/experiments/benchmark/data/abo/images/6b/6b415947.jpg,/home/rladlems1031/Isajjim-AI/experiments/benchmark/data/abo/masks/B07P6JWDCR.png,/home/rladlems1031/Isajjim-AI/experiments/benchmark/data/abo/meshes/R/B07P6JWDCR.glb,0.5033437166461677,0.5545873556123012,1.0,9.861,14413.8,True,
109,DRAWER,/home/rladlems1031/Isajjim-AI/experiments/benchmark/data/abo/images/19/1926b3ed.jpg,/home/rladlems1031/Isajjim-AI/experiments/benchmark/data/abo/masks/B079VKDKC1.png,/home/rladlems1031/Isajjim-AI/experiments/benchmark/data/abo/meshes/1/B079VKDKC1.glb,0.7888710020779667,0.8536099205952301,1.0,8.443,13906.6,True,
110,CHAIR_STOOL,/home/rladlems1031/Isajjim-AI/experiments/benchmark/data/abo/images/b7/b79371f7.jpg,/home/rladlems1031/Isajjim-AI/experiments/benchmark/data/abo/masks/B0723H97GH.png,/home/rladlems1031/Isajjim-AI/experiments/benchmark/data/abo/meshes/H/B0723H97GH.glb,0.932635675349795,0.9665566601817381,1.0,20.449,20407.3,True,
111,SOFA,/home/rladlems1031/Isajjim-AI/experiments/benchmark/data/abo/images/b6/b62f4e5b.jpg,/home/rladlems1031/Isajjim-AI/experiments/benchmark/data/abo/masks/B07PC1PDXG.png,/home/rladlems1031/Isajjim-AI/experiments/benchmark/data/abo/meshes/G/B07PC1PDXG.glb,0.4755763891344216,0.5333926863467512,1.0,10.314,14076.4,True,
112,SOFA,/home/rladlems1031/Isajjim-AI/experiments/benchmark/data/abo/images/d9/d96e999a.jpg,/home/rladlems1031/Isajjim-AI/experiments/benchmark/data/abo/masks/B071J7Q3JM.png,/home/rladlems1031/Isajjim-AI/experiments/benchmark/data/abo/meshes/M/B071J7Q3JM.glb,0.4645354128794797,0.49876499281962583,1.0,9.477,14054.5,True,
113,SOFA,/home/rladlems1031/Isajjim-AI/experiments/benchmark/data/abo/images/e6/e69be7ac.jpg,/home/rladlems1031/Isajjim-AI/experiments/benchmark/data/abo/masks/B07VQSWN2F.png,/home/rladlems1031/Isajjim-AI/experiments/benchmark/data/abo/meshes/F/B07VQSWN2F.glb,0.4051601710122209,0.45771891529678604,1.0,9.401,13971.7,True,
114,SOFA,/home/rladlems1031/Isajjim-AI/experiments/benchmark/data/abo/images/56/56ec6cca.jpg,/home/rladlems1031/Isajjim-AI/experiments/benchmark/data/abo/masks/B07B4G47XW.png,/home/rladlems1031/Isajjim-AI/experiments/benchmark/data/abo/meshes/W/B07B4G47XW.glb,0.3192448637508917,0.6768686645408256,1.0,9.433,13975.4,True,
115,CHAIR_STOOL,/home/rladlems1031/Isajjim-AI/experiments/benchmark/data/abo/images/94/94a1f66b.jpg,/home/rladlems1031/Isajjim-AI/experiments/benchmark/data/abo/masks/B07QBMQ75C.png,/home/rladlems1031/Isajjim-AI/experiments/benchmark/data/abo/meshes/C/B07QBMQ75C.glb,0.6692641137182936,0.7019266773086411,1.0,16.081,18473.1,True,
116,SOFA,/home/rladlems1031/Isajjim-AI/experiments/benchmark/data/abo/images/2e/2e2def55.jpg,/home/rladlems1031/Isajjim-AI/experiments/benchmark/data/abo/masks/B07VSV4783.png,/home/rladlems1031/Isajjim-AI/experiments/benchmark/data/abo/meshes/3/B07VSV4783.glb,0.4394602387373348,0.49754277676045455,1.0,9.846,14332.2,True,
117,SOFA,/home/rladlems1031/Isajjim-AI/experiments/benchmark/data/abo/images/3c/3c12a472.jpg,/home/rladlems1031/Isajjim-AI/experiments/benchmark/data/abo/masks/B07HPJ8S3K.png,/home/rladlems1031/Isajjim-AI/experiments/benchmark/data/abo/meshes/K/B07HPJ8S3K.glb,0.43375179905658656,0.521127510495134,1.0,9.461,13961.6,True,
118,CHAIR_STOOL,/home/rladlems1031/Isajjim-AI/experiments/benchmark/data/abo/images/27/27758e1e.jpg,/home/rladlems1031/Isajjim-AI/experiments/benchmark/data/abo/masks/B07JK86YC4.png,/home/rladlems1031/Isajjim-AI/experiments/benchmark/data/abo/meshes/4/B07JK86YC4.glb,0.5761910035052562,0.6738802886967092,1.0,8.734,13925.5,True,
119,CHAIR_STOOL,/home/rladlems1031/Isajjim-AI/experiments/benchmark/data/abo/images/d4/d422b995.jpg,/home/rladlems1031/Isajjim-AI/experiments/benchmark/data/abo/masks/B07DBHJ9YF.png,/home/rladlems1031/Isajjim-AI/experiments/benchmark/data/abo/meshes/F/B07DBHJ9YF.glb,0.6282630559471497,0.6704243317943127,1.0,12.211,15691.0,True,
120,BED,/home/rladlems1031/Isajjim-AI/experiments/benchmark/data/abo/images/f2/f2ca58fb.jpg,/home/rladlems1031/Isajjim-AI/experiments/benchmark/data/abo/masks/B07B4VY12X.png,/home/rladlems1031/Isajjim-AI/experiments/benchmark/data/abo/meshes/X/B07B4VY12X.glb,0.6405175571485624,0.8036355742375928,1.0,13.492,16104.3,True,
121,SOFA,/home/rladlems1031/Isajjim-AI/experiments/benchmark/data/abo/images/98/98be3bd9.jpg,/home/rladlems1031/Isajjim-AI/experiments/benchmark/data/abo/masks/B07K94M78Y.png,/home/rladlems1031/Isajjim-AI/experiments/benchmark/data/abo/meshes/Y/B07K94M78Y.glb,0.3664528493220657,0.4131634179609778,1.0,8.6,13926.1,True,
122,SOFA,/home/rladlems1031/Isajjim-AI/experiments/benchmark/data/abo/images/98/98536de6.jpg,/home/rladlems1031/Isajjim-AI/experiments/benchmark/data/abo/masks/B082VMDG18.png,/home/rladlems1031/Isajjim-AI/experiments/benchmark/data/abo/meshes/8/B082VMDG18.glb,0.4492933442423097,0.44936445168688327,1.0,9.347,13955.6,True,
123,SOFA,/home/rladlems1031/Isajjim-AI/experiments/benchmark/data/abo/images/19/1935be6e.jpg,/home/rladlems1031/Isajjim-AI/experiments/benchmark/data/abo/masks/B07K9JL76J.png,/home/rladlems1031/Isajjim-AI/experiments/benchmark/data/abo/meshes/J/B07K9JL76J.glb,0.454571969628186,0.5344927953161231,1.0,8.965,13926.1,True,
124,CHAIR_STOOL,/home/rladlems1031/Isajjim-AI/experiments/benchmark/data/abo/images/1b/1b322564.jpg,/home/rladlems1031/Isajjim-AI/experiments/benchmark/data/abo/masks/B07PC5G5D3.png,/home/rladlems1031/Isajjim-AI/experiments/benchmark/data/abo/meshes/3/B07PC5G5D3.glb,0.419880056547829,0.5985714176955114,1.0,9.277,13970.7,True,
125,CHAIR_STOOL,/home/rladlems1031/Isajjim-AI/experiments/benchmark/data/abo/images/9f/9f7f6b88.jpg,/home/rladlems1031/Isajjim-AI/experiments/benchmark/data/abo/masks/B07Y5Y1264.png,/home/rladlems1031/Isajjim-AI/experiments/benchmark/data/abo/meshes/4/B07Y5Y1264.glb,0.5701156996665145,0.7054155059692208,1.0,8.265,13933.7,True,
126,CHAIR_STOOL,/home/rladlems1031/Isajjim-AI/experiments/benchmark/data/abo/images/75/751b3b84.jpg,/home/rladlems1031/Isajjim-AI/experiments/benchmark/data/abo/masks/B0856G288H.png,/home/rladlems1031/Isajjim-AI/experiments/benchmark/data/abo/meshes/H/B0856G288H.glb,0.5071429798158495,0.7410563350609367,1.0,8.126,13933.7,True,
127,CHAIR_STOOL,/home/rladlems1031/Isajjim-AI/experiments/benchmark/data/abo/images/70/709526a1.jpg,/home/rladlems1031/Isajjim-AI/experiments/benchmark/data/abo/masks/B07Q3WM673.png,/home/rladlems1031/Isajjim-AI/experiments/benchmark/data/abo/meshes/3/B07Q3WM673.glb,0.6044423796374091,0.6387411952578071,1.0,11.051,14992.9,True,
129,SOFA,/home/rladlems1031/Isajjim-AI/experiments/benchmark/data/abo/images/48/483bc74a.jpg,/home/rladlems1031/Isajjim-AI/experiments/benchmark/data/abo/masks/B07DB95WHM.png,/home/rladlems1031/Isajjim-AI/experiments/benchmark/data/abo/meshes/M/B07DB95WHM.glb,0.4629350088359874,0.5470825904527493,1.0,10.321,14116.7,True,
130,SOFA,/home/rladlems1031/Isajjim-AI/experiments/benchmark/data/abo/images/03/03c9c45a.jpg,/home/rladlems1031/Isajjim-AI/experiments/benchmark/data/abo/masks/B07HZ751KR.png,/home/rladlems1031/Isajjim-AI/experiments/benchmark/data/abo/meshes/R/B07HZ751KR.glb,0.3860919538205079,0.6755818642797902,1.0,10.092,14259.3,True,
131,CABINET,/home/rladlems1031/Isajjim-AI/experiments/benchmark/data/abo/images/83/834f4247.jpg,/home/rladlems1031/Isajjim-AI/experiments/benchmark/data/abo/masks/B07B78G1BW.png,/home/rladlems1031/Isajjim-AI/experiments/benchmark/data/abo/meshes/W/B07B78G1BW.glb,0.3546022423188516,0.5782920198173024,1.0,9.98,14214.4,True,
132,CHAIR_STOOL,/home/rladlems1031/Isajjim-AI/experiments/benchmark/data/abo/images/a6/a66c5c3d.jpg,/home/rladlems1031/Isajjim-AI/experiments/benchmark/data/abo/masks/B0853L3W72.png,/home/rladlems1031/Isajjim-AI/experiments/benchmark/data/abo/meshes/2/B0853L3W72.glb,0.5024355204478176,0.6383334185431673,1.0,8.881,13957.6,True,
133,CHAIR_STOOL,/home/rladlems1031/Isajjim-AI/experiments/benchmark/data/abo/images/42/426c5fd3.jpg,/home/rladlems1031/Isajjim-AI/experiments/benchmark/data/abo/masks/B07CDRN3SB.png,/home/rladlems1031/Isajjim-AI/experiments/benchmark/data/abo/meshes/B/B07CDRN3SB.glb,0.7265262764869677,0.7564249564338864,1.0,13.778,16920.2,True,
134,CHAIR_STOOL,/home/rladlems1031/Isajjim-AI/experiments/benchmark/data/abo/images/68/684d65ae.jpg,/home/rladlems1031/Isajjim-AI/experiments/benchmark/data/abo/masks/B07QPTP9Z7.png,/home/rladlems1031/Isajjim-AI/experiments/benchmark/data/abo/meshes/7/B07QPTP9Z7.glb,0.5608411921514169,0.6052551374077701,1.0,9.244,13981.9,True,
135,CHAIR_STOOL,/home/rladlems1031/Isajjim-AI/experiments/benchmark/data/abo/images/e1/e13de6bc.jpg,/home/rladlems1031/Isajjim-AI/experiments/benchmark/data/abo/masks/B075X5VCPW.png,/home/rladlems1031/Isajjim-AI/experiments/benchmark/data/abo/meshes/W/B075X5VCPW.glb,0.6223958798118934,0.6814906662932224,1.0,13.433,16328.4,True,
136,DRAWER,/home/rladlems1031/Isajjim-AI/experiments/benchmark/data/abo/images/ef/efd91dc0.jpg,/home/rladlems1031/Isajjim-AI/experiments/benchmark/data/abo/masks/B07H8JRYSB.png,/home/rladlems1031/Isajjim-AI/experiments/benchmark/data/abo/meshes/B/B07H8JRYSB.glb,0.49531894771394086,0.8416465853368027,1.0,16.224,17983.9,True,
137,CHAIR_STOOL,/home/rladlems1031/Isajjim-AI/experiments/benchmark/data/abo/images/2a/2acc3604.jpg,/home/rladlems1031/Isajjim-AI/experiments/benchmark/data/abo/masks/B0853VFWYX.png,/home/rladlems1031/Isajjim-AI/experiments/benchmark/data/abo/meshes/X/B0853VFWYX.glb,0.678586763391034,0.6876825515217709,1.0,14.449,17034.0,True,
138,CHAIR_STOOL,/home/rladlems1031/Isajjim-AI/experiments/benchmark/data/abo/images/65/65bf9594.jpg,/home/rladlems1031/Isajjim-AI/experiments/benchmark/data/abo/masks/B07HZ782D9.png,/home/rladlems1031/Isajjim-AI/experiments/benchmark/data/abo/meshes/9/B07HZ782D9.glb,0.67753584569103,0.9951048012798861,1.0,8.852,13981.9,True,
139,DRAWER,/home/rladlems1031/Isajjim-AI/experiments/benchmark/data/abo/images/0e/0e0a67d9.jpg,/home/rladlems1031/Isajjim-AI/experiments/benchmark/data/abo/masks/B075X2PC3L.png,/home/rladlems1031/Isajjim-AI/experiments/benchmark/data/abo/meshes/L/B075X2PC3L.glb,0.38842586567532145,0.6167686843087427,1.0,9.912,14383.3,True,
140,CHAIR_STOOL,/home/rladlems1031/Isajjim-AI/experiments/benchmark/data/abo/images/5a/5ad534e4.jpg,/home/rladlems1031/Isajjim-AI/experiments/benchmark/data/abo/masks/B07B4CXSF3.png,/home/rladlems1031/Isajjim-AI/experiments/benchmark/data/abo/meshes/3/B07B4CXSF3.glb,0.6793452887723109,0.698386334182262,1.0,14.599,15465.2,True,
141,BED,/home/rladlems1031/Isajjim-AI/experiments/benchmark/data/abo/images/6e/6e36618f.jpg,/home/rladlems1031/Isajjim-AI/experiments/benchmark/data/abo/masks/B07SQXH1YJ.png,/home/rladlems1031/Isajjim-AI/experiments/benchmark/data/abo/meshes/J/B07SQXH1YJ.glb,0.6247330329250698,0.8095864400608485,1.0,8.146,13926.2,True,
142,DISPLAY_SHELF,/home/rladlems1031/Isajjim-AI/experiments/benchmark/data/abo/images/ba/bae5c671.jpg,/home/rladlems1031/Isajjim-AI/experiments/benchmark/data/abo/masks/B07HSKW3D6.png,/home/rladlems1031/Isajjim-AI/experiments/benchmark/data/abo/meshes/6/B07HSKW3D6.glb,0.3604719646232161,0.4343283084318109,1.0,9.249,13981.9,True,
143,CHAIR_STOOL,/home/rladlems1031/Isajjim-AI/experiments/benchmark/data/abo/images/5c/5cc0501a.jpg,/home/rladlems1031/Isajjim-AI/experiments/benchmark/data/abo/masks/B085559VGM.png,/home/rladlems1031/Isajjim-AI/experiments/benchmark/data/abo/meshes/M/B085559VGM.glb,0.6450915559270513,0.6547930653936824,1.0,8.646,13955.6,True,
144,SOFA,/home/rladlems1031/Isajjim-AI/experiments/benchmark/data/abo/images/42/42c68866.jpg,/home/rladlems1031/Isajjim-AI/experiments/benchmark/data/abo/masks/B07BWMSQ6Q.png,/home/rladlems1031/Isajjim-AI/experiments/benchmark/data/abo/meshes/Q/B07BWMSQ6Q.glb,0.31430327901148025,0.6674617261793767,1.0,9.574,13998.4,True,
145,CHAIR_STOOL,/home/rladlems1031/Isajjim-AI/experiments/benchmark/data/abo/images/a8/a848db52.jpg,/home/rladlems1031/Isajjim-AI/experiments/benchmark/data/abo/masks/B07B4CZMNQ.png,/home/rladlems1031/Isajjim-AI/experiments/benchmark/data/abo/meshes/Q/B07B4CZMNQ.glb,0.8643882726048203,0.9758506342878892,1.0,16.058,17574.5,True,
146,CHAIR_STOOL,/home/rladlems1031/Isajjim-AI/experiments/benchmark/data/abo/images/c0/c096fa8d.jpg,/home/rladlems1031/Isajjim-AI/experiments/benchmark/data/abo/masks/B07HZ1RYNT.png,/home/rladlems1031/Isajjim-AI/experiments/benchmark/data/abo/meshes/T/B07HZ1RYNT.glb,0.6892554994128108,0.8270558762490322,1.0,12.856,16302.2,True,
147,CHAIR_STOOL,/home/rladlems1031/Isajjim-AI/experiments/benchmark/data/abo/images/9a/9ad2ed7a.jpg,/home/rladlems1031/Isajjim-AI/experiments/benchmark/data/abo/masks/B07B7B6PL8.png,/home/rladlems1031/Isajjim-AI/experiments/benchmark/data/abo/meshes/8/B07B7B6PL8.glb,0.4706232203009601,0.6825862406939213,1.0,9.122,13981.9,True,
148,SOFA,/home/rladlems1031/Isajjim-AI/experiments/benchmark/data/abo/images/e0/e0302e96.jpg,/home/rladlems1031/Isajjim-AI/experiments/benchmark/data/abo/masks/B07HZ6ZCW7.png,/home/rladlems1031/Isajjim-AI/experiments/benchmark/data/abo/meshes/7/B07HZ6ZCW7.glb,0.5364368557088879,0.5406368283659909,1.0,9.449,14284.5,True,
149,CHAIR_STOOL,/home/rladlems1031/Isajjim-AI/experiments/benchmark/data/abo/images/7d/7dddcff5.jpg,/home/rladlems1031/Isajjim-AI/experiments/benchmark/data/abo/masks/B07DBHBCXQ.png,/home/rladlems1031/Isajjim-AI/experiments/benchmark/data/abo/meshes/Q/B07DBHBCXQ.glb,0.6275072782719984,0.6712521370766298,1.0,11.961,14577.4,True,
150,CHAIR_STOOL,/home/rladlems1031/Isajjim-AI/experiments/benchmark/data/abo/images/a1/a1157c2d.jpg,/home/rladlems1031/Isajjim-AI/experiments/benchmark/data/abo/masks/B07QFRSN22.png,/home/rladlems1031/Isajjim-AI/experiments/benchmark/data/abo/meshes/2/B07QFRSN22.glb,0.7058618821431549,0.8041733298150243,1.0,10.95,15105.9,True,
151,CHAIR_STOOL,/home/rladlems1031/Isajjim-AI/experiments/benchmark/data/abo/images/f0/f07e3fb6.jpg,/home/rladlems1031/Isajjim-AI/experiments/benchmark/data/abo/masks/B07QJ23JZG.png,/home/rladlems1031/Isajjim-AI/experiments/benchmark/data/abo/meshes/G/B07QJ23JZG.glb,0.5189386487396304,0.6684810855871992,1.0,9.501,13957.6,True,
152,CHAIR_STOOL,/home/rladlems1031/Isajjim-AI/experiments/benchmark/data/abo/images/6f/6fb47beb.jpg,/home/rladlems1031/Isajjim-AI/experiments/benchmark/data/abo/masks/B07HZ5P7P9.png,/home/rladlems1031/Isajjim-AI/experiments/benchmark/data/abo/meshes/9/B07HZ5P7P9.glb,0.7859032115099066,0.9268827524235894,1.0,8.366,13926.6,True,
153,CHAIR_STOOL,/home/rladlems1031/Isajjim-AI/experiments/benchmark/data/abo/images/d7/d7524ac3.jpg,/home/rladlems1031/Isajjim-AI/experiments/benchmark/data/abo/masks/B07QKW6KWK.png,/home/rladlems1031/Isajjim-AI/experiments/benchmark/data/abo/meshes/K/B07QKW6KWK.glb,0.5617033550257708,0.6159162152788922,1.0,8.711,13959.6,True,
154,CHAIR_STOOL,/home/rladlems1031/Isajjim-AI/experiments/benchmark/data/abo/images/d3/d3c115a0.jpg,/home/rladlems1031/Isajjim-AI/experiments/benchmark/data/abo/masks/B07DBLN3VG.png,/home/rladlems1031/Isajjim-AI/experiments/benchmark/data/abo/meshes/G/B07DBLN3VG.glb,0.6729296735094602,0.6907417099586789,1.0,9.887,14316.7,True,
155,SOFA,/home/rladlems1031/Isajjim-AI/experiments/benchmark/data/abo/images/62/625e27dd.jpg,/home/rladlems1031/Isajjim-AI/experiments/benchmark/data/abo/masks/B07BWK59G9.png,/home/rladlems1031/Isajjim-AI/experiments/benchmark/data/abo/meshes/9/B07BWK59G9.glb,0.2798639751922288,0.6935891243704996,1.0,9.775,14171.9,True,
156,BED,/home/rladlems1031/Isajjim-AI/experiments/benchmark/data/abo/images/94/94de5623.jpg,/home/rladlems1031/Isajjim-AI/experiments/benchmark/data/abo/masks/B084ZB8Z79.png,/home/rladlems1031/Isajjim-AI/experiments/benchmark/data/abo/meshes/9/B084ZB8Z79.glb,0.19934422947700306,0.7452524387242809,1.0,8.026,13926.2,True,
157,SOFA,/home/rladlems1031/Isajjim-AI/experiments/benchmark/data/abo/images/f3/f3f600ab.jpg,/home/rladlems1031/Isajjim-AI/experiments/benchmark/data/abo/masks/B07HZ6BJVN.png,/home/rladlems1031/Isajjim-AI/experiments/benchmark/data/abo/meshes/N/B07HZ6BJVN.glb,0.498895235382496,0.5645239016055434,1.0,9.906,14239.9,True,
158,DESK,/home/rladlems1031/Isajjim-AI/experiments/benchmark/data/abo/images/38/38ccb28b.jpg,/home/rladlems1031/Isajjim-AI/experiments/benchmark/data/abo/masks/B07GFLD57T.png,/home/rladlems1031/Isajjim-AI/experiments/benchmark/data/abo/meshes/T/B07GFLD57T.glb,0.5765042529326235,0.6016701811862938,1.0,8.78,13961.6,True,
159,CHAIR_STOOL,/home/rladlems1031/Isajjim-AI/experiments/benchmark/data/abo/images/e0/e0f84ad9.jpg,/home/rladlems1031/Isajjim-AI/experiments/benchmark/data/abo/masks/B0857JM2NC.png,/home/rladlems1031/Isajjim-AI/experiments/benchmark/data/abo/meshes/C/B0857JM2NC.glb,0.6915517185732625,0.9818230790319494,1.0,8.948,13941.6,True,
160,CABINET,/home/rladlems1031/Isajjim-AI/experiments/benchmark/data/abo/images/84/84888300.jpg,/home/rladlems1031/Isajjim-AI/experiments/benchmark/data/abo/masks/B075Z8628K.png,/home/rladlems1031/Isajjim-AI/experiments/benchmark/data/abo/meshes/K/B075Z8628K.glb,0.39456373388053106,0.5845422851735043,1.0,10.06,14376.1,True,
161,CHAIR_STOOL,/home/rladlems1031/Isajjim-AI/experiments/benchmark/data/abo/images/32/32f37fd5.jpg,/home/rladlems1031/Isajjim-AI/experiments/benchmark/data/abo/masks/B085554J7Q.png,/home/rladlems1031/Isajjim-AI/experiments/benchmark/data/abo/meshes/Q/B085554J7Q.glb,0.4856517513987218,0.6389707651999452,1.0,8.545,13961.6,True,
162,SOFA,/home/rladlems1031/Isajjim-AI/experiments/benchmark/data/abo/images/0b/0b85644f.jpg,/home/rladlems1031/Isajjim-AI/experiments/benchmark/data/abo/masks/B07BWJMB8Q.png,/home/rladlems1031/Isajjim-AI/experiments/benchmark/data/abo/meshes/Q/B07BWJMB8Q.glb,0.3123750237540845,0.5350015201971314,1.0,8.976,13981.9,True,
163,SOFA,/home/rladlems1031/Isajjim-AI/experiments/benchmark/data/abo/images/58/5879c84d.jpg,/home/rladlems1031/Isajjim-AI/experiments/benchmark/data/abo/masks/B07B4MSPD2.png,/home/rladlems1031/Isajjim-AI/experiments/benchmark/data/abo/meshes/2/B07B4MSPD2.glb,0.5205388188476656,0.5266326796956577,1.0,10.793,14725.7,True,
164,CABINET,/home/rladlems1031/Isajjim-AI/experiments/benchmark/data/abo/images/b6/b6d02d5b.jpg,/home/rladlems1031/Isajjim-AI/experiments/benchmark/data/abo/masks/B082JH42QQ.png,/home/rladlems1031/Isajjim-AI/experiments/benchmark/data/abo/meshes/Q/B082JH42QQ.glb,0.786162872154161,0.790126691355593,1.0,8.51,13939.2,True,
165,CABINET,/home/rladlems1031/Isajjim-AI/experiments/benchmark/data/abo/images/30/30683c12.jpg,/home/rladlems1031/Isajjim-AI/experiments/benchmark/data/abo/masks/B07GFRKNR1.png,/home/rladlems1031/Isajjim-AI/experiments/benchmark/data/abo/meshes/1/B07GFRKNR1.glb,0.38548474695571633,0.5803565114532314,1.0,11.602,15103.2,True,
166,CHAIR_STOOL,/home/rladlems1031/Isajjim-AI/experiments/benchmark/data/abo/images/41/41ddae35.jpg,/home/rladlems1031/Isajjim-AI/experiments/benchmark/data/abo/masks/B086JJCP47.png,/home/rladlems1031/Isajjim-AI/experiments/benchmark/data/abo/meshes/7/B086JJCP47.glb,0.4465436624984767,0.6235680121003951,1.0,8.889,13950.2,True,
167,BED,/home/rladlems1031/Isajjim-AI/experiments/benchmark/data/abo/images/d2/d2d1613c.jpg,/home/rladlems1031/Isajjim-AI/experiments/benchmark/data/abo/masks/B07B4ZM575.png,/home/rladlems1031/Isajjim-AI/experiments/benchmark/data/abo/meshes/5/B07B4ZM575.glb,0.6038163321029405,0.7011830009360804,1.0,12.26,15490.3,True,
168,DISPLAY_SHELF,/home/rladlems1031/Isajjim-AI/experiments/benchmark/data/abo/images/28/2869a1f1.jpg,/home/rladlems1031/Isajjim-AI/experiments/benchmark/data/abo/masks/B07TTY39K8.png,/home/rladlems1031/Isajjim-AI/experiments/benchmark/data/abo/meshes/8/B07TTY39K8.glb,0.5146821179381504,0.5535983072698557,1.0,9.433,14674.6,True,
169,CHAIR_STOOL,/home/rladlems1031/Isajjim-AI/experiments/benchmark/data/abo/images/d6/d6702eab.jpg,/home/rladlems1031/Isajjim-AI/experiments/benchmark/data/abo/masks/B016ID34BO.png,/home/rladlems1031/Isajjim-AI/experiments/benchmark/data/abo/meshes/O/B016ID34BO.glb,0.5703334841890174,0.6375113414142208,1.0,8.253,13921.4,True,
170,CHAIR_STOOL,/home/rladlems1031/Isajjim-AI/experiments/benchmark/data/abo/images/ce/ce71c44b.jpg,/home/rladlems1031/Isajjim-AI/experiments/benchmark/data/abo/masks/B07HZ72LZ9.png,/home/rladlems1031/Isajjim-AI/experiments/benchmark/data/abo/meshes/9/B07HZ72LZ9.glb,0.747873876941227,0.9587588901718097,1.0,8.772,13967.3,True,
171,CABINET,/home/rladlems1031/Isajjim-AI/experiments/benchmark/data/abo/images/12/123a1b5e.jpg,/home/rladlems1031/Isajjim-AI/experiments/benchmark/data/abo/masks/B07B813LW1.png,/home/rladlems1031/Isajjim-AI/experiments/benchmark/data/abo/meshes/1/B07B813LW1.glb,0.5076121824473414,0.8427830436990663,1.0,12.113,15279.0,True,
172,CHAIR_STOOL,/home/rladlems1031/Isajjim-AI/experiments/benchmark/data/abo/images/01/013f3a77.jpg,/home/rladlems1031/Isajjim-AI/experiments/benchmark/data/abo/masks/B07B4LZP9Q.png,/home/rladlems1031/Isajjim-AI/experiments/benchmark/data/abo/meshes/Q/B07B4LZP9Q.glb,0.6749536554492848,0.7100714040286454,1.0,18.126,19275.4,True,
173,DESK,/home/rladlems1031/Isajjim-AI/experiments/benchmark/data/abo/images/c7/c7cc0dac.jpg,/home/rladlems1031/Isajjim-AI/experiments/benchmark/data/abo/masks/B075Z93NHP.png,/home/rladlems1031/Isajjim-AI/experiments/benchmark/data/abo/meshes/P/B075Z93NHP.glb,0.39802195644712773,0.47480301353993115,1.0,10.445,14525.3,True,
174,DISPLAY_SHELF,/home/rladlems1031/Isajjim-AI/experiments/benchmark/data/abo/images/42/42b9b667.jpg,/home/rladlems1031/Isajjim-AI/experiments/benchmark/data/abo/masks/B07QY2XJ5J.png,/home/rladlems1031/Isajjim-AI/experiments/benchmark/data/abo/meshes/J/B07QY2XJ5J.glb,0.17436213151801155,0.6456468926392885,1.0,8.451,13958.6,True,
175,CHAIR_STOOL,/home/rladlems1031/Isajjim-AI/experiments/benchmark/data/abo/images/57/577340eb.jpg,/home/rladlems1031/Isajjim-AI/experiments/benchmark/data/abo/masks/B07DBF3V6X.png,/home/rladlems1031/Isajjim-AI/experiments/benchmark/data/abo/meshes/X/B07DBF3V6X.glb,0.6221717654422171,0.8082864351260018,1.0,14.83,17265.0,True,
176,CHAIR_STOOL,/home/rladlems1031/Isajjim-AI/experiments/benchmark/data/abo/images/76/761e9f8e.jpg,/home/rladlems1031/Isajjim-AI/experiments/benchmark/data/abo/masks/B082QC5N35.png,/home/rladlems1031/Isajjim-AI/experiments/benchmark/data/abo/meshes/5/B082QC5N35.glb,0.7008893531304081,0.7636235273728409,1.0,12.942,16433.8,True,
177,SOFA,/home/rladlems1031/Isajjim-AI/experiments/benchmark/data/abo/images/98/98be3bd9.jpg,/home/rladlems1031/Isajjim-AI/experiments/benchmark/data/abo/masks/B075NP5K3L.png,/home/rladlems1031/Isajjim-AI/experiments/benchmark/data/abo/meshes/L/B075NP5K3L.glb,0.366420671441597,0.4131277657313449,1.0,8.535,13926.1,True,
178,SOFA,/home/rladlems1031/Isajjim-AI/experiments/benchmark/data/abo/images/98/98c5ed44.jpg,/home/rladlems1031/Isajjim-AI/experiments/benchmark/data/abo/masks/B07BWK59TF.png,/home/rladlems1031/Isajjim-AI/experiments/benchmark/data/abo/meshes/F/B07BWK59TF.glb,0.3743299340876621,0.6934080604672722,1.0,10.65,14706.4,True,
179,SOFA,/home/rladlems1031/Isajjim-AI/experiments/benchmark/data/abo/images/da/dadba684.jpg,/home/rladlems1031/Isajjim-AI/experiments/benchmark/data/abo/masks/B07CB5GSZ2.png,/home/rladlems1031/Isajjim-AI/experiments/benchmark/data/abo/meshes/2/B07CB5GSZ2.glb,0.30656475825533763,0.5423934679864222,1.0,9.029,13981.9,True,
180,SOFA,/home/rladlems1031/Isajjim-AI/experiments/benchmark/data/abo/images/ab/abb299be.jpg,/home/rladlems1031/Isajjim-AI/experiments/benchmark/data/abo/masks/B07DBF3L36.png,/home/rladlems1031/Isajjim-AI/experiments/benchmark/data/abo/meshes/6/B07DBF3L36.glb,0.431980137533245,0.5047535560516364,1.0,9.368,13944.1,True,
181,CHAIR_STOOL,/home/rladlems1031/Isajjim-AI/experiments/benchmark/data/abo/images/91/912a391c.jpg,/home/rladlems1031/Isajjim-AI/experiments/benchmark/data/abo/masks/B07HJ66BLL.png,/home/rladlems1031/Isajjim-AI/experiments/benchmark/data/abo/meshes/L/B07HJ66BLL.glb,0.5033498191028528,0.5070901756884819,1.0,8.653,13933.7,True,
182,SOFA,/home/rladlems1031/Isajjim-AI/experiments/benchmark/data/abo/images/6b/6bc1f478.jpg,/home/rladlems1031/Isajjim-AI/experiments/benchmark/data/abo/masks/B07QFP4ZN5.png,/home/rladlems1031/Isajjim-AI/experiments/benchmark/data/abo/meshes/5/B07QFP4ZN5.glb,0.4743954377445638,0.4955404032724551,1.0,9.831,14223.8,True,
183,CHAIR_STOOL,/home/rladlems1031/Isajjim-AI/experiments/benchmark/data/abo/images/a3/a3e705af.jpg,/home/rladlems1031/Isajjim-AI/experiments/benchmark/data/abo/masks/B075YV7SQY.png,/home/rladlems1031/Isajjim-AI/experiments/benchmark/data/abo/meshes/Y/B075YV7SQY.glb,0.710270990575677,0.722050274015851,1.0,10.751,14817.5,True,
184,CHAIR_STOOL,/home/rladlems1031/Isajjim-AI/experiments/benchmark/data/abo/images/1e/1e865f49.jpg,/home/rladlems1031/Isajjim-AI/experiments/benchmark/data/abo/masks/B01D7P5NI8.png,/home/rladlems1031/Isajjim-AI/experiments/benchmark/data/abo/meshes/8/B01D7P5NI8.glb,0.49736560414511566,0.5015220039625772,1.0,8.169,13934.2,True,
185,BED,/home/rladlems1031/Isajjim-AI/experiments/benchmark/data/abo/images/e7/e768e1a0.jpg,/home/rladlems1031/Isajjim-AI/experiments/benchmark/data/abo/masks/B07LC84ZYV.png,/home/rladlems1031/Isajjim-AI/experiments/benchmark/data/abo/meshes/V/B07LC84ZYV.glb,0.43540548005718455,0.9646695574331143,1.0,10.824,15006.1,True,
186,BED,/home/rladlems1031/Isajjim-AI/experiments/benchmark/data/abo/images/de/dec7df64.jpg,/home/rladlems1031/Isajjim-AI/experiments/benchmark/data/abo/masks/B07GFS1QPL.png,/home/rladlems1031/Isajjim-AI/experiments/benchmark/data/abo/meshes/L/B07GFS1QPL.glb,0.4342862243922249,0.8000491531417057,1.0,8.607,13961.6,True,
187,CHAIR_STOOL,/home/rladlems1031/Isajjim-AI/experiments/benchmark/data/abo/images/dd/dd5469dd.jpg,/home/rladlems1031/Isajjim-AI/experiments/benchmark/data/abo/masks/B075NR8HWJ.png,/home/rladlems1031/Isajjim-AI/experiments/benchmark/data/abo/meshes/J/B075NR8HWJ.glb,0.814166710449243,0.9796795160619882,1.0,14.585,17251.6,True,
188,SOFA,/home/rladlems1031/Isajjim-AI/experiments/benchmark/data/abo/images/08/08db4962.jpg,/home/rladlems1031/Isajjim-AI/experiments/benchmark/data/abo/masks/B075X4R4LM.png,/home/rladlems1031/Isajjim-AI/experiments/benchmark/data/abo/meshes/M/B075X4R4LM.glb,0.3919509711425122,0.4598375918632667,1.0,9.605,14303.3,True,
189,CABINET,/home/rladlems1031/Isajjim-AI/experiments/benchmark/data/abo/images/0b/0b5ac752.jpg,/home/rladlems1031/Isajjim-AI/experiments/benchmark/data/abo/masks/B07HSH22K8.png,/home/rladlems1031/Isajjim-AI/experiments/benchmark/data/abo/meshes/8/B07HSH22K8.glb,0.5908300294539253,0.8631622117666419,1.0,13.512,16281.2,True,
190,CHAIR_STOOL,/home/rladlems1031/Isajjim-AI/experiments/benchmark/data/abo/images/63/63dd632f.jpg,/home/rladlems1031/Isajjim-AI/experiments/benchmark/data/abo/masks/B07PC427H1.png,/home/rladlems1031/Isajjim-AI/experiments/benchmark/data/abo/meshes/1/B07PC427H1.glb,0.4339444485665574,0.5753729443697937,1.0,8.996,13965.6,True,
191,SOFA,/home/rladlems1031/Isajjim-AI/experiments/benchmark/data/abo/images/02/028176e1.jpg,/home/rladlems1031/Isajjim-AI/experiments/benchmark/data/abo/masks/B07P6JTZ1R.png,/home/rladlems1031/Isajjim-AI/experiments/benchmark/data/abo/meshes/R/B07P6JTZ1R.glb,0.6059992185206063,0.7364331205933319,1.0,12.608,16154.7,True,
192,SOFA,/home/rladlems1031/Isajjim-AI/experiments/benchmark/data/abo/images/63/638ca4e3.jpg,/home/rladlems1031/Isajjim-AI/experiments/benchmark/data/abo/masks/B07BWMQQDR.png,/home/rladlems1031/Isajjim-AI/experiments/benchmark/data/abo/meshes/R/B07BWMQQDR.glb,0.5560903887997373,0.5602866428715025,1.0,10.477,14814.1,True,
193,CABINET,/home/rladlems1031/Isajjim-AI/experiments/benchmark/data/abo/images/8f/8f897a64.jpg,/home/rladlems1031/Isajjim-AI/experiments/benchmark/data/abo/masks/B07MBMJS1B.png,/home/rladlems1031/Isajjim-AI/experiments/benchmark/data/abo/meshes/B/B07MBMJS1B.glb,0.4715920110789381,0.969758896761969,1.0,10.496,14679.7,True,
194,CHAIR_STOOL,/home/rladlems1031/Isajjim-AI/experiments/benchmark/data/abo/images/2b/2b8d0fa1.jpg,/home/rladlems1031/Isajjim-AI/experiments/benchmark/data/abo/masks/B07B7DMMTH.png,/home/rladlems1031/Isajjim-AI/experiments/benchmark/data/abo/meshes/H/B07B7DMMTH.glb,0.6329896680383962,0.6650005142998942,1.0,9.43,13981.9,True,
195,CHAIR_STOOL,/home/rladlems1031/Isajjim-AI/experiments/benchmark/data/abo/images/94/940107f2.jpg,/home/rladlems1031/Isajjim-AI/experiments/benchmark/data/abo/masks/B075YPTG6H.png,/home/rladlems1031/Isajjim-AI/experiments/benchmark/data/abo/meshes/H/B075YPTG6H.glb,0.5137693704244478,0.6630490553045555,1.0,8.5,13957.3,True,
196,CHAIR_STOOL,/home/rladlems1031/Isajjim-AI/experiments/benchmark/data/abo/images/67/678ec9d2.jpg,/home/rladlems1031/Isajjim-AI/experiments/benchmark/data/abo/masks/B07HSL2HJZ.png,/home/rladlems1031/Isajjim-AI/experiments/benchmark/data/abo/meshes/Z/B07HSL2HJZ.glb,0.6769472116979868,0.699467349105628,1.0,10.806,14779.1,True,
197,SOFA,/home/rladlems1031/Isajjim-AI/experiments/benchmark/data/abo/images/2f/2ffef77c.jpg,/home/rladlems1031/Isajjim-AI/experiments/benchmark/data/abo/masks/B07P9Y6W9P.png,/home/rladlems1031/Isajjim-AI/experiments/benchmark/data/abo/meshes/P/B07P9Y6W9P.glb,0.44623780316231887,0.5297670294589019,1.0,9.866,14438.7,True,
198,CHAIR_STOOL,/home/rladlems1031/Isajjim-AI/experiments/benchmark/data/abo/images/88/88519c66.jpg,/home/rladlems1031/Isajjim-AI/experiments/benchmark/data/abo/masks/B07QCQ1J95.png,/home/rladlems1031/Isajjim-AI/experiments/benchmark/data/abo/meshes/5/B07QCQ1J95.glb,0.47964999615450743,0.6666483782825613,1.0,9.065,13961.6,True,
199,CHAIR_STOOL,/home/rladlems1031/Isajjim-AI/experiments/benchmark/data/abo/images/57/57648cb2.jpg,/home/rladlems1031/Isajjim-AI/experiments/benchmark/data/abo/masks/B084W2T4QR.png,/home/rladlems1031/Isajjim-AI/experiments/benchmark/data/abo/meshes/R/B084W2T4QR.glb,0.4697477623485617,0.6004793398015797,1.0,9.086,13961.3,True,
200,DESK,/home/rladlems1031/Isajjim-AI/experiments/benchmark/data/abo/images/ca/ca397feb.jpg,/home/rladlems1031/Isajjim-AI/experiments/benchmark/data/abo/masks/B01FK3FWNG.png,/home/rladlems1031/Isajjim-AI/experiments/benchmark/data/abo/meshes/G/B01FK3FWNG.glb,0.7173525028439298,0.8873829981214295,1.0,8.283,13950.2,True,
201,DISPLAY_SHELF,/home/rladlems1031/Isajjim-AI/experiments/benchmark/data/abo/images/f7/f740f55b.jpg,/home/rladlems1031/Isajjim-AI/experiments/benchmark/data/abo/masks/B07HSGBB2D.png,/home/rladlems1031/Isajjim-AI/experiments/benchmark/data/abo/meshes/D/B07HSGBB2D.glb,0.2219258622768381,0.358794447572843,1.0,8.74,13981.9,True,
202,SOFA,/home/rladlems1031/Isajjim-AI/experiments/benchmark/data/abo/images/d5/d55f521d.jpg,/home/rladlems1031/Isajjim-AI/experiments/benchmark/data/abo/masks/B07BWJD1NC.png,/home/rladlems1031/Isajjim-AI/experiments/benchmark/data/abo/meshes/C/B07BWJD1NC.glb,0.2620078967600512,0.7279381082622565,1.0,9.95,14205.2,True,
203,CHAIR_STOOL,/home/rladlems1031/Isajjim-AI/experiments/benchmark/data/abo/images/06/06c11098.jpg,/home/rladlems1031/Isajjim-AI/experiments/benchmark/data/abo/masks/B075Z6S8FF.png,/home/rladlems1031/Isajjim-AI/experiments/benchmark/data/abo/meshes/F/B075Z6S8FF.glb,0.5264249573027824,0.6352756005122646,1.0,9.124,13981.9,True,
204,SOFA,/home/rladlems1031/Isajjim-AI/experiments/benchmark/data/abo/images/d4/d4b7f44a.jpg,/home/rladlems1031/Isajjim-AI/experiments/benchmark/data/abo/masks/B07HZ7PFVL.png,/home/rladlems1031/Isajjim-AI/experiments/benchmark/data/abo/meshes/L/B07HZ7PFVL.glb,0.4194483675889063,0.7130038999649257,1.0,10.607,14661.8,True,
205,DESK,/home/rladlems1031/Isajjim-AI/experiments/benchmark/data/abo/images/ca/ca96a498.jpg,/home/rladlems1031/Isajjim-AI/experiments/benchmark/data/abo/masks/B07K77KZ7T.png,/home/rladlems1031/Isajjim-AI/experiments/benchmark/data/abo/meshes/T/B07K77KZ7T.glb,0.39379513671676525,0.6033740614334032,1.0,9.536,14245.9,True,
206,CABINET,/home/rladlems1031/Isajjim-AI/experiments/benchmark/data/abo/images/c0/c0eae26a.jpg,/home/rladlems1031/Isajjim-AI/experiments/benchmark/data/abo/masks/B07GFFPKFV.png,/home/rladlems1031/Isajjim-AI/experiments/benchmark/data/abo/meshes/V/B07GFFPKFV.glb,0.3808112523830655,0.5797067225831593,1.0,11.758,15328.7,True,
207,CABINET,/home/rladlems1031/Isajjim-AI/experiments/benchmark/data/abo/images/28/28c08aa4.jpg,/home/rladlems1031/Isajjim-AI/experiments/benchmark/data/abo/masks/B07GG2X2MX.png,/home/rladlems1031/Isajjim-AI/experiments/benchmark/data/abo/meshes/X/B07GG2X2MX.glb,0.13383103636513727,0.284026553988885,1.0,8.46,13961.6,True,
208,CHAIR_STOOL,/home/rladlems1031/Isajjim-AI/experiments/benchmark/data/abo/images/25/259054f2.jpg,/home/rladlems1031/Isajjim-AI/experiments/benchmark/data/abo/masks/B07B4CXTRY.png,/home/rladlems1031/Isajjim-AI/experiments/benchmark/data/abo/meshes/Y/B07B4CXTRY.glb,0.7078976539813006,0.7107382701324796,1.0,15.522,17674.2,True,
209,SOFA,/home/rladlems1031/Isajjim-AI/experiments/benchmark/data/abo/images/15/15709191.jpg,/home/rladlems1031/Isajjim-AI/experiments/benchmark/data/abo/masks/B07B4D88DY.png,/home/rladlems1031/Isajjim-AI/experiments/benchmark/data/abo/meshes/Y/B07B4D88DY.glb,0.31337438617044816,0.6178828879873773,1.0,9.556,13981.9,True,
210,CHAIR_STOOL,/home/rladlems1031/Isajjim-AI/experiments/benchmark/data/abo/images/71/7144fba2.jpg,/home/rladlems1031/Isajjim-AI/experiments/benchmark/data/abo/masks/B0723H8JNR.png,/home/rladlems1031/Isajjim-AI/experiments/benchmark/data/abo/meshes/R/B0723H8JNR.glb,0.6881922188492068,0.721883319490211,1.0,13.094,14987.7,True,
211,CHAIR_STOOL,/home/rladlems1031/Isajjim-AI/experiments/benchmark/data/abo/images/34/34f81ba9.jpg,/home/rladlems1031/Isajjim-AI/experiments/benchmark/data/abo/masks/B07N2YYSXK.png,/home/rladlems1031/Isajjim-AI/experiments/benchmark/data/abo/meshes/K/B07N2YYSXK.glb,0.6424530207072896,0.6718670359754648,1.0,18.842,20038.5,True,
213,SOFA,/home/rladlems1031/Isajjim-AI/experiments/benchmark/data/abo/images/38/38f44e74.jpg,/home/rladlems1031/Isajjim-AI/experiments/benchmark/data/abo/masks/B07SHYRLMK.png,/home/rladlems1031/Isajjim-AI/experiments/benchmark/data/abo/meshes/K/B07SHYRLMK.glb,0.6691619825885431,0.8140617828334645,1.0,15.499,18052.8,True,
214,CHAIR_STOOL,/home/rladlems1031/Isajjim-AI/experiments/benchmark/data/abo/images/91/91724554.jpg,/home/rladlems1031/Isajjim-AI/experiments/benchmark/data/abo/masks/B075X33SBH.png,/home/rladlems1031/Isajjim-AI/experiments/benchmark/data/abo/meshes/H/B075X33SBH.glb,0.6216600403859329,0.6836598211386068,1.0,13.432,16316.9,True,
215,CHAIR_STOOL,/home/rladlems1031/Isajjim-AI/experiments/benchmark/data/abo/images/80/80c3345b.jpg,/home/rladlems1031/Isajjim-AI/experiments/benchmark/data/abo/masks/B07QBQCG77.png,/home/rladlems1031/Isajjim-AI/experiments/benchmark/data/abo/meshes/7/B07QBQCG77.glb,0.6434009774560261,0.8308545156252704,1.0,10.733,14776.4,True,
216,CABINET,/home/rladlems1031/Isajjim-AI/experiments/benchmark/data/abo/images/d4/d4c55995.jpg,/home/rladlems1031/Isajjim-AI/experiments/benchmark/data/abo/masks/B07RMYJWLS.png,/home/rladlems1031/Isajjim-AI/experiments/benchmark/data/abo/meshes/S/B07RMYJWLS.glb,0.5081065662633112,0.5769201714827766,1.0,10.969,14807.1,True,
217,CABINET,/home/rladlems1031/Isajjim-AI/experiments/benchmark/data/abo/images/bf/bfbffc3b.jpg,/home/rladlems1031/Isajjim-AI/experiments/benchmark/data/abo/masks/B07JH147WZ.png,/home/rladlems1031/Isajjim-AI/experiments/benchmark/data/abo/meshes/Z/B07JH147WZ.glb,0.32413471699313595,0.6419000097429547,1.0,12.199,16021.4,True,
218,DISPLAY_SHELF,/home/rladlems1031/Isajjim-AI/experiments/benchmark/data/abo/images/0f/0f617b4a.jpg,/home/rladlems1031/Isajjim-AI/experiments/benchmark/data/abo/masks/B07PSZHDNK.png,/home/rladlems1031/Isajjim-AI/experiments/benchmark/data/abo/meshes/K/B07PSZHDNK.glb,0.21414637153989136,0.3697978898702555,1.0,8.255,13931.3,True,
219,SOFA,/home/rladlems1031/Isajjim-AI/experiments/benchmark/data/abo/images/b1/b1ac8c1c.jpg,/home/rladlems1031/Isajjim-AI/experiments/benchmark/data/abo/masks/B07BWJFQVG.png,/home/rladlems1031/Isajjim-AI/experiments/benchmark/data/abo/meshes/G/B07BWJFQVG.glb,0.3020438809101932,0.5378136535729804,1.0,8.912,13981.9,True,
220,CHAIR_STOOL,/home/rladlems1031/Isajjim-AI/experiments/benchmark/data/abo/images/a2/a2d0a5fd.jpg,/home/rladlems1031/Isajjim-AI/experiments/benchmark/data/abo/masks/B075X4JB1L.png,/home/rladlems1031/Isajjim-AI/experiments/benchmark/data/abo/meshes/L/B075X4JB1L.glb,0.670380298580545,0.7961048256261026,1.0,10.969,14845.0,True,
221,CHAIR_STOOL,/home/rladlems1031/Isajjim-AI/experiments/benchmark/data/abo/images/1a/1adc0bdb.jpg,/home/rladlems1031/Isajjim-AI/experiments/benchmark/data/abo/masks/B07QGSZ38G.png,/home/rladlems1031/Isajjim-AI/experiments/benchmark/data/abo/meshes/G/B07QGSZ38G.glb,0.739448184641963,0.7932985099999061,1.0,13.336,16353.0,True,
222,DRAWER,/home/rladlems1031/Isajjim-AI/experiments/benchmark/data/abo/images/dc/dcfb0172.jpg,/home/rladlems1031/Isajjim-AI/experiments/benchmark/data/abo/masks/B07HSH4WFB.png,/home/rladlems1031/Isajjim-AI/experiments/benchmark/data/abo/meshes/B/B07HSH4WFB.glb,0.5363160883359426,0.8291578271723993,1.0,14.938,17152.1,True,
223,DRAWER,/home/rladlems1031/Isajjim-AI/experiments/benchmark/data/abo/images/6b/6bec7919.jpg,/home/rladlems1031/Isajjim-AI/experiments/benchmark/data/abo/masks/B07FM83Z21.png,/home/rladlems1031/Isajjim-AI/experiments/benchmark/data/abo/meshes/1/B07FM83Z21.glb,0.34197403107167335,0.6297396941888483,1.0,10.606,14808.2,True,
224,CHAIR_STOOL,/home/rladlems1031/Isajjim-AI/experiments/benchmark/data/abo/images/3d/3dd9b2d9.jpg,/home/rladlems1031/Isajjim-AI/experiments/benchmark/data/abo/masks/B07B4LZPBV.png,/home/rladlems1031/Isajjim-AI/experiments/benchmark/data/abo/meshes/V/B07B4LZPBV.glb,0.6179838330492063,0.7842407482571843,1.0,17.839,18779.0,True,
225,CHAIR_STOOL,/home/rladlems1031/Isajjim-AI/experiments/benchmark/data/abo/images/2c/2cd8311f.jpg,/home/rladlems1031/Isajjim-AI/experiments/benchmark/data/abo/masks/B082BLFMRC.png,/home/rladlems1031/Isajjim-AI/experiments/benchmark/data/abo/meshes/C/B082BLFMRC.glb,0.5930702730124793,0.6836982732137724,1.0,8.908,13981.9,True,
226,SOFA,/home/rladlems1031/Isajjim-AI/experiments/benchmark/data/abo/images/86/8620c78d.jpg,/home/rladlems1031/Isajjim-AI/experiments/benchmark/data/abo/masks/B07ZTQDCLY.png,/home/rladlems1031/Isajjim-AI/experiments/benchmark/data/abo/meshes/Y/B07ZTQDCLY.glb,0.3599761407990887,0.6886278870484327,1.0,8.899,13933.7,True,
227,SOFA,/home/rladlems1031/Isajjim-AI/experiments/benchmark/data/abo/images/ec/ec8171db.jpg,/home/rladlems1031/Isajjim-AI/experiments/benchmark/data/abo/masks/B07BWJD1V4.png,/home/rladlems1031/Isajjim-AI/experiments/benchmark/data/abo/meshes/4/B07BWJD1V4.glb,0.5436247395565371,0.6421889480464912,1.0,10.749,14120.2,True,
228,CHAIR_STOOL,/home/rladlems1031/Isajjim-AI/experiments/benchmark/data/abo/images/6e/6ec92e00.jpg,/home/rladlems1031/Isajjim-AI/experiments/benchmark/data/abo/masks/B07P8STB67.png,/home/rladlems1031/Isajjim-AI/experiments/benchmark/data/abo/meshes/7/B07P8STB67.glb,0.6753528024558831,0.9478666226935553,1.0,8.59,13961.3,True,
229,SOFA,/home/rladlems1031/Isajjim-AI/experiments/benchmark/data/abo/images/52/5288d1cb.jpg,/home/rladlems1031/Isajjim-AI/experiments/benchmark/data/abo/masks/B07DBDWXM8.png,/home/rladlems1031/Isajjim-AI/experiments/benchmark/data/abo/meshes/8/B07DBDWXM8.glb,0.4587359335971331,0.5649384556733981,1.0,10.22,14513.1,True,
230,CHAIR_STOOL,/home/rladlems1031/Isajjim-AI/experiments/benchmark/data/abo/images/08/082ef6e5.jpg,/home/rladlems1031/Isajjim-AI/experiments/benchmark/data/abo/masks/B0853L1KQ9.png,/home/rladlems1031/Isajjim-AI/experiments/benchmark/data/abo/meshes/9/B0853L1KQ9.glb,0.450240498070053,0.6311065721364267,1.0,9.075,13969.0,True,
231,CHAIR_STOOL,/home/rladlems1031/Isajjim-AI/experiments/benchmark/data/abo/images/c3/c3b841db.jpg,/home/rladlems1031/Isajjim-AI/experiments/benchmark/data/abo/masks/B0853KZW7Z.png,/home/rladlems1031/Isajjim-AI/experiments/benchmark/data/abo/meshes/Z/B0853KZW7Z.glb,0.5288994317992481,0.6518060519209898,1.0,8.781,13955.3,True,
232,DISPLAY_SHELF,/home/rladlems1031/Isajjim-AI/experiments/benchmark/data/abo/images/9d/9d479210.jpg,/home/rladlems1031/Isajjim-AI/experiments/benchmark/data/abo/masks/B07QY2ZN7X.png,/home/rladlems1031/Isajjim-AI/experiments/benchmark/data/abo/meshes/X/B07QY2ZN7X.glb,0.516471639122705,0.869572020708224,1.0,14.608,18041.0,True,
233,SOFA,/home/rladlems1031/Isajjim-AI/experiments/benchmark/data/abo/images/c8/c8334a39.jpg,/home/rladlems1031/Isajjim-AI/experiments/benchmark/data/abo/masks/B07VMLFZCD.png,/home/rladlems1031/Isajjim-AI/experiments/benchmark/data/abo/meshes/D/B07VMLFZCD.glb,0.4161997384374299,0.48741730943455,1.0,10.164,14649.4,True,
235,SOFA,/home/rladlems1031/Isajjim-AI/experiments/benchmark/data/abo/images/66/6608dcfe.jpg,/home/rladlems1031/Isajjim-AI/experiments/benchmark/data/abo/masks/B07J2JGXD7.png,/home/rladlems1031/Isajjim-AI/experiments/benchmark/data/abo/meshes/7/B07J2JGXD7.glb,0.44078826174570834,0.5401458259260041,1.0,9.362,13981.9,True,
236,CHAIR_STOOL,/home/rladlems1031/Isajjim-AI/experiments/benchmark/data/abo/images/b0/b0869816.jpg,/home/rladlems1031/Isajjim-AI/experiments/benchmark/data/abo/masks/B07K7SDQS6.png,/home/rladlems1031/Isajjim-AI/experiments/benchmark/data/abo/meshes/6/B07K7SDQS6.glb,0.4304244856044161,0.5780092718376594,1.0,8.385,13955.6,True,
237,CHAIR_STOOL,/home/rladlems1031/Isajjim-AI/experiments/benchmark/data/abo/images/e7/e7650f7b.jpg,/home/rladlems1031/Isajjim-AI/experiments/benchmark/data/abo/masks/B07QL23R78.png,/home/rladlems1031/Isajjim-AI/experiments/benchmark/data/abo/meshes/8/B07QL23R78.glb,0.6544905830519084,0.6864163153534666,1.0,8.567,13963.6,True,
238,SOFA,/home/rladlems1031/Isajjim-AI/experiments/benchmark/data/abo/images/88/88fda520.jpg,/home/rladlems1031/Isajjim-AI/experiments/benchmark/data/abo/masks/B07G33RYW3.png,/home/rladlems1031/Isajjim-AI/experiments/benchmark/data/abo/meshes/3/B07G33RYW3.glb,0.4402613913237113,0.4580404468204998,1.0,9.027,13961.6,True,
239,SOFA,/home/rladlems1031/Isajjim-AI/experiments/benchmark/data/abo/images/22/22a51f2d.jpg,/home/rladlems1031/Isajjim-AI/experiments/benchmark/data/abo/masks/B07BWMSQ7S.png,/home/rladlems1031/Isajjim-AI/experiments/benchmark/data/abo/meshes/S/B07BWMSQ7S.glb,0.3160915958430925,0.5390917910543014,1.0,8.654,13933.7,True,
240,CHAIR_STOOL,/home/rladlems1031/Isajjim-AI/experiments/benchmark/data/abo/images/76/768f5b89.jpg,/home/rladlems1031/Isajjim-AI/experiments/benchmark/data/abo/masks/B07QJXK4CD.png,/home/rladlems1031/Isajjim-AI/experiments/benchmark/data/abo/meshes/D/B07QJXK4CD.glb,0.5802881615600187,0.6259763872996483,1.0,10.038,14453.5,True,
241,DISPLAY_SHELF,/home/rladlems1031/Isajjim-AI/experiments/benchmark/data/abo/images/c3/c3249cb5.jpg,/home/rladlems1031/Isajjim-AI/experiments/benchmark/data/abo/masks/B07HSCJZQM.png,/home/rladlems1031/Isajjim-AI/experiments/benchmark/data/abo/meshes/M/B07HSCJZQM.glb,0.23584001513390318,0.32911448435559604,1.0,8.538,13981.9,True,
242,DRAWER,/home/rladlems1031/Isajjim-AI/experiments/benchmark/data/abo/images/06/06e7730c.jpg,/home/rladlems1031/Isajjim-AI/experiments/benchmark/data/abo/masks/B079VPLVH5.png,/home/rladlems1031/Isajjim-AI/experiments/benchmark/data/abo/meshes/5/B079VPLVH5.glb,0.8621905926768578,0.9046582704259015,1.0,8.182,13906.6,True,
243,DISPLAY_SHELF,/home/rladlems1031/Isajjim-AI/experiments/benchmark/data/abo/images/90/906d9be4.jpg,/home/rladlems1031/Isajjim-AI/experiments/benchmark/data/abo/masks/B07H8P1N9T.png,/home/rladlems1031/Isajjim-AI/experiments/benchmark/data/abo/meshes/T/B07H8P1N9T.glb,0.3140101480654325,0.7293946518625555,1.0,10.755,14711.1,True,
244,DISPLAY_SHELF,/home/rladlems1031/Isajjim-AI/experiments/benchmark/data/abo/images/27/272a9843.jpg,/home/rladlems1031/Isajjim-AI/experiments/benchmark/data/abo/masks/B07QY2XJD6.png,/home/rladlems1031/Isajjim-AI/experiments/benchmark/data/abo/meshes/6/B07QY2XJD6.glb,0.5180211854245221,0.8732959003491673,1.0,16.143,18193.5,True,
245,BED,/home/rladlems1031/Isajjim-AI/experiments/benchmark/data/abo/images/80/80725e3d.jpg,/home/rladlems1031/Isajjim-AI/experiments/benchmark/data/abo/masks/B07B4ZQQL3.png,/home/rladlems1031/Isajjim-AI/experiments/benchmark/data/abo/meshes/3/B07B4ZQQL3.glb,0.6144296404238896,0.677423651109495,1.0,10.7,14626.2,True,
246,SOFA,/home/rladlems1031/Isajjim-AI/experiments/benchmark/data/abo/images/5e/5e2ceb4f.jpg,/home/rladlems1031/Isajjim-AI/experiments/benchmark/data/abo/masks/B07B4D84TW.png,/home/rladlems1031/Isajjim-AI/experiments/benchmark/data/abo/meshes/W/B07B4D84TW.glb,0.3289340771916957,0.6767348424667143,1.0,9.351,14005.8,True,
247,DESK,/home/rladlems1031/Isajjim-AI/experiments/benchmark/data/abo/images/92/92dc6b2c.jpg,/home/rladlems1031/Isajjim-AI/experiments/benchmark/data/abo/masks/B07TLDMQS2.png,/home/rladlems1031/Isajjim-AI/experiments/benchmark/data/abo/meshes/2/B07TLDMQS2.glb,0.5557960819391723,0.7874435117299232,1.0,9.008,14122.5,True,
248,CABINET,/home/rladlems1031/Isajjim-AI/experiments/benchmark/data/abo/images/9a/9a153ecd.jpg,/home/rladlems1031/Isajjim-AI/experiments/benchmark/data/abo/masks/B07C41C1C8.png,/home/rladlems1031/Isajjim-AI/experiments/benchmark/data/abo/meshes/8/B07C41C1C8.glb,0.15949701415065018,0.26975874978839226,1.0,8.452,13965.6,True,
249,CHAIR_STOOL,/home/rladlems1031/Isajjim-AI/experiments/benchmark/data/abo/images/99/994c9ab9.jpg,/home/rladlems1031/Isajjim-AI/experiments/benchmark/data/abo/masks/B082QDKRCP.png,/home/rladlems1031/Isajjim-AI/experiments/benchmark/data/abo/meshes/P/B082QDKRCP.glb,0.7717926810921546,0.8082070225352168,1.0,13.168,15903.2,True,
250,CHAIR_STOOL,/home/rladlems1031/Isajjim-AI/experiments/benchmark/data/abo/images/37/37441040.jpg,/home/rladlems1031/Isajjim-AI/experiments/benchmark/data/abo/masks/B07QGSZ4LN.png,/home/rladlems1031/Isajjim-AI/experiments/benchmark/data/abo/meshes/N/B07QGSZ4LN.glb,0.6021925153822962,0.695173212854728,1.0,13.857,16462.4,True,
251,CHAIR_STOOL,/home/rladlems1031/Isajjim-AI/experiments/benchmark/data/abo/images/75/75986949.jpg,/home/rladlems1031/Isajjim-AI/experiments/benchmark/data/abo/masks/B07QFP5TNM.png,/home/rladlems1031/Isajjim-AI/experiments/benchmark/data/abo/meshes/M/B07QFP5TNM.glb,0.6665560273436364,0.7427222693239779,1.0,8.786,13976.7,True,
252,DRAWER,/home/rladlems1031/Isajjim-AI/experiments/benchmark/data/abo/images/3c/3ceb02d8.jpg,/home/rladlems1031/Isajjim-AI/experiments/benchmark/data/abo/masks/B077NZFT6C.png,/home/rladlems1031/Isajjim-AI/experiments/benchmark/data/abo/meshes/C/B077NZFT6C.glb,0.5578136353226179,0.808594472419815,1.0,17.589,18603.8,True,
253,BED,/home/rladlems1031/Isajjim-AI/experiments/benchmark/data/abo/images/58/586d7ff6.jpg,/home/rladlems1031/Isajjim-AI/experiments/benchmark/data/abo/masks/B07B4YXRLC.png,/home/rladlems1031/Isajjim-AI/experiments/benchmark/data/abo/meshes/C/B07B4YXRLC.glb,0.6067528581400303,0.7061474694692204,1.0,12.182,15499.6,True,
254,SOFA,/home/rladlems1031/Isajjim-AI/experiments/benchmark/data/abo/images/93/939beb01.jpg,/home/rladlems1031/Isajjim-AI/experiments/benchmark/data/abo/masks/B07B4D86J6.png,/home/rladlems1031/Isajjim-AI/experiments/benchmark/data/abo/meshes/6/B07B4D86J6.glb,0.4985727768299996,0.6151529311637723,1.0,10.158,14299.1,True,
255,DESK,/home/rladlems1031/Isajjim-AI/experiments/benchmark/data/abo/images/65/6595284e.jpg,/home/rladlems1031/Isajjim-AI/experiments/benchmark/data/abo/masks/B07GFRCLMN.png,/home/rladlems1031/Isajjim-AI/experiments/benchmark/data/abo/meshes/N/B07GFRCLMN.glb,0.5091364808216765,0.7756089543550968,1.0,10.079,14053.5,True,
256,SOFA,/home/rladlems1031/Isajjim-AI/experiments/benchmark/data/abo/images/6a/6ab3b1b0.jpg,/home/rladlems1031/Isajjim-AI/experiments/benchmark/data/abo/masks/B0831X3864.png,/home/rladlems1031/Isajjim-AI/experiments/benchmark/data/abo/meshes/4/B0831X3864.glb,0.4229104222919501,0.4391012218231435,1.0,8.998,13942.1,True,
257,CHAIR_STOOL,/home/rladlems1031/Isajjim-AI/experiments/benchmark/data/abo/images/5f/5f2c6072.jpg,/home/rladlems1031/Isajjim-AI/experiments/benchmark/data/abo/masks/B07JKTRKT3.png,/home/rladlems1031/Isajjim-AI/experiments/benchmark/data/abo/meshes/3/B07JKTRKT3.glb,0.6023864816691715,0.6527285441538875,1.0,8.729,13926.2,True,
258,DRAWER,/home/rladlems1031/Isajjim-AI/experiments/benchmark/data/abo/images/63/63783923.jpg,/home/rladlems1031/Isajjim-AI/experiments/benchmark/data/abo/masks/B07HSHYZKN.png,/home/rladlems1031/Isajjim-AI/experiments/benchmark/data/abo/meshes/N/B07HSHYZKN.glb,0.5171480995210389,0.9998711541282048,1.0,19.103,19391.5,True,
260,DISPLAY_SHELF,/home/rladlems1031/Isajjim-AI/experiments/benchmark/data/abo/images/8b/8b5f7b3b.jpg,/home/rladlems1031/Isajjim-AI/experiments/benchmark/data/abo/masks/B088HBRF7Y.png,/home/rladlems1031/Isajjim-AI/experiments/benchmark/data/abo/meshes/Y/B088HBRF7Y.glb,0.13632721437516987,0.33752553588251066,1.0,8.54,13981.9,True,
261,SOFA,/home/rladlems1031/Isajjim-AI/experiments/benchmark/data/abo/images/ee/ee4bca4d.jpg,/home/rladlems1031/Isajjim-AI/experiments/benchmark/data/abo/masks/B07HPNB4HQ.png,/home/rladlems1031/Isajjim-AI/experiments/benchmark/data/abo/meshes/Q/B07HPNB4HQ.glb,0.43133135940902423,0.476025457290246,1.0,9.433,14184.4,True,
262,DISPLAY_SHELF,/home/rladlems1031/Isajjim-AI/experiments/benchmark/data/abo/images/c3/c32293e8.jpg,/home/rladlems1031/Isajjim-AI/experiments/benchmark/data/abo/masks/B088HCYH1D.png,/home/rladlems1031/Isajjim-AI/experiments/benchmark/data/abo/meshes/D/B088HCYH1D.glb,0.2777499304398368,0.3026550989742675,1.0,8.613,13981.9,True,
263,SOFA,/home/rladlems1031/Isajjim-AI/experiments/benchmark/data/abo/images/89/898e7f8b.jpg,/home/rladlems1031/Isajjim-AI/experiments/benchmark/data/abo/masks/B072C8Q9S8.png,/home/rladlems1031/Isajjim-AI/experiments/benchmark/data/abo/meshes/8/B072C8Q9S8.glb,0.5226652408021228,0.5653807530529105,1.0,10.489,14181.9,True,
264,DRAWER,/home/rladlems1031/Isajjim-AI/experiments/benchmark/data/abo/images/2f/2f3da4c2.jpg,/home/rladlems1031/Isajjim-AI/experiments/benchmark/data/abo/masks/B079TZ7JZJ.png,/home/rladlems1031/Isajjim-AI/experiments/benchmark/data/abo/meshes/J/B079TZ7JZJ.glb,0.7129610228946776,0.8320012835875779,1.0,8.086,13906.6,True,
265,BED,/home/rladlems1031/Isajjim-AI/experiments/benchmark/data/abo/images/34/348c52d6.jpg,/home/rladlems1031/Isajjim-AI/experiments/benchmark/data/abo/masks/B07B4W2MD8.png,/home/rladlems1031/Isajjim-AI/experiments/benchmark/data/abo/meshes/8/B07B4W2MD8.glb,0.6086070251039791,0.8221662708385483,1.0,11.313,14285.9,True,
266,CHAIR_STOOL,/home/rladlems1031/Isajjim-AI/experiments/benchmark/data/abo/images/a5/a5c76213.jpg,/home/rladlems1031/Isajjim-AI/experiments/benchmark/data/abo/masks/B07B4MH9QF.png,/home/rladlems1031/Isajjim-AI/experiments/benchmark/data/abo/meshes/F/B07B4MH9QF.glb,0.8826493687839192,0.9263175251862507,1.0,8.921,13981.9,True,
267,DRAWER,/home/rladlems1031/Isajjim-AI/experiments/benchmark/data/abo/images/d1/d12b659b.jpg,/home/rladlems1031/Isajjim-AI/experiments/benchmark/data/abo/masks/B07PYKJYLQ.png,/home/rladlems1031/Isajjim-AI/experiments/benchmark/data/abo/meshes/Q/B07PYKJYLQ.glb,0.23547872240059842,0.8962664320095196,1.0,9.896,14233.8,True,
268,CHAIR_STOOL,/home/rladlems1031/Isajjim-AI/experiments/benchmark/data/abo/images/85/858403cf.jpg,/home/rladlems1031/Isajjim-AI/experiments/benchmark/data/abo/masks/B07QDNRFKJ.png,/home/rladlems1031/Isajjim-AI/experiments/benchmark/data/abo/meshes/J/B07QDNRFKJ.glb,0.49751903134403325,0.6575357566636295,1.0,9.363,13957.6,True,
269,CHAIR_STOOL,/home/rladlems1031/Isajjim-AI/experiments/benchmark/data/abo/images/cf/cf0bfaca.jpg,/home/rladlems1031/Isajjim-AI/experiments/benchmark/data/abo/masks/B07QJZ2N42.png,/home/rladlems1031/Isajjim-AI/experiments/benchmark/data/abo/meshes/2/B07QJZ2N42.glb,0.6290689897368557,0.6884533159674395,1.0,13.689,16979.4,True,
271,SOFA,/home/rladlems1031/Isajjim-AI/experiments/benchmark/data/abo/images/c1/c1cce06f.jpg,/home/rladlems1031/Isajjim-AI/experiments/benchmark/data/abo/masks/B07G2H9MSQ.png,/home/rladlems1031/Isajjim-AI/experiments/benchmark/data/abo/meshes/Q/B07G2H9MSQ.glb,0.4041897442255749,0.4618389962562961,1.0,9.358,13966.9,True,
272,SOFA,/home/rladlems1031/Isajjim-AI/experiments/benchmark/data/abo/images/45/451186a6.jpg,/home/rladlems1031/Isajjim-AI/experiments/benchmark/data/abo/masks/B0831Y1G6B.png,/home/rladlems1031/Isajjim-AI/experiments/benchmark/data/abo/meshes/B/B0831Y1G6B.glb,0.3154781069935894,0.6489489216831994,1.0,9.949,14509.5,True,
273,CHAIR_STOOL,/home/rladlems1031/Isajjim-AI/experiments/benchmark/data/abo/images/62/623cc271.jpg,/home/rladlems1031/Isajjim-AI/experiments/benchmark/data/abo/masks/B07J2R9Y4W.png,/home/rladlems1031/Isajjim-AI/experiments/benchmark/data/abo/meshes/W/B07J2R9Y4W.glb,0.9574928459334834,0.9639080866842723,1.0,15.674,18118.9,True,
274,SOFA,/home/rladlems1031/Isajjim-AI/experiments/benchmark/data/abo/images/1e/1ebaf0cb.jpg,/home/rladlems1031/Isajjim-AI/experiments/benchmark/data/abo/masks/B07BWLMJ8J.png,/home/rladlems1031/Isajjim-AI/experiments/benchmark/data/abo/meshes/J/B07BWLMJ8J.glb,0.28658542872874154,0.6725813243665787,1.0,9.458,14003.9,True,
275,DISPLAY_SHELF,/home/rladlems1031/Isajjim-AI/experiments/benchmark/data/abo/images/4c/4cd65359.jpg,/home/rladlems1031/Isajjim-AI/experiments/benchmark/data/abo/masks/B07TZ9BMJG.png,/home/rladlems1031/Isajjim-AI/experiments/benchmark/data/abo/meshes/G/B07TZ9BMJG.glb,0.3519081483035989,0.4861964431381027,1.0,8.568,13926.2,True,
276,SOFA,/home/rladlems1031/Isajjim-AI/experiments/benchmark/data/abo/images/10/10a9bfaa.jpg,/home/rladlems1031/Isajjim-AI/experiments/benchmark/data/abo/masks/B07J2KL8RY.png,/home/rladlems1031/Isajjim-AI/experiments/benchmark/data/abo/meshes/Y/B07J2KL8RY.glb,0.3577265307076802,0.48362767333545376,1.0,9.365,13942.1,True,
277,DRAWER,/home/rladlems1031/Isajjim-AI/experiments/benchmark/data/abo/images/ee/ee985bca.jpg,/home/rladlems1031/Isajjim-AI/experiments/benchmark/data/abo/masks/B07FFWSBBF.png,/home/rladlems1031/Isajjim-AI/experiments/benchmark/data/abo/meshes/F/B07FFWSBBF.glb,0.3395749878699779,0.8673403261766571,1.0,13.198,16256.0,True,
278,SOFA,/home/rladlems1031/Isajjim-AI/experiments/benchmark/data/abo/images/b6/b61dd7d7.jpg,/home/rladlems1031/Isajjim-AI/experiments/benchmark/data/abo/masks/B075X2WNWG.png,/home/rladlems1031/Isajjim-AI/experiments/benchmark/data/abo/meshes/G/B075X2WNWG.glb,0.40084184572815074,0.4197627349997462,1.0,9.24,13981.9,True,
279,CHAIR_STOOL,/home/rladlems1031/Isajjim-AI/experiments/benchmark/data/abo/images/11/11ecebc7.jpg,/home/rladlems1031/Isajjim-AI/experiments/benchmark/data/abo/masks/B07QGWLBBC.png,/home/rladlems1031/Isajjim-AI/experiments/benchmark/data/abo/meshes/C/B07QGWLBBC.glb,0.5530700761039771,0.6567773780237685,1.0,9.757,14177.7,True,
280,SOFA,/home/rladlems1031/Isajjim-AI/experiments/benchmark/data/abo/images/a8/a8246134.jpg,/home/rladlems1031/Isajjim-AI/experiments/benchmark/data/abo/masks/B075X4VM7F.png,/home/rladlems1031/Isajjim-AI/experiments/benchmark/data/abo/meshes/F/B075X4VM7F.glb,0.37279000972560505,0.3909961023314774,1.0,9.128,13981.9,True,
281,DISPLAY_SHELF,/home/rladlems1031/Isajjim-AI/experiments/benchmark/data/abo/images/07/07abd730.jpg,/home/rladlems1031/Isajjim-AI/experiments/benchmark/data/abo/masks/B07PNG6XLV.png,/home/rladlems1031/Isajjim-AI/experiments/benchmark/data/abo/meshes/V/B07PNG6XLV.glb,0.17464811020934784,0.4034696322503788,1.0,8.357,13959.6,True,
282,SOFA,/home/rladlems1031/Isajjim-AI/experiments/benchmark/data/abo/images/64/64a1b160.jpg,/home/rladlems1031/Isajjim-AI/experiments/benchmark/data/abo/masks/B07G34GPYH.png,/home/rladlems1031/Isajjim-AI/experiments/benchmark/data/abo/meshes/H/B07G34GPYH.glb,0.4424825194408729,0.477489732961566,1.0,9.074,13957.6,True,
283,SOFA,/home/rladlems1031/Isajjim-AI/experiments/benchmark/data/abo/images/4e/4ed5e182.jpg,/home/rladlems1031/Isajjim-AI/experiments/benchmark/data/abo/masks/B072PZ4LVN.png,/home/rladlems1031/Isajjim-AI/experiments/benchmark/data/abo/meshes/N/B072PZ4LVN.glb,0.46307311766539133,0.4862407835149809,1.0,9.469,13941.7,True,
284,CHAIR_STOOL,/home/rladlems1031/Isajjim-AI/experiments/benchmark/data/abo/images/8f/8f3bf68c.jpg,/home/rladlems1031/Isajjim-AI/experiments/benchmark/data/abo/masks/B07QDL57B8.png,/home/rladlems1031/Isajjim-AI/experiments/benchmark/data/abo/meshes/8/B07QDL57B8.glb,0.6480104758908382,0.7039363932224193,1.0,15.348,17801.0,True,
285,CHAIR_STOOL,/home/rladlems1031/Isajjim-AI/experiments/benchmark/data/abo/images/e2/e23d2a53.jpg,/home/rladlems1031/Isajjim-AI/experiments/benchmark/data/abo/masks/B084T7K1P4.png,/home/rladlems1031/Isajjim-AI/experiments/benchmark/data/abo/meshes/4/B084T7K1P4.glb,0.6065558281558263,0.6365338822411686,1.0,8.214,13939.3,True,
286,SOFA,/home/rladlems1031/Isajjim-AI/experiments/benchmark/data/abo/images/24/24179d45.jpg,/home/rladlems1031/Isajjim-AI/experiments/benchmark/data/abo/masks/B07P8SRVPN.png,/home/rladlems1031/Isajjim-AI/experiments/benchmark/data/abo/meshes/N/B07P8SRVPN.glb,0.6402139791126824,0.6598140014937209,1.0,11.848,15492.1,True,
287,SOFA,/home/rladlems1031/Isajjim-AI/experiments/benchmark/data/abo/images/36/36a75f55.jpg,/home/rladlems1031/Isajjim-AI/experiments/benchmark/data/abo/masks/B07SHYNBDG.png,/home/rladlems1031/Isajjim-AI/experiments/benchmark/data/abo/meshes/G/B07SHYNBDG.glb,0.5291017719816684,0.8205495151154963,1.0,10.763,14176.7,True,
288,CHAIR_STOOL,/home/rladlems1031/Isajjim-AI/experiments/benchmark/data/abo/images/40/402ee0d5.jpg,/home/rladlems1031/Isajjim-AI/experiments/benchmark/data/abo/masks/B07DC1LJFV.png,/home/rladlems1031/Isajjim-AI/experiments/benchmark/data/abo/meshes/V/B07DC1LJFV.glb,0.5199723817222122,0.5846987372122057,1.0,8.69,13933.7,True,
289,DRAWER,/home/rladlems1031/Isajjim-AI/experiments/benchmark/data/abo/images/24/24538384.jpg,/home/rladlems1031/Isajjim-AI/experiments/benchmark/data/abo/masks/B079TXCC1J.png,/home/rladlems1031/Isajjim-AI/experiments/benchmark/data/abo/meshes/J/B079TXCC1J.glb,0.7751390650115925,0.9038793129724905,1.0,8.18,13906.6,True,
290,SOFA,/home/rladlems1031/Isajjim-AI/experiments/benchmark/data/abo/images/dc/dc778a39.jpg,/home/rladlems1031/Isajjim-AI/experiments/benchmark/data/abo/masks/B07G33Z52Z.png,/home/rladlems1031/Isajjim-AI/experiments/benchmark/data/abo/meshes/Z/B07G33Z52Z.glb,0.4524063736006133,0.5050605409076745,1.0,9.47,13975.4,True,
291,CHAIR_STOOL,/home/rladlems1031/Isajjim-AI/experiments/benchmark/data/abo/images/e7/e7c81729.jpg,/home/rladlems1031/Isajjim-AI/experiments/benchmark/data/abo/masks/B075YN3HB3.png,/home/rladlems1031/Isajjim-AI/experiments/benchmark/data/abo/meshes/3/B075YN3HB3.glb,0.5546850402922673,0.6656022587580757,1.0,9.59,14006.5,True,
292,CHAIR_STOOL,/home/rladlems1031/Isajjim-AI/experiments/benchmark/data/abo/images/0c/0ca97a05.jpg,/home/rladlems1031/Isajjim-AI/experiments/benchmark/data/abo/masks/B07HSBD6TF.png,/home/rladlems1031/Isajjim-AI/experiments/benchmark/data/abo/meshes/F/B07HSBD6TF.glb,0.5355390510638237,0.5984437943197429,1.0,8.553,13947.6,True,
293,SOFA,/home/rladlems1031/Isajjim-AI/experiments/benchmark/data/abo/images/d5/d5eadb09.jpg,/home/rladlems1031/Isajjim-AI/experiments/benchmark/data/abo/masks/B072M1WJ8S.png,/home/rladlems1031/Isajjim-AI/experiments/benchmark/data/abo/meshes/S/B072M1WJ8S.glb,0.4740838031134043,0.5094084062546722,1.0,9.566,13941.7,True,
294,CHAIR_STOOL,/home/rladlems1031/Isajjim-AI/experiments/benchmark/data/abo/images/c0/c067f963.jpg,/home/rladlems1031/Isajjim-AI/experiments/benchmark/data/abo/masks/B082QDSXL6.png,/home/rladlems1031/Isajjim-AI/experiments/benchmark/data/abo/meshes/6/B082QDSXL6.glb,0.6620518370174339,0.9426751411475394,1.0,11.601,14330.4,True,
295,CHAIR_STOOL,/home/rladlems1031/Isajjim-AI/experiments/benchmark/data/abo/images/d6/d6bcb121.jpg,/home/rladlems1031/Isajjim-AI/experiments/benchmark/data/abo/masks/B07HPCBT5Z.png,/home/rladlems1031/Isajjim-AI/experiments/benchmark/data/abo/meshes/Z/B07HPCBT5Z.glb,0.4544946242674771,0.5604998745308201,1.0,8.281,13925.8,True,
296,CHAIR_STOOL,/home/rladlems1031/Isajjim-AI/experiments/benchmark/data/abo/images/60/60716d39.jpg,/home/rladlems1031/Isajjim-AI/experiments/benchmark/data/abo/masks/B0857JZKYB.png,/home/rladlems1031/Isajjim-AI/experiments/benchmark/data/abo/meshes/B/B0857JZKYB.glb,0.5189197741435395,0.6769272463981116,1.0,8.318,13934.9,True,
297,DRAWER,/home/rladlems1031/Isajjim-AI/experiments/benchmark/data/abo/images/dd/dd8947bb.jpg,/home/rladlems1031/Isajjim-AI/experiments/benchmark/data/abo/masks/B00838756S.png,/home/rladlems1031/Isajjim-AI/experiments/benchmark/data/abo/meshes/S/B00838756S.glb,0.44303268478465213,0.7874960695492937,1.0,13.189,16484.5,True,
298,CHAIR_STOOL,/home/rladlems1031/Isajjim-AI/experiments/benchmark/data/abo/images/12/1227cda0.jpg,/home/rladlems1031/Isajjim-AI/experiments/benchmark/data/abo/masks/B07P5LMFMT.png,/home/rladlems1031/Isajjim-AI/experiments/benchmark/data/abo/meshes/T/B07P5LMFMT.glb,0.7485467122675287,0.9637299715514474,1.0,8.714,13972.7,True,
299,CHAIR_STOOL,/home/rladlems1031/Isajjim-AI/experiments/benchmark/data/abo/images/9e/9e975c75.jpg,/home/rladlems1031/Isajjim-AI/experiments/benchmark/data/abo/masks/B075YN3GVN.png,/home/rladlems1031/Isajjim-AI/experiments/benchmark/data/abo/meshes/N/B075YN3GVN.glb,0.5034483868350907,0.6108838868460706,1.0,8.924,13959.3,True,
300,CHAIR_STOOL,/home/rladlems1031/Isajjim-AI/experiments/benchmark/data/abo/images/34/34ea5f75.jpg,/home/rladlems1031/Isajjim-AI/experiments/benchmark/data/abo/masks/B082QCY5SV.png,/home/rladlems1031/Isajjim-AI/experiments/benchmark/data/abo/meshes/V/B082QCY5SV.glb,0.7439822250872526,0.7547496942161354,1.0,12.154,15606.4,True,
301,CHAIR_STOOL,/home/rladlems1031/Isajjim-AI/experiments/benchmark/data/abo/images/10/1054e7da.jpg,/home/rladlems1031/Isajjim-AI/experiments/benchmark/data/abo/masks/B07TZRKLXL.png,/home/rladlems1031/Isajjim-AI/experiments/benchmark/data/abo/meshes/L/B07TZRKLXL.glb,0.5604497220968876,0.6574607250824013,1.0,9.677,14074.4,True,
302,BED,/home/rladlems1031/Isajjim-AI/experiments/benchmark/data/abo/images/c1/c1ab9976.jpg,/home/rladlems1031/Isajjim-AI/experiments/benchmark/data/abo/masks/B07B4W31CX.png,/home/rladlems1031/Isajjim-AI/experiments/benchmark/data/abo/meshes/X/B07B4W31CX.glb,0.6357740347117914,0.7435434027791711,1.0,9.422,13981.9,True,
303,SOFA,/home/rladlems1031/Isajjim-AI/experiments/benchmark/data/abo/images/7a/7aafb6ec.jpg,/home/rladlems1031/Isajjim-AI/experiments/benchmark/data/abo/masks/B07QGSZ3FP.png,/home/rladlems1031/Isajjim-AI/experiments/benchmark/data/abo/meshes/P/B07QGSZ3FP.glb,0.45664235585308394,0.6509627164876172,1.0,10.472,14664.5,True,
304,CABINET,/home/rladlems1031/Isajjim-AI/experiments/benchmark/data/abo/images/b5/b5269505.jpg,/home/rladlems1031/Isajjim-AI/experiments/benchmark/data/abo/masks/B07H8JWNQH.png,/home/rladlems1031/Isajjim-AI/experiments/benchmark/data/abo/meshes/H/B07H8JWNQH.glb,0.49356076461737525,0.8461029300870869,1.0,8.316,13943.7,True,
305,SOFA,/home/rladlems1031/Isajjim-AI/experiments/benchmark/data/abo/images/84/840a1c49.jpg,/home/rladlems1031/Isajjim-AI/experiments/benchmark/data/abo/masks/B07P5LN1M4.png,/home/rladlems1031/Isajjim-AI/experiments/benchmark/data/abo/meshes/4/B07P5LN1M4.glb,0.46723130583042083,0.6623715674151499,1.0,10.049,14367.8,True,
306,CHAIR_STOOL,/home/rladlems1031/Isajjim-AI/experiments/benchmark/data/abo/images/2f/2fc08576.jpg,/home/rladlems1031/Isajjim-AI/experiments/benchmark/data/abo/masks/B082QCSFK7.png,/home/rladlems1031/Isajjim-AI/experiments/benchmark/data/abo/meshes/7/B082QCSFK7.glb,0.6888597761595474,0.9501793155977792,1.0,13.565,15994.4,True,
307,CHAIR_STOOL,/home/rladlems1031/Isajjim-AI/experiments/benchmark/data/abo/images/85/85524f85.jpg,/home/rladlems1031/Isajjim-AI/experiments/benchmark/data/abo/masks/B07DBDZ3WW.png,/home/rladlems1031/Isajjim-AI/experiments/benchmark/data/abo/meshes/W/B07DBDZ3WW.glb,0.5692242925972438,0.66839186971841,1.0,11.459,15532.2,True,
308,CHAIR_STOOL,/home/rladlems1031/Isajjim-AI/experiments/benchmark/data/abo/images/f3/f326e5ad.jpg,/home/rladlems1031/Isajjim-AI/experiments/benchmark/data/abo/masks/B07THSQFHW.png,/home/rladlems1031/Isajjim-AI/experiments/benchmark/data/abo/meshes/W/B07THSQFHW.glb,0.6138747093719927,0.6303248962126434,1.0,16.108,18601.3,True,
309,SOFA,/home/rladlems1031/Isajjim-AI/experiments/benchmark/data/abo/images/aa/aa38e6e8.jpg,/home/rladlems1031/Isajjim-AI/experiments/benchmark/data/abo/masks/B07HZ7TKQH.png,/home/rladlems1031/Isajjim-AI/experiments/benchmark/data/abo/meshes/H/B07HZ7TKQH.glb,0.4781793523459114,0.5468280076483275,1.0,10.324,14632.0,True,
310,SOFA,/home/rladlems1031/Isajjim-AI/experiments/benchmark/data/abo/images/f9/f92dd577.jpg,/home/rladlems1031/Isajjim-AI/experiments/benchmark/data/abo/masks/B07B4MHCDR.png,/home/rladlems1031/Isajjim-AI/experiments/benchmark/data/abo/meshes/R/B07B4MHCDR.glb,0.4043623481926597,0.44434928807608665,1.0,9.384,13981.9,True,
311,SOFA,/home/rladlems1031/Isajjim-AI/experiments/benchmark/data/abo/images/0c/0cc81d38.jpg,/home/rladlems1031/Isajjim-AI/experiments/benchmark/data/abo/masks/B0723H8JVJ.png,/home/rladlems1031/Isajjim-AI/experiments/benchmark/data/abo/meshes/J/B0723H8JVJ.glb,0.5549452201051308,0.6881396790979786,1.0,12.277,16114.6,True,
312,CHAIR_STOOL,/home/rladlems1031/Isajjim-AI/experiments/benchmark/data/abo/images/75/757aae99.jpg,/home/rladlems1031/Isajjim-AI/experiments/benchmark/data/abo/masks/B075YMXWZM.png,/home/rladlems1031/Isajjim-AI/experiments/benchmark/data/abo/meshes/M/B075YMXWZM.glb,0.5799609376057402,0.7084317360068468,1.0,8.653,13981.4,True,
313,CHAIR_STOOL,/home/rladlems1031/Isajjim-AI/experiments/benchmark/data/abo/images/0a/0a1d9a07.jpg,/home/rladlems1031/Isajjim-AI/experiments/benchmark/data/abo/masks/B07K7LVRMZ.png,/home/rladlems1031/Isajjim-AI/experiments/benchmark/data/abo/meshes/Z/B07K7LVRMZ.glb,0.49385344888200156,0.6233451504525819,1.0,8.021,13926.2,True,
314,CHAIR_STOOL,/home/rladlems1031/Isajjim-AI/experiments/benchmark/data/abo/images/42/42d0eead.jpg,/home/rladlems1031/Isajjim-AI/experiments/benchmark/data/abo/masks/B07JQWZX4T.png,/home/rladlems1031/Isajjim-AI/experiments/benchmark/data/abo/meshes/T/B07JQWZX4T.glb,0.7238292145347061,0.7742617081899887,1.0,15.879,18229.5,True,
315,DESK,/home/rladlems1031/Isajjim-AI/experiments/benchmark/data/abo/images/12/12937c45.jpg,/home/rladlems1031/Isajjim-AI/experiments/benchmark/data/abo/masks/B07QWZDK9S.png,/home/rladlems1031/Isajjim-AI/experiments/benchmark/data/abo/meshes/S/B07QWZDK9S.glb,0.7427992365170943,0.8223005542275449,1.0,16.063,18254.2,True,
316,CHAIR_STOOL,/home/rladlems1031/Isajjim-AI/experiments/benchmark/data/abo/images/7a/7a6f425c.jpg,/home/rladlems1031/Isajjim-AI/experiments/benchmark/data/abo/masks/B075NRDS91.png,/home/rladlems1031/Isajjim-AI/experiments/benchmark/data/abo/meshes/1/B075NRDS91.glb,0.70008490719076,0.8481220526835805,1.0,13.825,16948.2,True,
317,SOFA,/home/rladlems1031/Isajjim-AI/experiments/benchmark/data/abo/images/24/24003013.jpg,/home/rladlems1031/Isajjim-AI/experiments/benchmark/data/abo/masks/B07J2YWSJN.png,/home/rladlems1031/Isajjim-AI/experiments/benchmark/data/abo/meshes/N/B07J2YWSJN.glb,0.4102279228171862,0.5516879302884897,1.0,9.115,13948.0,True,
318,CHAIR_STOOL,/home/rladlems1031/Isajjim-AI/experiments/benchmark/data/abo/images/46/466d849d.jpg,/home/rladlems1031/Isajjim-AI/experiments/benchmark/data/abo/masks/B07TJVTZNR.png,/home/rladlems1031/Isajjim-AI/experiments/benchmark/data/abo/meshes/R/B07TJVTZNR.glb,0.5226880243922392,0.5780731752825683,1.0,8.487,13955.6,True,
319,SOFA,/home/rladlems1031/Isajjim-AI/experiments/benchmark/data/abo/images/b0/b007200c.jpg,/home/rladlems1031/Isajjim-AI/experiments/benchmark/data/abo/masks/B07B4M6CFN.png,/home/rladlems1031/Isajjim-AI/experiments/benchmark/data/abo/meshes/N/B07B4M6CFN.glb,0.3348339587503486,0.6545644544950774,1.0,9.438,13985.0,True,
320,CHAIR_STOOL,/home/rladlems1031/Isajjim-AI/experiments/benchmark/data/abo/images/4d/4dd3d731.jpg,/home/rladlems1031/Isajjim-AI/experiments/benchmark/data/abo/masks/B07DBDV64G.png,/home/rladlems1031/Isajjim-AI/experiments/benchmark/data/abo/meshes/G/B07DBDV64G.glb,0.6678178778637576,0.7157978484379373,1.0,12.014,15878.3,True,
321,DESK,/home/rladlems1031/Isajjim-AI/experiments/benchmark/data/abo/images/9a/9a133261.jpg,/home/rladlems1031/Isajjim-AI/experiments/benchmark/data/abo/masks/B07GFT67NJ.png,/home/rladlems1031/Isajjim-AI/experiments/benchmark/data/abo/meshes/J/B07GFT67NJ.glb,0.5247528257327776,0.7903247858795462,1.0,10.412,14947.1,True,
322,CABINET,/home/rladlems1031/Isajjim-AI/experiments/benchmark/data/abo/images/69/69fe044f.jpg,/home/rladlems1031/Isajjim-AI/experiments/benchmark/data/abo/masks/B07B8NBQQP.png,/home/rladlems1031/Isajjim-AI/experiments/benchmark/data/abo/meshes/P/B07B8NBQQP.glb,0.4563130691566305,0.9178691612800453,1.0,14.996,17008.2,True,
323,BED,/home/rladlems1031/Isajjim-AI/experiments/benchmark/data/abo/images/b6/b6da0eb0.jpg,/home/rladlems1031/Isajjim-AI/experiments/benchmark/data/abo/masks/B073WRF56P.png,/home/rladlems1031/Isajjim-AI/experiments/benchmark/data/abo/meshes/P/B073WRF56P.glb,0.368323127668461,0.9821268190318839,1.0,10.233,14351.5,True,
324,BED,/home/rladlems1031/Isajjim-AI/experiments/benchmark/data/abo/images/8b/8b546e2b.jpg,/home/rladlems1031/Isajjim-AI/experiments/benchmark/data/abo/masks/B07K7NSKQ3.png,/home/rladlems1031/Isajjim-AI/experiments/benchmark/data/abo/meshes/3/B07K7NSKQ3.glb,0.4943413816407621,0.8713790320123437,1.0,10.84,14269.0,True,
325,CHAIR_STOOL,/home/rladlems1031/Isajjim-AI/experiments/benchmark/data/abo/images/82/829925e9.jpg,/home/rladlems1031/Isajjim-AI/experiments/benchmark/data/abo/masks/B076NKJCRN.png,/home/rladlems1031/Isajjim-AI/experiments/benchmark/data/abo/meshes/N/B076NKJCRN.glb,0.5224408888505404,0.62319262216637,1.0,9.478,14122.3,True,
326,DESK,/home/rladlems1031/Isajjim-AI/experiments/benchmark/data/abo/images/45/45ae89d5.jpg,/home/rladlems1031/Isajjim-AI/experiments/benchmark/data/abo/masks/B07QC85X9C.png,/home/rladlems1031/Isajjim-AI/experiments/benchmark/data/abo/meshes/C/B07QC85X9C.glb,0.20019073865276532,0.4201376148267725,1.0,8.647,13955.6,True,
327,CHAIR_STOOL,/home/rladlems1031/Isajjim-AI/experiments/benchmark/data/abo/images/14/14be7067.jpg,/home/rladlems1031/Isajjim-AI/experiments/benchmark/data/abo/masks/B07K7NXX2K.png,/home/rladlems1031/Isajjim-AI/experiments/benchmark/data/abo/meshes/K/B07K7NXX2K.glb,0.519839199997102,0.6576034698955243,1.0,8.008,13926.2,True,
328,CHAIR_STOOL,/home/rladlems1031/Isajjim-AI/experiments/benchmark/data/abo/images/81/81699525.jpg,/home/rladlems1031/Isajjim-AI/experiments/benchmark/data/abo/masks/B07QFP4WG2.png,/home/rladlems1031/Isajjim-AI/experiments/benchmark/data/abo/meshes/2/B07QFP4WG2.glb,0.7419399668203278,0.8083108169808708,1.0,14.835,17300.8,True,
329,CHAIR_STOOL,/home/rladlems1031/Isajjim-AI/experiments/benchmark/data/abo/images/94/9488f4b3.jpg,/home/rladlems1031/Isajjim-AI/experiments/benchmark/data/abo/masks/B07QFP52NG.png,/home/rladlems1031/Isajjim-AI/experiments/benchmark/data/abo/meshes/G/B07QFP52NG.glb,0.7301862016923709,0.7787382105352055,1.0,13.35,15205.9,True,
330,CHAIR_STOOL,/home/rladlems1031/Isajjim-AI/experiments/benchmark/data/abo/images/87/87b5de32.jpg,/home/rladlems1031/Isajjim-AI/experiments/benchmark/data/abo/masks/B075X33T21.png,/home/rladlems1031/Isajjim-AI/experiments/benchmark/data/abo/meshes/1/B075X33T21.glb,0.5872856733327314,0.650492176972377,1.0,11.46,14369.8,True,
331,CHAIR_STOOL,/home/rladlems1031/Isajjim-AI/experiments/benchmark/data/abo/images/46/462398f4.jpg,/home/rladlems1031/Isajjim-AI/experiments/benchmark/data/abo/masks/B075X4VWKK.png,/home/rladlems1031/Isajjim-AI/experiments/benchmark/data/abo/meshes/K/B075X4VWKK.glb,0.6332029597085516,0.7303762904409377,1.0,14.9,17131.1,True,
332,CHAIR_STOOL,/home/rladlems1031/Isajjim-AI/experiments/benchmark/data/abo/images/01/0145e777.jpg,/home/rladlems1031/Isajjim-AI/experiments/benchmark/data/abo/masks/B075X2WP1H.png,/home/rladlems1031/Isajjim-AI/experiments/benchmark/data/abo/meshes/H/B075X2WP1H.glb,0.4957306999647583,0.6757575374997252,1.0,11.763,15511.8,True,
333,CABINET,/home/rladlems1031/Isajjim-AI/experiments/benchmark/data/abo/images/87/87cb63a3.jpg,/home/rladlems1031/Isajjim-AI/experiments/benchmark/data/abo/masks/B07H8V7P3H.png,/home/rladlems1031/Isajjim-AI/experiments/benchmark/data/abo/meshes/H/B07H8V7P3H.glb,0.34580560245025893,0.5547471430826615,1.0,9.8,14331.7,True,
334,CHAIR_STOOL,/home/rladlems1031/Isajjim-AI/experiments/benchmark/data/abo/images/36/362339e7.jpg,/home/rladlems1031/Isajjim-AI/experiments/benchmark/data/abo/masks/B07SRYMNXF.png,/home/rladlems1031/Isajjim-AI/experiments/benchmark/data/abo/meshes/F/B07SRYMNXF.glb,0.5283661732575393,0.6724356655559522,1.0,8.634,13970.7,True,
335,SOFA,/home/rladlems1031/Isajjim-AI/experiments/benchmark/data/abo/images/bd/bd9426ab.jpg,/home/rladlems1031/Isajjim-AI/experiments/benchmark/data/abo/masks/B075X43FD2.png,/home/rladlems1031/Isajjim-AI/experiments/benchmark/data/abo/meshes/2/B075X43FD2.glb,0.47792007375340856,0.5766877476442785,1.0,9.823,14134.4,True,
336,CABINET,/home/rladlems1031/Isajjim-AI/experiments/benchmark/data/abo/images/65/6552ccdd.jpg,/home/rladlems1031/Isajjim-AI/experiments/benchmark/data/abo/masks/B07RR3RFHT.png,/home/rladlems1031/Isajjim-AI/experiments/benchmark/data/abo/meshes/T/B07RR3RFHT.glb,0.3080066482276558,0.3106451096669934,1.0,8.56,13961.6,True,
337,CHAIR_STOOL,/home/rladlems1031/Isajjim-AI/experiments/benchmark/data/abo/images/ba/baf28afd.jpg,/home/rladlems1031/Isajjim-AI/experiments/benchmark/data/abo/masks/B07HSJ3G5Q.png,/home/rladlems1031/Isajjim-AI/experiments/benchmark/data/abo/meshes/Q/B07HSJ3G5Q.glb,0.5014049476311724,0.5613854541531407,1.0,8.742,13953.0,True,
338,DISPLAY_SHELF,/home/rladlems1031/Isajjim-AI/experiments/benchmark/data/abo/images/e5/e5c56a51.jpg,/home/rladlems1031/Isajjim-AI/experiments/benchmark/data/abo/masks/B07TVYR62P.png,/home/rladlems1031/Isajjim-AI/experiments/benchmark/data/abo/meshes/P/B07TVYR62P.glb,0.24026643629367597,0.35762338104885977,1.0,8.432,13931.3,True,
339,CHAIR_STOOL,/home/rladlems1031/Isajjim-AI/experiments/benchmark/data/abo/images/d6/d67145b9.jpg,/home/rladlems1031/Isajjim-AI/experiments/benchmark/data/abo/masks/B082SVGL8Y.png,/home/rladlems1031/Isajjim-AI/experiments/benchmark/data/abo/meshes/Y/B082SVGL8Y.glb,0.6105009703767951,0.6931515757816532,1.0,12.105,15661.0,True,
340,SOFA,/home/rladlems1031/Isajjim-AI/experiments/benchmark/data/abo/images/cf/cf768f1a.jpg,/home/rladlems1031/Isajjim-AI/experiments/benchmark/data/abo/masks/B07P8STD4T.png,/home/rladlems1031/Isajjim-AI/experiments/benchmark/data/abo/meshes/T/B07P8STD4T.glb,0.5358827553721731,0.587240716887548,1.0,10.19,14678.5,True,
341,BED,/home/rladlems1031/Isajjim-AI/experiments/benchmark/data/abo/images/74/7411e307.jpg,/home/rladlems1031/Isajjim-AI/experiments/benchmark/data/abo/masks/B07B4W7X1Y.png,/home/rladlems1031/Isajjim-AI/experiments/benchmark/data/abo/meshes/Y/B07B4W7X1Y.glb,0.6707815559349161,0.7298862611029803,1.0,9.468,13981.9,True,
342,SOFA,/home/rladlems1031/Isajjim-AI/experiments/benchmark/data/abo/images/ee/ee31e6f2.jpg,/home/rladlems1031/Isajjim-AI/experiments/benchmark/data/abo/masks/B082VMJ233.png,/home/rladlems1031/Isajjim-AI/experiments/benchmark/data/abo/meshes/3/B082VMJ233.glb,0.4454289874590082,0.4563702011756959,1.0,9.407,13947.6,True,
343,SOFA,/home/rladlems1031/Isajjim-AI/experiments/benchmark/data/abo/images/39/390a0126.jpg,/home/rladlems1031/Isajjim-AI/experiments/benchmark/data/abo/masks/B07BWL4C2Y.png,/home/rladlems1031/Isajjim-AI/experiments/benchmark/data/abo/meshes/Y/B07BWL4C2Y.glb,0.3214281887546102,0.5377710669341583,1.0,9.324,13981.9,True,
344,CHAIR_STOOL,/home/rladlems1031/Isajjim-AI/experiments/benchmark/data/abo/images/7d/7dee7eb2.jpg,/home/rladlems1031/Isajjim-AI/experiments/benchmark/data/abo/masks/B07HSF3Y4B.png,/home/rladlems1031/Isajjim-AI/experiments/benchmark/data/abo/meshes/B/B07HSF3Y4B.glb,0.5002348084589175,0.5745549966975139,1.0,9.182,13949.6,True,
345,CHAIR_STOOL,/home/rladlems1031/Isajjim-AI/experiments/benchmark/data/abo/images/b8/b832f2b4.jpg,/home/rladlems1031/Isajjim-AI/experiments/benchmark/data/abo/masks/B07P7NVGB4.png,/home/rladlems1031/Isajjim-AI/experiments/benchmark/data/abo/meshes/4/B07P7NVGB4.glb,0.875476512335333,0.9045022140824175,1.0,8.793,13976.3,True,
346,BED,/home/rladlems1031/Isajjim-AI/experiments/benchmark/data/abo/images/a2/a2bcec5c.jpg,/home/rladlems1031/Isajjim-AI/experiments/benchmark/data/abo/masks/B07B4ZFR2V.png,/home/rladlems1031/Isajjim-AI/experiments/benchmark/data/abo/meshes/V/B07B4ZFR2V.glb,0.5973529699790282,0.6994611725362834,1.0,12.624,14618.9,True,
348,DISPLAY_SHELF,/home/rladlems1031/Isajjim-AI/experiments/benchmark/data/abo/images/e9/e9ae478f.jpg,/home/rladlems1031/Isajjim-AI/experiments/benchmark/data/abo/masks/B00I0VTOO4.png,/home/rladlems1031/Isajjim-AI/experiments/benchmark/data/abo/meshes/4/B00I0VTOO4.glb,0.22185805520231786,0.5537522722186173,1.0,9.35,14058.2,True,
349,CHAIR_STOOL,/home/rladlems1031/Isajjim-AI/experiments/benchmark/data/abo/images/29/291f3e4f.jpg,/home/rladlems1031/Isajjim-AI/experiments/benchmark/data/abo/masks/B07HPDV36G.png,/home/rladlems1031/Isajjim-AI/experiments/benchmark/data/abo/meshes/G/B07HPDV36G.glb,0.610441293699758,0.8901048636382046,1.0,8.723,13926.2,True,
350,SOFA,/home/rladlems1031/Isajjim-AI/experiments/benchmark/data/abo/images/0b/0bf1fbc0.jpg,/home/rladlems1031/Isajjim-AI/experiments/benchmark/data/abo/masks/B07P5LMCLD.png,/home/rladlems1031/Isajjim-AI/experiments/benchmark/data/abo/meshes/D/B07P5LMCLD.glb,0.5557707781071454,0.6638366383161299,1.0,11.156,15193.8,True,
351,CHAIR_STOOL,/home/rladlems1031/Isajjim-AI/experiments/benchmark/data/abo/images/1f/1f53f767.jpg,/home/rladlems1031/Isajjim-AI/experiments/benchmark/data/abo/masks/B075X4F593.png,/home/rladlems1031/Isajjim-AI/experiments/benchmark/data/abo/meshes/3/B075X4F593.glb,0.6602747409825435,0.7652043230361846,1.0,11.57,14405.2,True,
352,SOFA,/home/rladlems1031/Isajjim-AI/experiments/benchmark/data/abo/images/20/203b0004.jpg,/home/rladlems1031/Isajjim-AI/experiments/benchmark/data/abo/masks/B075NMB3HR.png,/home/rladlems1031/Isajjim-AI/experiments/benchmark/data/abo/meshes/R/B075NMB3HR.glb,0.43664689565645043,0.6490627953049877,1.0,9.233,13987.6,True,
353,SOFA,/home/rladlems1031/Isajjim-AI/experiments/benchmark/data/abo/images/d6/d66a190f.jpg,/home/rladlems1031/Isajjim-AI/experiments/benchmark/data/abo/masks/B07HZ75R6L.png,/home/rladlems1031/Isajjim-AI/experiments/benchmark/data/abo/meshes/L/B07HZ75R6L.glb,0.5285712132674276,0.642189331689213,1.0,10.23,13981.9,True,
354,CHAIR_STOOL,/home/rladlems1031/Isajjim-AI/experiments/benchmark/data/abo/images/b3/b37da0a3.jpg,/home/rladlems1031/Isajjim-AI/experiments/benchmark/data/abo/masks/B07HZ7S676.png,/home/rladlems1031/Isajjim-AI/experiments/benchmark/data/abo/meshes/6/B07HZ7S676.glb,0.7202753262763533,0.7900584788766032,1.0,8.706,13970.7,True,
355,SOFA,/home/rladlems1031/Isajjim-AI/experiments/benchmark/data/abo/images/46/46ad748c.jpg,/home/rladlems1031/Isajjim-AI/experiments/benchmark/data/abo/masks/B075X4R6CT.png,/home/rladlems1031/Isajjim-AI/experiments/benchmark/data/abo/meshes/T/B075X4R6CT.glb,0.41885026149235605,0.539138493746266,1.0,10.006,14375.9,True,
356,SOFA,/home/rladlems1031/Isajjim-AI/experiments/benchmark/data/abo/images/6b/6bfdcd13.jpg,/home/rladlems1031/Isajjim-AI/experiments/benchmark/data/abo/masks/B082VLYQWX.png,/home/rladlems1031/Isajjim-AI/experiments/benchmark/data/abo/meshes/X/B082VLYQWX.glb,0.3944923632168385,0.4977061265268454,1.0,9.847,14268.7,True,
357,SOFA,/home/rladlems1031/Isajjim-AI/experiments/benchmark/data/abo/images/f0/f0dbf367.jpg,/home/rladlems1031/Isajjim-AI/experiments/benchmark/data/abo/masks/B07JD47NPD.png,/home/rladlems1031/Isajjim-AI/experiments/benchmark/data/abo/meshes/D/B07JD47NPD.glb,0.3376393084860938,0.4242463567488049,1.0,8.903,13981.9,True,
358,SOFA,/home/rladlems1031/Isajjim-AI/experiments/benchmark/data/abo/images/1d/1dd69fe0.jpg,/home/rladlems1031/Isajjim-AI/experiments/benchmark/data/abo/masks/B07B4FZNDG.png,/home/rladlems1031/Isajjim-AI/experiments/benchmark/data/abo/meshes/G/B07B4FZNDG.glb,0.331989351929689,0.6800184186329731,1.0,9.436,13989.5,True,
359,CHAIR_STOOL,/home/rladlems1031/Isajjim-AI/experiments/benchmark/data/abo/images/e5/e5918308.jpg,/home/rladlems1031/Isajjim-AI/experiments/benchmark/data/abo/masks/B085686P5N.png,/home/rladlems1031/Isajjim-AI/experiments/benchmark/data/abo/meshes/N/B085686P5N.glb,0.49333981521555426,0.6734521002089014,1.0,8.991,13959.3,True,
360,CHAIR_STOOL,/home/rladlems1031/Isajjim-AI/experiments/benchmark/data/abo/images/6d/6dd03f04.jpg,/home/rladlems1031/Isajjim-AI/experiments/benchmark/data/abo/masks/B07HSJJDWG.png,/home/rladlems1031/Isajjim-AI/experiments/benchmark/data/abo/meshes/G/B07HSJJDWG.glb,0.632213639893945,0.7824761097126695,1.0,10.05,14320.9,True,
361,SOFA,/home/rladlems1031/Isajjim-AI/experiments/benchmark/data/abo/images/34/34e34dab.jpg,/home/rladlems1031/Isajjim-AI/experiments/benchmark/data/abo/masks/B07BWJCPTC.png,/home/rladlems1031/Isajjim-AI/experiments/benchmark/data/abo/meshes/C/B07BWJCPTC.glb,0.5214360423391625,0.5584623655965992,1.0,10.553,15009.2,True,
362,SOFA,/home/rladlems1031/Isajjim-AI/experiments/benchmark/data/abo/images/82/823a9799.jpg,/home/rladlems1031/Isajjim-AI/experiments/benchmark/data/abo/masks/B07BWK7FXP.png,/home/rladlems1031/Isajjim-AI/experiments/benchmark/data/abo/meshes/P/B07BWK7FXP.glb,0.30799478142497505,0.5495362838878706,1.0,8.947,13981.9,True,
363,CHAIR_STOOL,/home/rladlems1031/Isajjim-AI/experiments/benchmark/data/abo/images/1e/1e48624a.jpg,/home/rladlems1031/Isajjim-AI/experiments/benchmark/data/abo/masks/B07B4MDGJZ.png,/home/rladlems1031/Isajjim-AI/experiments/benchmark/data/abo/meshes/Z/B07B4MDGJZ.glb,0.8165424223367792,0.9316674049008351,1.0,8.757,13981.9,True,
364,SOFA,/home/rladlems1031/Isajjim-AI/experiments/benchmark/data/abo/images/b4/b41c280c.jpg,/home/rladlems1031/Isajjim-AI/experiments/benchmark/data/abo/masks/B072635HS4.png,/home/rladlems1031/Isajjim-AI/experiments/benchmark/data/abo/meshes/4/B072635HS4.glb,0.34923994726565194,0.7006524128847135,1.0,10.202,14550.4,True,
365,CHAIR_STOOL,/home/rladlems1031/Isajjim-AI/experiments/benchmark/data/abo/images/ee/ee0753f0.jpg,/home/rladlems1031/Isajjim-AI/experiments/benchmark/data/abo/masks/B071W5VD5C.png,/home/rladlems1031/Isajjim-AI/experiments/benchmark/data/abo/meshes/C/B071W5VD5C.glb,0.6821811191563449,0.7340155982637764,1.0,12.608,14877.0,True,
366,SOFA,/home/rladlems1031/Isajjim-AI/experiments/benchmark/data/abo/images/90/909d2d11.jpg,/home/rladlems1031/Isajjim-AI/experiments/benchmark/data/abo/masks/B07G33Z53N.png,/home/rladlems1031/Isajjim-AI/experiments/benchmark/data/abo/meshes/N/B07G33Z53N.glb,0.48899929962538785,0.536704459950399,1.0,9.612,13994.1,True,
367,SOFA,/home/rladlems1031/Isajjim-AI/experiments/benchmark/data/abo/images/89/8993b737.jpg,/home/rladlems1031/Isajjim-AI/experiments/benchmark/data/abo/masks/B07VKM698C.png,/home/rladlems1031/Isajjim-AI/experiments/benchmark/data/abo/meshes/C/B07VKM698C.glb,0.37303568796763503,0.5915373036359565,1.0,8.796,13955.6,True,
368,SOFA,/home/rladlems1031/Isajjim-AI/experiments/benchmark/data/abo/images/c7/c79e820b.jpg,/home/rladlems1031/Isajjim-AI/experiments/benchmark/data/abo/masks/B07B4D4964.png,/home/rladlems1031/Isajjim-AI/experiments/benchmark/data/abo/meshes/4/B07B4D4964.glb,0.30668120552893013,0.6117352825992624,1.0,9.219,13981.9,True,
369,CHAIR_STOOL,/home/rladlems1031/Isajjim-AI/experiments/benchmark/data/abo/images/de/deed5050.jpg,/home/rladlems1031/Isajjim-AI/experiments/benchmark/data/abo/masks/B07B4G5R5H.png,/home/rladlems1031/Isajjim-AI/experiments/benchmark/data/abo/meshes/H/B07B4G5R5H.glb,0.6429024077853956,0.7729122415787374,1.0,14.479,17554.4,True,
370,BED,/home/rladlems1031/Isajjim-AI/experiments/benchmark/data/abo/images/78/7856af77.jpg,/home/rladlems1031/Isajjim-AI/experiments/benchmark/data/abo/masks/B07B4Z6PXF.png,/home/rladlems1031/Isajjim-AI/experiments/benchmark/data/abo/meshes/F/B07B4Z6PXF.glb,0.6115181478253956,0.7062973079208685,1.0,11.315,15123.2,True,
371,CHAIR_STOOL,/home/rladlems1031/Isajjim-AI/experiments/benchmark/data/abo/images/66/66f4f5cb.jpg,/home/rladlems1031/Isajjim-AI/experiments/benchmark/data/abo/masks/B07QHYF1L3.png,/home/rladlems1031/Isajjim-AI/experiments/benchmark/data/abo/meshes/3/B07QHYF1L3.glb,0.6165288652756356,0.7233862253868147,1.0,10.393,14403.3,True,
372,DESK,/home/rladlems1031/Isajjim-AI/experiments/benchmark/data/abo/images/8c/8c3c1a73.jpg,/home/rladlems1031/Isajjim-AI/experiments/benchmark/data/abo/masks/B07HSCYS4C.png,/home/rladlems1031/Isajjim-AI/experiments/benchmark/data/abo/meshes/C/B07HSCYS4C.glb,0.6783543343414787,0.702034787343398,1.0,9.342,13981.9,True,
373,SOFA,/home/rladlems1031/Isajjim-AI/experiments/benchmark/data/abo/images/e4/e4e2db7f.jpg,/home/rladlems1031/Isajjim-AI/experiments/benchmark/data/abo/masks/B07DBB77BZ.png,/home/rladlems1031/Isajjim-AI/experiments/benchmark/data/abo/meshes/Z/B07DBB77BZ.glb,0.4381030736361143,0.5231076919889942,1.0,9.435,13977.6,True,
374,CABINET,/home/rladlems1031/Isajjim-AI/experiments/benchmark/data/abo/images/89/89c32f99.jpg,/home/rladlems1031/Isajjim-AI/experiments/benchmark/data/abo/masks/B07QFB1L2P.png,/home/rladlems1031/Isajjim-AI/experiments/benchmark/data/abo/meshes/P/B07QFB1L2P.glb,0.6421899701901179,0.7521184994200578,1.0,17.846,19201.5,True,
375,BED,/home/rladlems1031/Isajjim-AI/experiments/benchmark/data/abo/images/c1/c1ab9976.jpg,/home/rladlems1031/Isajjim-AI/experiments/benchmark/data/abo/masks/B07B4YZWSR.png,/home/rladlems1031/Isajjim-AI/experiments/benchmark/data/abo/meshes/R/B07B4YZWSR.glb,0.6357678997674563,0.7435475589365572,1.0,9.388,13981.9,True,
376,SOFA,/home/rladlems1031/Isajjim-AI/experiments/benchmark/data/abo/images/8c/8c163168.jpg,/home/rladlems1031/Isajjim-AI/experiments/benchmark/data/abo/masks/B07QGSZ7NV.png,/home/rladlems1031/Isajjim-AI/experiments/benchmark/data/abo/meshes/V/B07QGSZ7NV.glb,0.3565388321945392,0.6780405844935246,1.0,9.623,14215.6,True,
377,DISPLAY_SHELF,/home/rladlems1031/Isajjim-AI/experiments/benchmark/data/abo/images/fb/fb31564f.jpg,/home/rladlems1031/Isajjim-AI/experiments/benchmark/data/abo/masks/B088HDDTM7.png,/home/rladlems1031/Isajjim-AI/experiments/benchmark/data/abo/meshes/7/B088HDDTM7.glb,0.047212835802403236,0.30585717730421214,1.0,8.519,13981.9,True,
378,SOFA,/home/rladlems1031/Isajjim-AI/experiments/benchmark/data/abo/images/65/6511d244.jpg,/home/rladlems1031/Isajjim-AI/experiments/benchmark/data/abo/masks/B07VQSWPXR.png,/home/rladlems1031/Isajjim-AI/experiments/benchmark/data/abo/meshes/R/B07VQSWPXR.glb,0.45285118989542206,0.5723633204470299,1.0,8.954,13948.0,True,
379,SOFA,/home/rladlems1031/Isajjim-AI/experiments/benchmark/data/abo/images/1f/1fecda87.jpg,/home/rladlems1031/Isajjim-AI/experiments/benchmark/data/abo/masks/B07HPQQKYF.png,/home/rladlems1031/Isajjim-AI/experiments/benchmark/data/abo/meshes/F/B07HPQQKYF.glb,0.4562242925367861,0.5064825464248405,1.0,9.592,14113.1,True,
381,SOFA,/home/rladlems1031/Isajjim-AI/experiments/benchmark/data/abo/images/4c/4c0cd4e0.jpg,/home/rladlems1031/Isajjim-AI/experiments/benchmark/data/abo/masks/B071ZLY18Y.png,/home/rladlems1031/Isajjim-AI/experiments/benchmark/data/abo/meshes/Y/B071ZLY18Y.glb,0.6317187899934912,0.6828206532612615,1.0,11.686,15407.4,True,
382,SOFA,/home/rladlems1031/Isajjim-AI/experiments/benchmark/data/abo/images/cf/cf9cee69.jpg,/home/rladlems1031/Isajjim-AI/experiments/benchmark/data/abo/masks/B07G2RG94G.png,/home/rladlems1031/Isajjim-AI/experiments/benchmark/data/abo/meshes/G/B07G2RG94G.glb,0.4534813394559549,0.48457046798384723,1.0,9.188,14032.5,True,
383,DRAWER,/home/rladlems1031/Isajjim-AI/experiments/benchmark/data/abo/images/83/835777ce.jpg,/home/rladlems1031/Isajjim-AI/experiments/benchmark/data/abo/masks/B07HSLVMP2.png,/home/rladlems1031/Isajjim-AI/experiments/benchmark/data/abo/meshes/2/B07HSLVMP2.glb,0.33258779623223256,0.5188306494663073,1.0,9.33,14080.4,True,
384,CHAIR_STOOL,/home/rladlems1031/Isajjim-AI/experiments/benchmark/data/abo/images/a2/a2f5820a.jpg,/home/rladlems1031/Isajjim-AI/experiments/benchmark/data/abo/masks/B07BW8VJ4N.png,/home/rladlems1031/Isajjim-AI/experiments/benchmark/data/abo/meshes/N/B07BW8VJ4N.glb,0.2791440699381108,0.7199502014187869,1.0,10.131,14539.0,True,
385,CHAIR_STOOL,/home/rladlems1031/Isajjim-AI/experiments/benchmark/data/abo/images/cb/cbd4f237.jpg,/home/rladlems1031/Isajjim-AI/experiments/benchmark/data/abo/masks/B085GXH8YR.png,/home/rladlems1031/Isajjim-AI/experiments/benchmark/data/abo/meshes/R/B085GXH8YR.glb,0.5963938959857465,0.6525620802421223,1.0,18.651,19960.2,True,
386,CHAIR_STOOL,/home/rladlems1031/Isajjim-AI/experiments/benchmark/data/abo/images/78/780fd786.jpg,/home/rladlems1031/Isajjim-AI/experiments/benchmark/data/abo/masks/B072PZVYC2.png,/home/rladlems1031/Isajjim-AI/experiments/benchmark/data/abo/meshes/2/B072PZVYC2.glb,0.6456416647238824,0.7412330247488934,1.0,11.005,15000.6,True,
387,SOFA,/home/rladlems1031/Isajjim-AI/experiments/benchmark/data/abo/images/31/3174d5da.jpg,/home/rladlems1031/Isajjim-AI/experiments/benchmark/data/abo/masks/B075X4T5M6.png,/home/rladlems1031/Isajjim-AI/experiments/benchmark/data/abo/meshes/6/B075X4T5M6.glb,0.3938622678333878,0.42021424869139096,1.0,9.244,13981.9,True,
388,CHAIR_STOOL,/home/rladlems1031/Isajjim-AI/experiments/benchmark/data/abo/images/3e/3e925f49.jpg,/home/rladlems1031/Isajjim-AI/experiments/benchmark/data/abo/masks/B07QFRSJFK.png,/home/rladlems1031/Isajjim-AI/experiments/benchmark/data/abo/meshes/K/B07QFRSJFK.glb,0.5880965749037618,0.6997632616420922,1.0,9.893,14324.9,True,
389,DRAWER,/home/rladlems1031/Isajjim-AI/experiments/benchmark/data/abo/images/5f/5fbae41e.jpg,/home/rladlems1031/Isajjim-AI/experiments/benchmark/data/abo/masks/B084ZB8L8W.png,/home/rladlems1031/Isajjim-AI/experiments/benchmark/data/abo/meshes/W/B084ZB8L8W.glb,0.5006054096178174,0.5805849041412644,1.0,12.037,15738.5,True,
390,CHAIR_STOOL,/home/rladlems1031/Isajjim-AI/experiments/benchmark/data/abo/images/49/494872a6.jpg,/home/rladlems1031/Isajjim-AI/experiments/benchmark/data/abo/masks/B07TGC2DT5.png,/home/rladlems1031/Isajjim-AI/experiments/benchmark/data/abo/meshes/5/B07TGC2DT5.glb,0.5858488440325456,0.675450232808394,1.0,9.198,13961.3,True,
391,DISPLAY_SHELF,/home/rladlems1031/Isajjim-AI/experiments/benchmark/data/abo/images/fa/fad0592d.jpg,/home/rladlems1031/Isajjim-AI/experiments/benchmark/data/abo/masks/B07TY5GXXP.png,/home/rladlems1031/Isajjim-AI/experiments/benchmark/data/abo/meshes/P/B07TY5GXXP.glb,0.5141314547707264,0.5273676580856823,1.0,9.215,14118.7,True,
392,SOFA,/home/rladlems1031/Isajjim-AI/experiments/benchmark/data/abo/images/77/77c6e3f3.jpg,/home/rladlems1031/Isajjim-AI/experiments/benchmark/data/abo/masks/B075X4F5DG.png,/home/rladlems1031/Isajjim-AI/experiments/benchmark/data/abo/meshes/G/B075X4F5DG.glb,0.4722046294577745,0.5701998975323943,1.0,9.764,14107.6,True,
393,CHAIR_STOOL,/home/rladlems1031/Isajjim-AI/experiments/benchmark/data/abo/images/c6/c6f2673e.jpg,/home/rladlems1031/Isajjim-AI/experiments/benchmark/data/abo/masks/B075YP32RX.png,/home/rladlems1031/Isajjim-AI/experiments/benchmark/data/abo/meshes/X/B075YP32RX.glb,0.47930462833480125,0.6118475416475979,1.0,8.883,13958.3,True,
394,SOFA,/home/rladlems1031/Isajjim-AI/experiments/benchmark/data/abo/images/e2/e2405b30.jpg,/home/rladlems1031/Isajjim-AI/experiments/benchmark/data/abo/masks/B082QB3D8Y.png,/home/rladlems1031/Isajjim-AI/experiments/benchmark/data/abo/meshes/Y/B082QB3D8Y.glb,0.6174714139204579,0.6942166137994049,1.0,12.96,16109.2,True,
395,CHAIR_STOOL,/home/rladlems1031/Isajjim-AI/experiments/benchmark/data/abo/images/d8/d80842f5.jpg,/home/rladlems1031/Isajjim-AI/experiments/benchmark/data/abo/masks/B085FHBF21.png,/home/rladlems1031/Isajjim-AI/experiments/benchmark/data/abo/meshes/1/B085FHBF21.glb,0.6462454958363082,0.6846570201473905,1.0,15.769,18272.8,True,
396,CHAIR_STOOL,/home/rladlems1031/Isajjim-AI/experiments/benchmark/data/abo/images/1b/1b6797e0.jpg,/home/rladlems1031/Isajjim-AI/experiments/benchmark/data/abo/masks/B075X4WBQR.png,/home/rladlems1031/Isajjim-AI/experiments/benchmark/data/abo/meshes/R/B075X4WBQR.glb,0.7665251594913579,0.8264300551251976,1.0,19.146,19872.1,True,
397,CABINET,/home/rladlems1031/Isajjim-AI/experiments/benchmark/data/abo/images/55/550abe0e.jpg,/home/rladlems1031/Isajjim-AI/experiments/benchmark/data/abo/masks/B07GFWW3S8.png,/home/rladlems1031/Isajjim-AI/experiments/benchmark/data/abo/meshes/8/B07GFWW3S8.glb,0.3791601697607994,0.8340410026819125,1.0,14.735,16827.3,True,
398,SOFA,/home/rladlems1031/Isajjim-AI/experiments/benchmark/data/abo/images/d4/d4c19b04.jpg,/home/rladlems1031/Isajjim-AI/experiments/benchmark/data/abo/masks/B072FVHRZ8.png,/home/rladlems1031/Isajjim-AI/experiments/benchmark/data/abo/meshes/8/B072FVHRZ8.glb,0.6121799024950213,0.6402571356010838,1.0,11.039,15177.4,True,
399,SOFA,/home/rladlems1031/Isajjim-AI/experiments/benchmark/data/abo/images/80/806f0115.jpg,/home/rladlems1031/Isajjim-AI/experiments/benchmark/data/abo/masks/B082Q8N8BY.png,/home/rladlems1031/Isajjim-AI/experiments/benchmark/data/abo/meshes/Y/B082Q8N8BY.glb,0.4735348222902855,0.49483904001371654,1.0,9.993,14438.5,True,
400,CHAIR_STOOL,/home/rladlems1031/Isajjim-AI/experiments/benchmark/data/abo/images/ff/ff78c30a.jpg,/home/rladlems1031/Isajjim-AI/experiments/benchmark/data/abo/masks/B082VLYP6B.png,/home/rladlems1031/Isajjim-AI/experiments/benchmark/data/abo/meshes/B/B082VLYP6B.glb,0.6005193757542537,0.9469536742113476,1.0,16.896,16105.4,True,
401,SOFA,/home/rladlems1031/Isajjim-AI/experiments/benchmark/data/abo/images/9e/9e41bb40.jpg,/home/rladlems1031/Isajjim-AI/experiments/benchmark/data/abo/masks/B07B4D84F8.png,/home/rladlems1031/Isajjim-AI/experiments/benchmark/data/abo/meshes/8/B07B4D84F8.glb,0.42001126584073467,0.4652161650463948,1.0,9.347,13981.9,True,
402,DRAWER,/home/rladlems1031/Isajjim-AI/experiments/benchmark/data/abo/images/99/9905212d.jpg,/home/rladlems1031/Isajjim-AI/experiments/benchmark/data/abo/masks/B07H3SY51V.png,/home/rladlems1031/Isajjim-AI/experiments/benchmark/data/abo/meshes/V/B07H3SY51V.glb,0.4065677753830682,0.8058554995007413,1.0,12.874,16018.4,True,
403,CHAIR_STOOL,/home/rladlems1031/Isajjim-AI/experiments/benchmark/data/abo/images/9f/9f0ed7fb.jpg,/home/rladlems1031/Isajjim-AI/experiments/benchmark/data/abo/masks/B07S574Z4R.png,/home/rladlems1031/Isajjim-AI/experiments/benchmark/data/abo/meshes/R/B07S574Z4R.glb,0.556326949332384,0.5732188167286913,1.0,9.648,14061.4,True,
404,CHAIR_STOOL,/home/rladlems1031/Isajjim-AI/experiments/benchmark/data/abo/images/64/640bd3c5.jpg,/home/rladlems1031/Isajjim-AI/experiments/benchmark/data/abo/masks/B082VLYF53.png,/home/rladlems1031/Isajjim-AI/experiments/benchmark/data/abo/meshes/3/B082VLYF53.glb,0.6106026781025474,0.621086454029277,1.0,11.728,15333.0,True,
405,SOFA,/home/rladlems1031/Isajjim-AI/experiments/benchmark/data/abo/images/3e/3ec00141.jpg,/home/rladlems1031/Isajjim-AI/experiments/benchmark/data/abo/masks/B07SHYN8WK.png,/home/rladlems1031/Isajjim-AI/experiments/benchmark/data/abo/meshes/K/B07SHYN8WK.glb,0.39969289463163243,0.6264886514269037,1.0,8.753,13934.9,True,
406,CHAIR_STOOL,/home/rladlems1031/Isajjim-AI/experiments/benchmark/data/abo/images/e8/e8aa69b5.jpg,/home/rladlems1031/Isajjim-AI/experiments/benchmark/data/abo/masks/B085FH8JFG.png,/home/rladlems1031/Isajjim-AI/experiments/benchmark/data/abo/meshes/G/B085FH8JFG.glb,0.6593062951076989,0.6784641983223357,1.0,18.918,20098.7,True,
407,SOFA,/home/rladlems1031/Isajjim-AI/experiments/benchmark/data/abo/images/16/166628e5.jpg,/home/rladlems1031/Isajjim-AI/experiments/benchmark/data/abo/masks/B07VNLBJP5.png,/home/rladlems1031/Isajjim-AI/experiments/benchmark/data/abo/meshes/5/B07VNLBJP5.glb,0.43378973190620856,0.4699653281294309,1.0,9.727,14258.6,True,
408,DRAWER,/home/rladlems1031/Isajjim-AI/experiments/benchmark/data/abo/images/b6/b66dab7c.jpg,/home/rladlems1031/Isajjim-AI/experiments/benchmark/data/abo/masks/B07HSL4TS1.png,/home/rladlems1031/Isajjim-AI/experiments/benchmark/data/abo/meshes/1/B07HSL4TS1.glb,0.5762088627947446,0.8410638595415666,1.0,13.533,16694.6,True,
409,CHAIR_STOOL,/home/rladlems1031/Isajjim-AI/experiments/benchmark/data/abo/images/90/905312a2.jpg,/home/rladlems1031/Isajjim-AI/experiments/benchmark/data/abo/masks/B07MF1SFNC.png,/home/rladlems1031/Isajjim-AI/experiments/benchmark/data/abo/meshes/C/B07MF1SFNC.glb,0.44276142909357374,0.5308142242620283,1.0,8.023,13926.2,True,
410,CHAIR_STOOL,/home/rladlems1031/Isajjim-AI/experiments/benchmark/data/abo/images/34/34b8b74f.jpg,/home/rladlems1031/Isajjim-AI/experiments/benchmark/data/abo/masks/B07B4MG3WR.png,/home/rladlems1031/Isajjim-AI/experiments/benchmark/data/abo/meshes/R/B07B4MG3WR.glb,0.8786882751063129,0.9809979805606225,1.0,16.514,17444.6,True,
411,CHAIR_STOOL,/home/rladlems1031/Isajjim-AI/experiments/benchmark/data/abo/images/cc/cc2ab242.jpg,/home/rladlems1031/Isajjim-AI/experiments/benchmark/data/abo/masks/B07QT4HWRP.png,/home/rladlems1031/Isajjim-AI/experiments/benchmark/data/abo/meshes/P/B07QT4HWRP.glb,0.5594731058443593,0.6077266817211474,1.0,9.222,13981.9,True,
412,CHAIR_STOOL,/home/rladlems1031/Isajjim-AI/experiments/benchmark/data/abo/images/89/89496d4c.jpg,/home/rladlems1031/Isajjim-AI/experiments/benchmark/data/abo/masks/B082PCLKMB.png,/home/rladlems1031/Isajjim-AI/experiments/benchmark/data/abo/meshes/B/B082PCLKMB.glb,0.6588891790443889,0.6905156078133752,1.0,10.571,14904.8,True,
413,SOFA,/home/rladlems1031/Isajjim-AI/experiments/benchmark/data/abo/images/0b/0bc0d6f1.jpg,/home/rladlems1031/Isajjim-AI/experiments/benchmark/data/abo/masks/B07B4MQRH3.png,/home/rladlems1031/Isajjim-AI/experiments/benchmark/data/abo/meshes/3/B07B4MQRH3.glb,0.4457389638137158,0.4581796947385349,1.0,9.547,13981.9,True,
414,CHAIR_STOOL,/home/rladlems1031/Isajjim-AI/experiments/benchmark/data/abo/images/d2/d2e1ff84.jpg,/home/rladlems1031/Isajjim-AI/experiments/benchmark/data/abo/masks/B07DBFFHYR.png,/home/rladlems1031/Isajjim-AI/experiments/benchmark/data/abo/meshes/R/B07DBFFHYR.glb,0.6216193784761799,0.632024165614931,1.0,14.924,17439.2,True,
415,CHAIR_STOOL,/home/rladlems1031/Isajjim-AI/experiments/benchmark/data/abo/images/c8/c859bf63.jpg,/home/rladlems1031/Isajjim-AI/experiments/benchmark/data/abo/masks/B0857JQ3BZ.png,/home/rladlems1031/Isajjim-AI/experiments/benchmark/data/abo/meshes/Z/B0857JQ3BZ.glb,0.5489656570968554,0.7617569712831916,1.0,8.471,13959.3,True,
416,CHAIR_STOOL,/home/rladlems1031/Isajjim-AI/experiments/benchmark/data/abo/images/61/61dd199b.jpg,/home/rladlems1031/Isajjim-AI/experiments/benchmark/data/abo/masks/B07B4NW75W.png,/home/rladlems1031/Isajjim-AI/experiments/benchmark/data/abo/meshes/W/B07B4NW75W.glb,0.8634942161755774,0.9254457928655441,1.0,18.883,20294.1,True,
417,CHAIR_STOOL,/home/rladlems1031/Isajjim-AI/experiments/benchmark/data/abo/images/97/978f1bc8.jpg,/home/rladlems1031/Isajjim-AI/experiments/benchmark/data/abo/masks/B075Z96KX3.png,/home/rladlems1031/Isajjim-AI/experiments/benchmark/data/abo/meshes/3/B075Z96KX3.glb,0.5839303212925306,0.6706672221047881,1.0,8.311,13945.7,True,
418,CHAIR_STOOL,/home/rladlems1031/Isajjim-AI/experiments/benchmark/data/abo/images/3b/3b595b0d.jpg,/home/rladlems1031/Isajjim-AI/experiments/benchmark/data/abo/masks/B07MQD2113.png,/home/rladlems1031/Isajjim-AI/experiments/benchmark/data/abo/meshes/3/B07MQD2113.glb,0.4962440744288904,0.6255523267081243,1.0,9.076,13981.9,True,
419,BED,/home/rladlems1031/Isajjim-AI/experiments/benchmark/data/abo/images/75/75347621.jpg,/home/rladlems1031/Isajjim-AI/experiments/benchmark/data/abo/masks/B07B51H792.png,/home/rladlems1031/Isajjim-AI/experiments/benchmark/data/abo/meshes/2/B07B51H792.glb,0.6540785586349326,0.9358208517981546,1.0,11.138,15011.9,True,
421,SOFA,/home/rladlems1031/Isajjim-AI/experiments/benchmark/data/abo/images/8f/8f651369.jpg,/home/rladlems1031/Isajjim-AI/experiments/benchmark/data/abo/masks/B07B4CZRYR.png,/home/rladlems1031/Isajjim-AI/experiments/benchmark/data/abo/meshes/R/B07B4CZRYR.glb,0.5519383986939858,0.5838191781391447,1.0,10.835,14975.5,True,
422,CHAIR_STOOL,/home/rladlems1031/Isajjim-AI/experiments/benchmark/data/abo/images/00/00ebe4b0.jpg,/home/rladlems1031/Isajjim-AI/experiments/benchmark/data/abo/masks/B07TN2RRDG.png,/home/rladlems1031/Isajjim-AI/experiments/benchmark/data/abo/meshes/G/B07TN2RRDG.glb,0.5514094763824626,0.6956997584767588,1.0,9.65,14048.5,True,
423,CHAIR_STOOL,/home/rladlems1031/Isajjim-AI/experiments/benchmark/data/abo/images/a5/a54282cb.jpg,/home/rladlems1031/Isajjim-AI/experiments/benchmark/data/abo/masks/B07DBGWFDZ.png,/home/rladlems1031/Isajjim-AI/experiments/benchmark/data/abo/meshes/Z/B07DBGWFDZ.glb,0.7255003752716418,0.7458769237959585,1.0,15.352,17751.1,True,
424,SOFA,/home/rladlems1031/Isajjim-AI/experiments/benchmark/data/abo/images/8a/8a4fd408.jpg,/home/rladlems1031/Isajjim-AI/experiments/benchmark/data/abo/masks/B07P8SV57Z.png,/home/rladlems1031/Isajjim-AI/experiments/benchmark/data/abo/meshes/Z/B07P8SV57Z.glb,0.4195113578680209,0.5253041675383935,1.0,9.728,14203.9,True,
425,SOFA,/home/rladlems1031/Isajjim-AI/experiments/benchmark/data/abo/images/e0/e0e9a928.jpg,/home/rladlems1031/Isajjim-AI/experiments/benchmark/data/abo/masks/B07P8STB84.png,/home/rladlems1031/Isajjim-AI/experiments/benchmark/data/abo/meshes/4/B07P8STB84.glb,0.5604146923597262,0.6408731442129434,1.0,11.173,15106.8,True,
426,SOFA,/home/rladlems1031/Isajjim-AI/experiments/benchmark/data/abo/images/6a/6acfa9bf.jpg,/home/rladlems1031/Isajjim-AI/experiments/benchmark/data/abo/masks/B07HZ7TL95.png,/home/rladlems1031/Isajjim-AI/experiments/benchmark/data/abo/meshes/5/B07HZ7TL95.glb,0.5346399268464006,0.6994084142427712,1.0,11.212,15199.0,True,
427,DISPLAY_SHELF,/home/rladlems1031/Isajjim-AI/experiments/benchmark/data/abo/images/d7/d7514957.jpg,/home/rladlems1031/Isajjim-AI/experiments/benchmark/data/abo/masks/B07B7GYMQ9.png,/home/rladlems1031/Isajjim-AI/experiments/benchmark/data/abo/meshes/9/B07B7GYMQ9.glb,0.33390291489063684,0.40898836704166086,1.0,8.637,13981.9,True,
429,CHAIR_STOOL,/home/rladlems1031/Isajjim-AI/experiments/benchmark/data/abo/images/c3/c3fb609e.jpg,/home/rladlems1031/Isajjim-AI/experiments/benchmark/data/abo/masks/B07B4P1X7M.png,/home/rladlems1031/Isajjim-AI/experiments/benchmark/data/abo/meshes/M/B07B4P1X7M.glb,0.6442382877305871,0.7267220058472053,1.0,13.766,17202.7,True,
430,SOFA,/home/rladlems1031/Isajjim-AI/experiments/benchmark/data/abo/images/7b/7bf60c77.jpg,/home/rladlems1031/Isajjim-AI/experiments/benchmark/data/abo/masks/B07HZ57QKK.png,/home/rladlems1031/Isajjim-AI/experiments/benchmark/data/abo/meshes/K/B07HZ57QKK.glb,0.5084756098696697,0.5788065420151153,1.0,11.311,15154.6,True,
431,DESK,/home/rladlems1031/Isajjim-AI/experiments/benchmark/data/abo/images/79/7927247b.jpg,/home/rladlems1031/Isajjim-AI/experiments/benchmark/data/abo/masks/B07HSCN9RM.png,/home/rladlems1031/Isajjim-AI/experiments/benchmark/data/abo/meshes/M/B07HSCN9RM.glb,0.40207679264818036,0.8453192866499138,1.0,9.3,13981.9,True,
432,CHAIR_STOOL,/home/rladlems1031/Isajjim-AI/experiments/benchmark/data/abo/images/f7/f7a0b47e.jpg,/home/rladlems1031/Isajjim-AI/experiments/benchmark/data/abo/masks/B07HZ4918H.png,/home/rladlems1031/Isajjim-AI/experiments/benchmark/data/abo/meshes/H/B07HZ4918H.glb,0.7262198706732866,0.8560769087271295,1.0,14.113,17059.0,True,
433,DRAWER,/home/rladlems1031/Isajjim-AI/experiments/benchmark/data/abo/images/61/61e17ebe.jpg,/home/rladlems1031/Isajjim-AI/experiments/benchmark/data/abo/masks/B07GFL6W6N.png,/home/rladlems1031/Isajjim-AI/experiments/benchmark/data/abo/meshes/N/B07GFL6W6N.glb,0.39679067908090754,0.8256299097937845,1.0,14.008,16402.3,True,
434,CHAIR_STOOL,/home/rladlems1031/Isajjim-AI/experiments/benchmark/data/abo/images/c8/c8473fde.jpg,/home/rladlems1031/Isajjim-AI/experiments/benchmark/data/abo/masks/B075X4PT3G.png,/home/rladlems1031/Isajjim-AI/experiments/benchmark/data/abo/meshes/G/B075X4PT3G.glb,0.7219238985693103,0.7689155191418902,1.0,17.406,18658.7,True,
435,SOFA,/home/rladlems1031/Isajjim-AI/experiments/benchmark/data/abo/images/08/08b09a30.jpg,/home/rladlems1031/Isajjim-AI/experiments/benchmark/data/abo/masks/B07HPNP56W.png,/home/rladlems1031/Isajjim-AI/experiments/benchmark/data/abo/meshes/W/B07HPNP56W.glb,0.4857895738707756,0.5537775011894486,1.0,10.232,13961.6,True,
436,DRAWER,/home/rladlems1031/Isajjim-AI/experiments/benchmark/data/abo/images/b7/b7a05d32.jpg,/home/rladlems1031/Isajjim-AI/experiments/benchmark/data/abo/masks/B07GFDPB2V.png,/home/rladlems1031/Isajjim-AI/experiments/benchmark/data/abo/meshes/V/B07GFDPB2V.glb,0.4838859945009097,0.8910251637857276,1.0,8.568,13961.6,True,
437,BED,/home/rladlems1031/Isajjim-AI/experiments/benchmark/data/abo/images/17/17c62f00.jpg,/home/rladlems1031/Isajjim-AI/experiments/benchmark/data/abo/masks/B075QG3JWL.png,/home/rladlems1031/Isajjim-AI/experiments/benchmark/data/abo/meshes/L/B075QG3JWL.glb,0.5558845657156422,0.8197532722620229,1.0,11.209,14740.2,True,
438,CHAIR_STOOL,/home/rladlems1031/Isajjim-AI/experiments/benchmark/data/abo/images/f1/f1f0bc64.jpg,/home/rladlems1031/Isajjim-AI/experiments/benchmark/data/abo/masks/B086JJGN3C.png,/home/rladlems1031/Isajjim-AI/experiments/benchmark/data/abo/meshes/C/B086JJGN3C.glb,0.48942710726276406,0.6266111357976213,1.0,8.951,13950.2,True,
439,SOFA,/home/rladlems1031/Isajjim-AI/experiments/benchmark/data/abo/images/e2/e2b9358d.jpg,/home/rladlems1031/Isajjim-AI/experiments/benchmark/data/abo/masks/B07BWJCBY2.png,/home/rladlems1031/Isajjim-AI/experiments/benchmark/data/abo/meshes/2/B07BWJCBY2.glb,0.4446900154230346,0.4771367862078728,1.0,9.085,13937.6,True,
440,SOFA,/home/rladlems1031/Isajjim-AI/experiments/benchmark/data/abo/images/d0/d0775688.jpg,/home/rladlems1031/Isajjim-AI/experiments/benchmark/data/abo/masks/B07BWKFNCS.png,/home/rladlems1031/Isajjim-AI/experiments/benchmark/data/abo/meshes/S/B07BWKFNCS.glb,0.32870103955270996,0.6808266552479673,1.0,9.281,14015.3,True,
441,DESK,/home/rladlems1031/Isajjim-AI/experiments/benchmark/data/abo/images/bf/bfb41d33.jpg,/home/rladlems1031/Isajjim-AI/experiments/benchmark/data/abo/masks/B07K7663DW.png,/home/rladlems1031/Isajjim-AI/experiments/benchmark/data/abo/meshes/W/B07K7663DW.glb,0.6654418402038332,0.7180728274039907,1.0,11.973,15575.0,True,
442,SOFA,/home/rladlems1031/Isajjim-AI/experiments/benchmark/data/abo/images/59/5906213f.jpg,/home/rladlems1031/Isajjim-AI/experiments/benchmark/data/abo/masks/B07B4G612M.png,/home/rladlems1031/Isajjim-AI/experiments/benchmark/data/abo/meshes/M/B07B4G612M.glb,0.4606615344791121,0.5110009505801122,1.0,9.731,14166.1,True,
443,SOFA,/home/rladlems1031/Isajjim-AI/experiments/benchmark/data/abo/images/04/045af110.jpg,/home/rladlems1031/Isajjim-AI/experiments/benchmark/data/abo/masks/B07DBCFNH9.png,/home/rladlems1031/Isajjim-AI/experiments/benchmark/data/abo/meshes/9/B07DBCFNH9.glb,0.6878537367076211,0.8724785479553804,1.0,14.498,15229.8,True,
444,BED,/home/rladlems1031/Isajjim-AI/experiments/benchmark/data/abo/images/37/37f3c993.jpg,/home/rladlems1031/Isajjim-AI/experiments/benchmark/data/abo/masks/B07B4W5T8Y.png,/home/rladlems1031/Isajjim-AI/experiments/benchmark/data/abo/meshes/Y/B07B4W5T8Y.glb,0.6071154603572416,0.6862735285984211,1.0,11.088,14942.4,True,
445,CABINET,/home/rladlems1031/Isajjim-AI/experiments/benchmark/data/abo/images/ea/eae0457d.jpg,/home/rladlems1031/Isajjim-AI/experiments/benchmark/data/abo/masks/B07H8SH3WJ.png,/home/rladlems1031/Isajjim-AI/experiments/benchmark/data/abo/meshes/J/B07H8SH3WJ.glb,0.5129357686758493,0.6773946690333559,1.0,14.109,17080.5,True,
446,SOFA,/home/rladlems1031/Isajjim-AI/experiments/benchmark/data/abo/images/90/9082280e.jpg,/home/rladlems1031/Isajjim-AI/experiments/benchmark/data/abo/masks/B07VQSWXZ5.png,/home/rladlems1031/Isajjim-AI/experiments/benchmark/data/abo/meshes/5/B07VQSWXZ5.glb,0.5269796877750506,0.6038071770535696,1.0,10.357,14168.2,True,
447,SOFA,/home/rladlems1031/Isajjim-AI/experiments/benchmark/data/abo/images/c1/c1c3f433.jpg,/home/rladlems1031/Isajjim-AI/experiments/benchmark/data/abo/masks/B07PBZ74HD.png,/home/rladlems1031/Isajjim-AI/experiments/benchmark/data/abo/meshes/D/B07PBZ74HD.glb,0.6011055062298234,0.6489610314494734,1.0,11.295,14466.7,True,
449,CHAIR_STOOL,/home/rladlems1031/Isajjim-AI/experiments/benchmark/data/abo/images/5e/5ee2e8d1.jpg,/home/rladlems1031/Isajjim-AI/experiments/benchmark/data/abo/masks/B07HZ6YX6K.png,/home/rladlems1031/Isajjim-AI/experiments/benchmark/data/abo/meshes/K/B07HZ6YX6K.glb,0.7883134915378067,0.9000493542445244,1.0,8.477,13926.6,True,
450,SOFA,/home/rladlems1031/Isajjim-AI/experiments/benchmark/data/abo/images/23/23dafd0a.jpg,/home/rladlems1031/Isajjim-AI/experiments/benchmark/data/abo/masks/B07QJX1JY9.png,/home/rladlems1031/Isajjim-AI/experiments/benchmark/data/abo/meshes/9/B07QJX1JY9.glb,0.37825405617692576,0.6958264930587351,1.0,10.1,14700.5,True,
451,SOFA,/home/rladlems1031/Isajjim-AI/experiments/benchmark/data/abo/images/17/1787b3ce.jpg,/home/rladlems1031/Isajjim-AI/experiments/benchmark/data/abo/masks/B07B4M2BC1.png,/home/rladlems1031/Isajjim-AI/experiments/benchmark/data/abo/meshes/1/B07B4M2BC1.glb,0.31621770889723805,0.6211971199361241,1.0,9.591,13981.9,True,
452,SOFA,/home/rladlems1031/Isajjim-AI/experiments/benchmark/data/abo/images/ab/ab40a11e.jpg,/home/rladlems1031/Isajjim-AI/experiments/benchmark/data/abo/masks/B075X5446R.png,/home/rladlems1031/Isajjim-AI/experiments/benchmark/data/abo/meshes/R/B075X5446R.glb,0.4209715305406946,0.4526787364135865,1.0,9.256,13981.9,True,
453,SOFA,/home/rladlems1031/Isajjim-AI/experiments/benchmark/data/abo/images/ef/ef670cf0.jpg,/home/rladlems1031/Isajjim-AI/experiments/benchmark/data/abo/masks/B07BWM2CSV.png,/home/rladlems1031/Isajjim-AI/experiments/benchmark/data/abo/meshes/V/B07BWM2CSV.glb,0.32871266831228735,0.5204617962449787,1.0,9.484,13981.9,True,
454,DISPLAY_SHELF,/home/rladlems1031/Isajjim-AI/experiments/benchmark/data/abo/images/77/7753a2f2.jpg,/home/rladlems1031/Isajjim-AI/experiments/benchmark/data/abo/masks/B078JM1J41.png,/home/rladlems1031/Isajjim-AI/experiments/benchmark/data/abo/meshes/1/B078JM1J41.glb,0.20552040375433547,0.7959185002656743,1.0,8.941,13981.9,True,
455,CABINET,/home/rladlems1031/Isajjim-AI/experiments/benchmark/data/abo/images/e4/e4f6de25.jpg,/home/rladlems1031/Isajjim-AI/experiments/benchmark/data/abo/masks/B07TSTJM5G.png,/home/rladlems1031/Isajjim-AI/experiments/benchmark/data/abo/meshes/G/B07TSTJM5G.glb,0.5042163002612173,0.5206503601929726,1.0,10.186,14564.8,True,
456,CHAIR_STOOL,/home/rladlems1031/Isajjim-AI/experiments/benchmark/data/abo/images/d1/d15f5a3b.jpg,/home/rladlems1031/Isajjim-AI/experiments/benchmark/data/abo/masks/B07B4GXXDV.png,/home/rladlems1031/Isajjim-AI/experiments/benchmark/data/abo/meshes/V/B07B4GXXDV.glb,0.7317578857469826,0.7539920915878534,1.0,13.793,16900.7,True,
457,DRAWER,/home/rladlems1031/Isajjim-AI/experiments/benchmark/data/abo/images/a3/a3e5679c.jpg,/home/rladlems1031/Isajjim-AI/experiments/benchmark/data/abo/masks/B07PVBJ7X8.png,/home/rladlems1031/Isajjim-AI/experiments/benchmark/data/abo/meshes/8/B07PVBJ7X8.glb,0.3868271578896588,0.7564014365166782,1.0,11.529,14223.8,True,
458,CHAIR_STOOL,/home/rladlems1031/Isajjim-AI/experiments/benchmark/data/abo/images/2e/2eda4463.jpg,/home/rladlems1031/Isajjim-AI/experiments/benchmark/data/abo/masks/B07QGSZ564.png,/home/rladlems1031/Isajjim-AI/experiments/benchmark/data/abo/meshes/4/B07QGSZ564.glb,0.6067931600678829,0.6596423222126422,1.0,14.949,17335.0,True,
459,DESK,/home/rladlems1031/Isajjim-AI/experiments/benchmark/data/abo/images/d8/d83c7c15.jpg,/home/rladlems1031/Isajjim-AI/experiments/benchmark/data/abo/masks/B07QF9X1LH.png,/home/rladlems1031/Isajjim-AI/experiments/benchmark/data/abo/meshes/H/B07QF9X1LH.glb,0.26352337196825093,0.5310411854506979,1.0,9.176,13983.3,True,
460,CHAIR_STOOL,/home/rladlems1031/Isajjim-AI/experiments/benchmark/data/abo/images/82/8252d4d7.jpg,/home/rladlems1031/Isajjim-AI/experiments/benchmark/data/abo/masks/B07HP9976H.png,/home/rladlems1031/Isajjim-AI/experiments/benchmark/data/abo/meshes/H/B07HP9976H.glb,0.62931734187807,0.7569449297962706,1.0,10.335,14793.2,True,
461,SOFA,/home/rladlems1031/Isajjim-AI/experiments/benchmark/data/abo/images/1a/1a22342c.jpg,/home/rladlems1031/Isajjim-AI/experiments/benchmark/data/abo/masks/B07HYY8ZGY.png,/home/rladlems1031/Isajjim-AI/experiments/benchmark/data/abo/meshes/Y/B07HYY8ZGY.glb,0.44819383968895893,0.4805740945792053,1.0,9.652,14071.6,True,
462,CHAIR_STOOL,/home/rladlems1031/Isajjim-AI/experiments/benchmark/data/abo/images/f8/f8c2e9cd.jpg,/home/rladlems1031/Isajjim-AI/experiments/benchmark/data/abo/masks/B07B4G487Q.png,/home/rladlems1031/Isajjim-AI/experiments/benchmark/data/abo/meshes/Q/B07B4G487Q.glb,0.6821958137544408,0.7109367455526949,1.0,14.336,17299.8,True,
463,SOFA,/home/rladlems1031/Isajjim-AI/experiments/benchmark/data/abo/images/ca/ca39e319.jpg,/home/rladlems1031/Isajjim-AI/experiments/benchmark/data/abo/masks/B07B4L589M.png,/home/rladlems1031/Isajjim-AI/experiments/benchmark/data/abo/meshes/M/B07B4L589M.glb,0.536407842170142,0.5784739323052831,1.0,11.126,14993.3,True,
464,SOFA,/home/rladlems1031/Isajjim-AI/experiments/benchmark/data/abo/images/13/131c3896.jpg,/home/rladlems1031/Isajjim-AI/experiments/benchmark/data/abo/masks/B07BWJD1S8.png,/home/rladlems1031/Isajjim-AI/experiments/benchmark/data/abo/meshes/8/B07BWJD1S8.glb,0.3514620382091846,0.7155328904780692,1.0,9.398,14176.3,True,
465,DRAWER,/home/rladlems1031/Isajjim-AI/experiments/benchmark/data/abo/images/76/76c75203.jpg,/home/rladlems1031/Isajjim-AI/experiments/benchmark/data/abo/masks/B079VMH24K.png,/home/rladlems1031/Isajjim-AI/experiments/benchmark/data/abo/meshes/K/B079VMH24K.glb,0.906959634237923,0.9476973424136773,1.0,8.766,14020.7,True,
466,CABINET,/home/rladlems1031/Isajjim-AI/experiments/benchmark/data/abo/images/8e/8e5ae522.jpg,/home/rladlems1031/Isajjim-AI/experiments/benchmark/data/abo/masks/B07JG3ZVVZ.png,/home/rladlems1031/Isajjim-AI/experiments/benchmark/data/abo/meshes/Z/B07JG3ZVVZ.glb,0.25295145330083385,0.38053981545655285,1.0,8.87,13965.6,True,
467,CHAIR_STOOL,/home/rladlems1031/Isajjim-AI/experiments/benchmark/data/abo/images/f2/f2798364.jpg,/home/rladlems1031/Isajjim-AI/experiments/benchmark/data/abo/masks/B07HZ8J1WM.png,/home/rladlems1031/Isajjim-AI/experiments/benchmark/data/abo/meshes/M/B07HZ8J1WM.glb,0.5696987888610756,0.7622684659308712,1.0,13.953,16732.7,True,
468,CHAIR_STOOL,/home/rladlems1031/Isajjim-AI/experiments/benchmark/data/abo/images/44/44da33fc.jpg,/home/rladlems1031/Isajjim-AI/experiments/benchmark/data/abo/masks/B07QFRSLZB.png,/home/rladlems1031/Isajjim-AI/experiments/benchmark/data/abo/meshes/B/B07QFRSLZB.glb,0.4909969931033473,0.6655361552365493,1.0,8.927,13961.6,True,
469,SOFA,/home/rladlems1031/Isajjim-AI/experiments/benchmark/data/abo/images/b0/b0921304.jpg,/home/rladlems1031/Isajjim-AI/experiments/benchmark/data/abo/masks/B07FFVJK1V.png,/home/rladlems1031/Isajjim-AI/experiments/benchmark/data/abo/meshes/V/B07FFVJK1V.glb,0.5438723576742475,0.6890745243377638,1.0,10.775,14849.9,True,
470,CABINET,/home/rladlems1031/Isajjim-AI/experiments/benchmark/data/abo/images/2f/2f443e81.jpg,/home/rladlems1031/Isajjim-AI/experiments/benchmark/data/abo/masks/B07H8PQFS4.png,/home/rladlems1031/Isajjim-AI/experiments/benchmark/data/abo/meshes/4/B07H8PQFS4.glb,0.3445738926998715,0.6656166796229168,1.0,10.175,14607.4,True,
471,CHAIR_STOOL,/home/rladlems1031/Isajjim-AI/experiments/benchmark/data/abo/images/18/186d8d4b.jpg,/home/rladlems1031/Isajjim-AI/experiments/benchmark/data/abo/masks/B0857JWWVP.png,/home/rladlems1031/Isajjim-AI/experiments/benchmark/data/abo/meshes/P/B0857JWWVP.glb,0.5569822166218557,0.7326477035789354,1.0,8.493,13963.6,True,
472,DRAWER,/home/rladlems1031/Isajjim-AI/experiments/benchmark/data/abo/images/9e/9edd0157.jpg,/home/rladlems1031/Isajjim-AI/experiments/benchmark/data/abo/masks/B07GFFKRXS.png,/home/rladlems1031/Isajjim-AI/experiments/benchmark/data/abo/meshes/S/B07GFFKRXS.glb,0.5009454154483743,0.8745554880618353,1.0,15.506,18184.1,True,
473,BED,/home/rladlems1031/Isajjim-AI/experiments/benchmark/data/abo/images/f4/f4177c2d.jpg,/home/rladlems1031/Isajjim-AI/experiments/benchmark/data/abo/masks/B075Y184L3.png,/home/rladlems1031/Isajjim-AI/experiments/benchmark/data/abo/meshes/3/B075Y184L3.glb,0.5680213462794863,0.5719747199299617,1.0,8.845,13963.3,True,
474,DESK,/home/rladlems1031/Isajjim-AI/experiments/benchmark/data/abo/images/be/befcc429.jpg,/home/rladlems1031/Isajjim-AI/experiments/benchmark/data/abo/masks/B07GFRNJ61.png,/home/rladlems1031/Isajjim-AI/experiments/benchmark/data/abo/meshes/1/B07GFRNJ61.glb,0.11097514089698998,0.568999970547595,1.0,8.385,13961.6,True,
475,BED,/home/rladlems1031/Isajjim-AI/experiments/benchmark/data/abo/images/31/31419948.jpg,/home/rladlems1031/Isajjim-AI/experiments/benchmark/data/abo/masks/B075ZF4RXP.png,/home/rladlems1031/Isajjim-AI/experiments/benchmark/data/abo/meshes/P/B075ZF4RXP.glb,0.04523334993450478,0.9675218600477509,1.0,8.999,13981.9,True,
476,DISPLAY_SHELF,/home/rladlems1031/Isajjim-AI/experiments/benchmark/data/abo/images/37/377fe604.jpg,/home/rladlems1031/Isajjim-AI/experiments/benchmark/data/abo/masks/B074KKXLK1.png,/home/rladlems1031/Isajjim-AI/experiments/benchmark/data/abo/meshes/1/B074KKXLK1.glb,0.255486902135564,0.3337952925276322,1.0,8.932,13980.3,True,
477,CHAIR_STOOL,/home/rladlems1031/Isajjim-AI/experiments/benchmark/data/abo/images/02/02f9e40e.jpg,/home/rladlems1031/Isajjim-AI/experiments/benchmark/data/abo/masks/B07B4MRKQG.png,/home/rladlems1031/Isajjim-AI/experiments/benchmark/data/abo/meshes/G/B07B4MRKQG.glb,0.7561292758784757,0.9159654014391,1.0,8.755,13981.9,True,
478,SOFA,/home/rladlems1031/Isajjim-AI/experiments/benchmark/data/abo/images/67/6710864f.jpg,/home/rladlems1031/Isajjim-AI/experiments/benchmark/data/abo/masks/B07QGSZ74B.png,/home/rladlems1031/Isajjim-AI/experiments/benchmark/data/abo/meshes/B/B07QGSZ74B.glb,0.46725046089701716,0.566932363539676,1.0,9.703,14222.8,True,
479,SOFA,/home/rladlems1031/Isajjim-AI/experiments/benchmark/data/abo/images/87/87859c7a.jpg,/home/rladlems1031/Isajjim-AI/experiments/benchmark/data/abo/masks/B07HYYBHNK.png,/home/rladlems1031/Isajjim-AI/experiments/benchmark/data/abo/meshes/K/B07HYYBHNK.glb,0.46232914235629163,0.48299795733815193,1.0,9.584,13998.5,True,
480,CHAIR_STOOL,/home/rladlems1031/Isajjim-AI/experiments/benchmark/data/abo/images/1b/1b7a64b1.jpg,/home/rladlems1031/Isajjim-AI/experiments/benchmark/data/abo/masks/B075X543WY.png,/home/rladlems1031/Isajjim-AI/experiments/benchmark/data/abo/meshes/Y/B075X543WY.glb,0.5560791253249382,0.5854504631355381,1.0,13.356,16962.0,True,
481,CHAIR_STOOL,/home/rladlems1031/Isajjim-AI/experiments/benchmark/data/abo/images/9c/9cdea7b3.jpg,/home/rladlems1031/Isajjim-AI/experiments/benchmark/data/abo/masks/B075X5TN1Y.png,/home/rladlems1031/Isajjim-AI/experiments/benchmark/data/abo/meshes/Y/B075X5TN1Y.glb,0.4937066970701356,0.7007501516337549,1.0,12.197,14600.5,True,
482,SOFA,/home/rladlems1031/Isajjim-AI/experiments/benchmark/data/abo/images/1f/1fecda87.jpg,/home/rladlems1031/Isajjim-AI/experiments/benchmark/data/abo/masks/B07G2RHL73.png,/home/rladlems1031/Isajjim-AI/experiments/benchmark/data/abo/meshes/3/B07G2RHL73.glb,0.456223668203004,0.5065125859712222,1.0,9.604,14113.1,True,
483,SOFA,/home/rladlems1031/Isajjim-AI/experiments/benchmark/data/abo/images/44/44640722.jpg,/home/rladlems1031/Isajjim-AI/experiments/benchmark/data/abo/masks/B07SZ1PZ1G.png,/home/rladlems1031/Isajjim-AI/experiments/benchmark/data/abo/meshes/G/B07SZ1PZ1G.glb,0.575302786707444,0.5956638519061864,1.0,9.89,14750.2,True,
484,CHAIR_STOOL,/home/rladlems1031/Isajjim-AI/experiments/benchmark/data/abo/images/5f/5fea6c32.jpg,/home/rladlems1031/Isajjim-AI/experiments/benchmark/data/abo/masks/B07HP8Z5YP.png,/home/rladlems1031/Isajjim-AI/experiments/benchmark/data/abo/meshes/P/B07HP8Z5YP.glb,0.6116187570272347,0.623703149130488,1.0,8.897,13926.2,True,
485,SOFA,/home/rladlems1031/Isajjim-AI/experiments/benchmark/data/abo/images/8a/8a14d82f.jpg,/home/rladlems1031/Isajjim-AI/experiments/benchmark/data/abo/masks/B07B4MHTG1.png,/home/rladlems1031/Isajjim-AI/experiments/benchmark/data/abo/meshes/1/B07B4MHTG1.glb,0.2998699406202275,0.5607687552970568,1.0,9.235,13981.9,True,
486,BED,/home/rladlems1031/Isajjim-AI/experiments/benchmark/data/abo/images/7b/7b24daae.jpg,/home/rladlems1031/Isajjim-AI/experiments/benchmark/data/abo/masks/B07GFS1W12.png,/home/rladlems1031/Isajjim-AI/experiments/benchmark/data/abo/meshes/2/B07GFS1W12.glb,0.22724928641216446,0.9773762372488786,1.0,8.872,13961.6,True,
487,CHAIR_STOOL,/home/rladlems1031/Isajjim-AI/experiments/benchmark/data/abo/images/74/747f0c47.jpg,/home/rladlems1031/Isajjim-AI/experiments/benchmark/data/abo/masks/B07HZ58T3Q.png,/home/rladlems1031/Isajjim-AI/experiments/benchmark/data/abo/meshes/Q/B07HZ58T3Q.glb,0.6266789534423545,0.7434860010307432,1.0,15.177,17877.7,True,
488,SOFA,/home/rladlems1031/Isajjim-AI/experiments/benchmark/data/abo/images/a4/a4abff6b.jpg,/home/rladlems1031/Isajjim-AI/experiments/benchmark/data/abo/masks/B07BWMQLWM.png,/home/rladlems1031/Isajjim-AI/experiments/benchmark/data/abo/meshes/M/B07BWMQLWM.glb,0.3245791810343091,0.6601371337846613,1.0,9.915,14205.2,True,
489,SOFA,/home/rladlems1031/Isajjim-AI/experiments/benchmark/data/abo/images/08/084d676e.jpg,/home/rladlems1031/Isajjim-AI/experiments/benchmark/data/abo/masks/B07P5LLWKZ.png,/home/rladlems1031/Isajjim-AI/experiments/benchmark/data/abo/meshes/Z/B07P5LLWKZ.glb,0.4383969411717073,0.46719296289020884,1.0,9.437,13991.7,True,
491,SOFA,/home/rladlems1031/Isajjim-AI/experiments/benchmark/data/abo/images/49/49df2a55.jpg,/home/rladlems1031/Isajjim-AI/experiments/benchmark/data/abo/masks/B07HPNBTJX.png,/home/rladlems1031/Isajjim-AI/experiments/benchmark/data/abo/meshes/X/B07HPNBTJX.glb,0.4253728362043915,0.5027481010820932,1.0,9.472,13984.2,True,
492,SOFA,/home/rladlems1031/Isajjim-AI/experiments/benchmark/data/abo/images/1c/1ce4d023.jpg,/home/rladlems1031/Isajjim-AI/experiments/benchmark/data/abo/masks/B082TCDJCD.png,/home/rladlems1031/Isajjim-AI/experiments/benchmark/data/abo/meshes/D/B082TCDJCD.glb,0.41579125483158225,0.48644123865836875,1.0,9.979,14344.8,True,
493,CHAIR_STOOL,/home/rladlems1031/Isajjim-AI/experiments/benchmark/data/abo/images/e2/e271497c.jpg,/home/rladlems1031/Isajjim-AI/experiments/benchmark/data/abo/masks/B07B4MJKPG.png,/home/rladlems1031/Isajjim-AI/experiments/benchmark/data/abo/meshes/G/B07B4MJKPG.glb,0.6117738705636984,0.7524606929087777,1.0,14.758,15748.2,True,
494,BED,/home/rladlems1031/Isajjim-AI/experiments/benchmark/data/abo/images/2b/2bba2fdb.jpg,/home/rladlems1031/Isajjim-AI/experiments/benchmark/data/abo/masks/B07B4YNHSR.png,/home/rladlems1031/Isajjim-AI/experiments/benchmark/data/abo/meshes/R/B07B4YNHSR.glb,0.619680518989071,0.7157067992414251,1.0,11.189,14298.7,True,
495,DESK,/home/rladlems1031/Isajjim-AI/experiments/benchmark/data/abo/images/1c/1ce0ccf6.jpg,/home/rladlems1031/Isajjim-AI/experiments/benchmark/data/abo/masks/B01MXKMRK4.png,/home/rladlems1031/Isajjim-AI/experiments/benchmark/data/abo/meshes/4/B01MXKMRK4.glb,0.41552675869613726,0.8006450718921951,1.0,9.11,13950.2,True,
496,SOFA,/home/rladlems1031/Isajjim-AI/experiments/benchmark/data/abo/images/d0/d0f48d76.jpg,/home/rladlems1031/Isajjim-AI/experiments/benchmark/data/abo/masks/B082VMDFXN.png,/home/rladlems1031/Isajjim-AI/experiments/benchmark/data/abo/meshes/N/B082VMDFXN.glb,0.5219556311559431,0.7089936009991412,1.0,9.844,14223.6,True,
497,SOFA,/home/rladlems1031/Isajjim-AI/experiments/benchmark/data/abo/images/60/601905bd.jpg,/home/rladlems1031/Isajjim-AI/experiments/benchmark/data/abo/masks/B07B4L56TX.png,/home/rladlems1031/Isajjim-AI/experiments/benchmark/data/abo/meshes/X/B07B4L56TX.glb,0.5334042794197027,0.5795376098394304,1.0,11.028,14945.1,True,
498,CHAIR_STOOL,/home/rladlems1031/Isajjim-AI/experiments/benchmark/data/abo/images/e1/e135c018.jpg,/home/rladlems1031/Isajjim-AI/experiments/benchmark/data/abo/masks/B084W2RH7F.png,/home/rladlems1031/Isajjim-AI/experiments/benchmark/data/abo/meshes/F/B084W2RH7F.glb,0.5702928259127805,0.62223474552935,1.0,9.215,13963.3,True,
499,CHAIR_STOOL,/home/rladlems1031/Isajjim-AI/experiments/benchmark/data/abo/images/61/611e336e.jpg,/home/rladlems1031/Isajjim-AI/experiments/benchmark/data/abo/masks/B07K7LZVPT.png,/home/rladlems1031/Isajjim-AI/experiments/benchmark/data/abo/meshes/T/B07K7LZVPT.glb,0.42706260046121547,0.5278571844328561,1.0,7.999,13926.2,True,
