config,sample_id,base_name,matched_type,volume_mape,relative_mape,per_axis_mape,gap,pred_volume_m3,gt_volume_m3,pred_small_mm,pred_mid_mm,pred_large_mm,gt_small_mm,gt_mid_mm,gt_large_mm,rel_small,rel_mid,rel_large,latency_seconds,vram_peak_mb
abo_proposed,0,CHAIR_STOOL,STANDARD_CHAIR,92.9199,7.3012,24.6207,85.6188,0.4320,0.2239,600,600,1200,460.0000,474.0000,1027.0000,0.4364,0.5171,1.0000,7.8920,13926.2000
abo_proposed,1,DRAWER,,44.5101,21.1386,13.7619,23.3715,0.7000,0.4844,500,1000,1400,457.2000,993.1400,1066.8000,0.5809,0.9937,1.0000,8.7580,13981.9000
abo_proposed,2,CABINET,,83.6353,39.2523,48.9305,44.3831,0.6720,4.1064,700,800,1200,580.0000,2360.0000,3000.0000,0.2563,0.4253,1.0000,8.5790,13933.3000
abo_proposed,3,CHAIR_STOOL,STANDARD_CHAIR,49.1076,30.6951,28.9251,18.4125,0.4320,0.8488,600,600,1200,889.0000,939.8000,1016.0000,0.6217,0.6249,1.0000,9.4870,13980.3000
abo_proposed,4,SOFA,TWIN_SOFA,17.0169,4.2230,5.4105,12.7939,1.8000,1.5382,900,1000,2000,880.0000,920.0000,1900.0000,0.4559,0.5175,1.0000,9.2290,13958.3000
abo_proposed,5,CHAIR_STOOL,STANDARD_CHAIR,199.7585,18.7259,46.7005,181.0326,0.4320,0.1441,600,600,1200,419.1000,520.7000,660.4000,0.5330,0.6194,1.0000,13.7570,16598.3000
abo_proposed,6,BED,DOUBLE_BED,26.5964,7.5308,8.8278,19.0655,3.3971,2.6834,1213.2000,1400,2000,1104.9000,1206.5000,2012.9500,0.6066,0.6266,1.0000,10.8860,14409.9000
abo_proposed,7,CHAIR_STOOL,STANDARD_CHAIR,41.5539,21.4996,32.4421,20.0544,0.4320,0.3052,600,600,1200,660.0000,680.0000,680.0000,0.7585,0.7885,1.0000,15.3150,19073.7000
abo_proposed,8,CHAIR_STOOL,STANDARD_CHAIR,32.9911,22.4925,28.9449,10.4986,0.4320,0.6447,600,600,1200,779.7800,899.1600,919.4800,0.6459,0.7711,1.0000,13.3620,16757.1000
abo_proposed,9,DESK,L_SHAPED_DESK,61.9801,29.8683,20.1060,32.1118,1.3824,0.8534,720,1200,1600,711.2000,762.0000,1574.8000,0.5376,0.6808,1.0000,9.3360,13981.9000
abo_proposed,10,CHAIR_STOOL,STANDARD_CHAIR,15.3249,13.1909,25.9915,2.1341,0.4320,0.5102,600,600,1200,690.1180,839.9780,880.1100,0.7252,0.7743,1.0000,12.7700,15804.1000
abo_proposed,11,CHAIR_STOOL,STANDARD_CHAIR,32.7562,24.1376,29.3566,8.6186,0.4320,0.6424,600,600,1200,838.2000,838.2000,914.4000,0.6773,0.7136,1.0000,18.0550,19292.3000
abo_proposed,12,CHAIR_STOOL,STANDARD_CHAIR,156.2197,14.3846,37.3209,141.8351,0.4320,0.1686,600,600,1200,459.9940,469.9000,780.0340,0.6725,0.6912,1.0000,8.9080,13963.6000
abo_proposed,13,CHAIR_STOOL,STANDARD_CHAIR,14.1015,10.2032,29.4079,3.8982,0.4320,0.5029,600,600,1200,762.0000,787.4000,838.2000,0.8272,0.8323,1.0000,8.7500,13976.3000
abo_proposed,14,SOFA,L_SHAPED_SOFA,244.4546,19.6734,55.6141,224.7812,5.1840,1.5050,900,1800,3200,812.8000,889.0000,2082.8000,0.4407,0.5396,1.0000,9.3480,13981.9000
abo_proposed,15,SOFA,L_SHAPED_SOFA,676.3616,40.0326,105.7725,636.3289,5.1840,0.6677,900,1800,3200,629.9200,640.0800,1656.0800,0.3361,0.6510,1.0000,8.7320,13933.7000
abo_proposed,16,CHAIR_STOOL,STANDARD_CHAIR,4.8981,9.8003,21.6587,-4.9022,0.4320,0.4542,600,600,1200,609.6000,838.2000,889.0000,0.6444,0.8148,1.0000,11.9710,15550.5000
abo_proposed,17,DESK,DESK_NO_DRAWER,116.0588,14.4369,30.3416,101.6218,0.8064,0.3732,720,800,1400,495.3000,741.6800,1016.0000,0.4122,0.6320,1.0000,8.2590,13950.2000
abo_proposed,18,SOFA,TWIN_SOFA,1.6822,16.2872,2.9378,-14.6050,1.8000,1.8308,900,1000,2000,930.0000,1020.0000,1930.0000,0.4029,0.4429,1.0000,9.0230,13951.6000
abo_proposed,19,SOFA,L_SHAPED_SOFA,270.3534,13.1373,61.6715,257.2161,5.1840,1.3997,900,1800,3200,899.9220,960.1200,1620.0120,0.5622,0.7413,1.0000,11.8730,14510.8000
abo_proposed,20,SOFA,L_SHAPED_SOFA,358.7500,4.0312,75.4559,354.7188,5.1840,1.1300,900,1800,3200,878.8400,899.1600,1430.0200,0.6173,0.6767,1.0000,11.9530,15878.3000
abo_proposed,21,SOFA,L_SHAPED_SOFA,182.8366,39.9146,43.4361,142.9220,5.1840,1.8329,900,1800,3200,787.4000,1041.4000,2235.2000,0.2639,0.7209,1.0000,9.9580,14250.0000
abo_proposed,22,CHAIR_STOOL,STANDARD_CHAIR,30.8948,25.4592,32.6315,5.4356,0.4320,0.6251,600,600,1200,838.2000,863.6000,863.6000,0.7324,0.7362,1.0000,15.2700,17097.6000
abo_proposed,23,CHAIR_STOOL,STANDARD_CHAIR,3.8107,1.6366,7.9475,2.1741,0.4320,0.4161,600,600,1200,619.7600,640.0800,1049.0200,0.5755,0.6060,1.0000,8.9800,13981.9000
abo_proposed,24,DRAWER,,42.9739,17.7243,22.7397,25.2495,0.7000,0.4896,500,1000,1400,400.0000,765.0000,1600.0000,0.3173,0.5188,1.0000,10.1820,14810.7000
abo_proposed,25,SOFA,TWIN_SOFA,9.7380,12.6292,3.1598,-2.8912,1.8000,1.6403,900,1000,2000,890.0000,950.0000,1940.0000,0.3768,0.5259,1.0000,8.5110,13955.6000
abo_proposed,26,SOFA,TWIN_SOFA,108.6282,21.0877,29.4988,87.5405,1.8000,0.8628,900,1000,2000,635.0000,685.8000,1981.2000,0.3837,0.4239,1.0000,9.3390,13981.9000
abo_proposed,27,CHAIR_STOOL,STANDARD_CHAIR,44.0708,21.1284,12.9516,22.9424,0.4320,0.2999,600,600,1200,535.9400,535.9400,1043.9400,0.5063,0.7232,1.0000,8.2350,13933.7000
abo_proposed,28,DISPLAY_SHELF,,128.2429,3.4165,34.0832,124.8264,0.8640,0.3785,400,1200,1800,349.3008,699.4906,1549.2984,0.2287,0.4271,1.0000,8.9930,13981.9000
abo_proposed,29,CHAIR_STOOL,STANDARD_CHAIR,45.2946,14.1686,15.0981,31.1260,0.4320,0.2973,600,600,1200,533.4000,609.6000,914.4000,0.4693,0.6080,1.0000,8.8880,13981.9000
abo_proposed,30,SOFA,TWIN_SOFA,6.9949,9.7263,4.7007,-2.7314,1.8000,1.9354,900,1000,2000,939.8000,965.2000,2133.6000,0.4601,0.5202,1.0000,9.8510,14276.5000
abo_proposed,31,SOFA,TWIN_SOFA,16.0148,2.8476,6.1575,13.1673,1.8000,1.5515,900,1000,2000,840.7400,909.3200,2029.4600,0.4020,0.4603,1.0000,9.2790,13939.3000
abo_proposed,32,SOFA,L_SHAPED_SOFA,183.8314,15.3448,47.1193,168.4866,5.1840,1.8264,900,1800,3200,914.4000,1092.2000,1828.8000,0.5439,0.7280,1.0000,12.6750,15863.7000
abo_proposed,33,BED,BUNK_BED,1.1767,7.7637,5.3357,-6.5870,1.7723,1.7934,492.3000,1800,2000,457.2000,1930.4000,2032.0000,0.2462,0.8918,1.0000,8.5600,13981.9000
abo_proposed,34,DESK,DESK_NO_DRAWER,35.8104,7.8787,11.3946,27.9317,0.8064,0.5938,720,800,1400,558.8000,774.7000,1371.6000,0.4349,0.6157,1.0000,8.9440,13959.6000
abo_proposed,35,CHAIR_STOOL,STANDARD_CHAIR,48.8712,9.8629,19.6576,39.0084,0.4320,0.8449,600,600,1200,670.5600,850.9000,1480.8200,0.5257,0.5538,1.0000,9.8000,13981.9000
abo_proposed,36,CHAIR_STOOL,STANDARD_CHAIR,48.0700,25.9657,25.2254,22.1044,0.4320,0.8319,600,600,1200,810.2600,960.1200,1069.3400,0.6054,0.6121,1.0000,14.2830,16870.1000
abo_proposed,37,DESK,DESK_NO_DRAWER,37.7990,9.8131,12.0574,27.9860,0.8064,0.5852,720,800,1400,550.0000,760.0000,1400.0000,0.3794,0.6308,1.0000,8.9320,13953.0000
abo_proposed,38,BED,BUNK_BED,90.0508,56.8880,38.4722,33.1627,2.6510,1.3949,736.4000,1800,2000,355.6000,1930.4000,2032.0000,0.3682,0.9821,1.0000,10.2640,14351.5000
abo_proposed,39,CHAIR_STOOL,STANDARD_CHAIR,4.5123,16.4747,24.3778,-11.9624,0.4320,0.4524,600,600,1200,711.2000,736.6000,863.6000,0.6535,0.7481,1.0000,14.4760,16938.3000
abo_proposed,40,SOFA,TWIN_SOFA,11.7643,4.2963,3.8282,7.4681,1.8000,1.6105,900,1000,2000,830.0000,990.0000,1960.0000,0.4495,0.5174,1.0000,9.7390,14292.5000
abo_proposed,41,SOFA,L_SHAPED_SOFA,182.8366,32.3525,43.4361,150.4841,5.1840,1.8329,900,1800,3200,787.4000,1041.4000,2235.2000,0.2834,0.6763,1.0000,9.6550,14042.0000
abo_proposed,42,SOFA,L_SHAPED_SOFA,244.4546,5.1682,56.9773,239.2864,5.1840,1.5050,900,1800,3200,889.0000,1041.4000,1625.6000,0.5006,0.6527,1.0000,11.9220,15693.8000
abo_proposed,43,BED,KING_SIZE_BED,33.0217,5.7666,12.3184,27.2552,3.6938,5.5149,1154.3000,1600,2000,1270.0000,2006.6000,2164.0800,0.5772,0.8356,1.0000,11.0310,14802.2000
abo_proposed,44,BED,DOUBLE_BED,38.9863,2.3035,15.1793,36.6828,3.3998,5.5721,1214.2000,1400,2000,1422.4000,1676.4000,2336.8000,0.6071,0.6862,1.0000,11.0900,14942.4000
abo_proposed,45,CHAIR_STOOL,STANDARD_CHAIR,28.7534,6.9652,13.0455,21.7882,0.4320,0.3355,600,600,1200,533.4000,635.0000,990.6000,0.4796,0.6218,1.0000,9.0010,13947.6000
abo_proposed,46,CHAIR_STOOL,STANDARD_CHAIR,25.8592,30.9957,25.0955,-5.1366,0.4320,0.5827,600,600,1200,787.4000,787.4000,939.8000,0.4877,0.6686,1.0000,10.2280,14303.4000
abo_proposed,47,SOFA,L_SHAPED_SOFA,196.0499,10.9752,52.1645,185.0747,5.1840,1.7511,900,1800,3200,939.8000,965.2000,1930.4000,0.5153,0.5806,1.0000,11.5330,15145.3000
abo_proposed,48,SOFA,L_SHAPED_SOFA,79.8140,12.2602,23.9012,67.5537,5.1840,2.8830,900,1800,3200,899.1600,1579.8800,2029.4600,0.3874,0.6854,1.0000,10.0310,14419.2000
abo_proposed,49,SOFA,L_SHAPED_SOFA,182.8366,34.3539,43.4361,148.4827,5.1840,1.8329,900,1800,3200,787.4000,1041.4000,2235.2000,0.2768,0.6862,1.0000,9.6550,14062.6000
abo_proposed,50,SOFA,L_SHAPED_SOFA,310.8190,11.3129,64.5788,299.5062,5.1840,1.2619,900,1800,3200,787.4000,914.4000,1752.6000,0.4933,0.5887,1.0000,10.3090,14658.8000
abo_proposed,51,CHAIR_STOOL,STANDARD_CHAIR,14.7955,16.4829,27.3018,-1.6874,0.4320,0.5070,600,600,1200,711.2000,825.5000,863.6000,0.7169,0.7645,1.0000,16.5860,18440.7000
abo_proposed,52,DESK,DESK_NO_DRAWER,147.2243,13.2298,35.6236,133.9944,0.8064,0.3262,720,800,1400,498.6020,660.4000,990.6000,0.3927,0.6368,1.0000,8.3000,13950.2000
abo_proposed,53,CHAIR_STOOL,STANDARD_CHAIR,53.4466,15.9143,25.0739,37.5323,0.4320,0.9280,600,600,1200,838.2000,990.6000,1117.6000,0.6190,0.7590,1.0000,14.5170,15616.1000
abo_proposed,54,DRAWER,,236.5385,6.6680,51.2821,229.8704,0.7000,0.2080,500,1000,1400,400.0000,650.0000,800.0000,0.5398,0.7688,1.0000,14.9530,17514.5000
abo_proposed,55,CHAIR_STOOL,STANDARD_CHAIR,51.0188,6.7169,29.5415,44.3019,0.4320,0.8820,600,600,1200,919.9880,940.0540,1019.8100,0.8203,0.8816,1.0000,8.7740,13969.0000
abo_proposed,56,SOFA,L_SHAPED_SOFA,326.2174,13.1236,69.7592,313.0938,5.1840,1.2163,900,1800,3200,863.6000,939.8000,1498.6000,0.4725,0.5754,1.0000,10.5080,14674.4000
abo_proposed,57,CHAIR_STOOL,STANDARD_CHAIR,1.0920,13.7028,31.0914,-12.6108,0.4320,0.4273,600,600,1200,723.9000,762.0000,774.7000,0.8043,0.8510,1.0000,14.9470,17533.2000
abo_proposed,58,SOFA,TWIN_SOFA,46.1174,16.2499,13.5784,29.8675,1.8000,1.2319,900,1000,2000,820.0000,830.0000,1810.0000,0.3605,0.5139,1.0000,8.6740,13941.7000
abo_proposed,59,DISPLAY_SHELF,,22.8089,43.6201,7.8460,-20.8112,0.8640,1.1193,400,1200,1800,500.0000,1230.0000,1820.0000,0.2109,0.2432,1.0000,8.4570,13959.3000
abo_proposed,60,CHAIR_STOOL,STANDARD_CHAIR,90.5287,5.8391,24.6596,84.6896,0.4320,0.2267,600,600,1200,485.0000,550.0000,850.0000,0.5205,0.6283,1.0000,8.8490,13955.6000
abo_proposed,61,CHAIR_STOOL,STANDARD_CHAIR,30.7712,13.9351,14.8534,16.8361,0.4320,0.3303,600,600,1200,579.8820,640.0800,890.0160,0.5336,0.6489,1.0000,9.5200,14063.7000
abo_proposed,62,CHAIR_STOOL,STANDARD_CHAIR,34.2941,14.1006,30.2306,20.1935,0.4320,0.6575,600,600,1200,850.0000,850.0000,910.0000,0.7781,0.8266,1.0000,8.8930,13980.3000
abo_proposed,63,CHAIR_STOOL,STANDARD_CHAIR,49.5016,19.3899,30.6787,30.1117,0.4320,0.8555,600,600,1200,899.9220,960.1200,990.0920,0.6559,0.8636,1.0000,17.7540,18942.4000
abo_proposed,64,SOFA,SINGLE_SOFA,27.4602,4.8858,16.1630,22.5744,0.9000,1.2407,900,1000,1000,812.8000,1155.7000,1320.8000,0.6009,0.9398,1.0000,11.3580,15162.6000
abo_proposed,65,SOFA,TWIN_SOFA,15.6385,8.8785,11.5913,6.7599,1.8000,1.5566,900,1000,2000,769.6200,919.4800,2199.6400,0.3874,0.4474,1.0000,9.5610,14057.7000
abo_proposed,66,DESK,L_SHAPED_DESK,152.4491,11.7708,36.5820,140.6783,1.3824,0.5476,720,1200,1600,563.8800,789.9400,1229.3600,0.5131,0.7175,1.0000,8.6570,13981.9000
abo_proposed,67,CHAIR_STOOL,STANDARD_CHAIR,82.3545,21.7202,23.0455,60.6343,0.4320,0.2369,600,600,1200,520.7000,546.1000,833.1200,0.4988,0.5031,1.0000,8.1930,13934.2000
abo_proposed,68,CHAIR_STOOL,STANDARD_CHAIR,9.6577,12.4066,17.6258,-2.7489,0.4320,0.3940,600,600,1200,629.9200,698.5000,895.3500,0.5990,0.7024,1.0000,11.3190,15174.0000
abo_proposed,69,CHAIR_STOOL,STANDARD_CHAIR,104.0274,7.7386,27.5384,96.2888,0.4320,0.2117,600,600,1200,435.0000,550.0000,885.0000,0.4508,0.5768,1.0000,8.3380,13926.2000
abo_proposed,70,BED,DOUBLE_BED,51.6931,11.3366,20.9265,40.3565,3.4258,7.0918,1223.5000,1400,2000,1422.4000,2133.6000,2336.8000,0.6118,0.7106,1.0000,11.2810,15164.2000
abo_proposed,71,CHAIR_STOOL,STANDARD_CHAIR,41.9540,28.2854,27.9667,13.6686,0.4320,0.7442,600,600,1200,854.7100,884.6820,984.2500,0.6089,0.6590,1.0000,11.1880,15110.2000
abo_proposed,72,DESK,DESK_DOUBLE_PEDESTAL,145.7600,63.6649,36.8889,82.0951,0.9216,0.3750,720,800,1600,500.0000,750.0000,1000.0000,0.1434,0.3299,1.0000,8.4570,13961.6000
abo_proposed,73,CHAIR_STOOL,STANDARD_CHAIR,31.8593,13.6609,23.7066,18.1984,0.4320,0.6340,600,600,1200,787.4000,812.8000,990.6000,0.6451,0.7509,1.0000,16.5450,18467.0000
abo_proposed,74,CHAIR_STOOL,STANDARD_CHAIR,63.7407,8.6101,18.5993,55.1306,0.4320,0.2638,600,600,1200,508.0000,584.2000,889.0000,0.5118,0.7017,1.0000,9.0350,13951.6000
abo_proposed,75,CHAIR_STOOL,STANDARD_CHAIR,5.6474,8.4581,7.6906,-2.8107,0.4320,0.4579,600,600,1200,640.0800,650.2400,1100.0740,0.5199,0.5540,1.0000,8.4770,13948.0000
abo_proposed,76,BED,DOUBLE_BED,38.4791,0.7096,14.9426,37.7695,3.4280,5.5721,1224.3000,1400,2000,1422.4000,1676.4000,2336.8000,0.6121,0.7113,1.0000,11.1140,14849.4000
abo_proposed,77,SOFA,L_SHAPED_SOFA,111.2135,16.7639,34.0779,94.4496,5.1840,2.4544,900,1800,3200,939.8000,1117.6000,2336.8000,0.4550,0.5759,1.0000,9.5790,14167.3000
abo_proposed,78,DISPLAY_SHELF,,20.0248,10.8560,17.6909,9.1688,0.8640,0.7199,400,1200,1800,431.8000,863.6000,1930.4000,0.2704,0.4511,1.0000,9.1480,13981.9000
abo_proposed,79,SOFA,L_SHAPED_SOFA,145.1590,42.9730,42.8928,102.1860,5.1840,2.1145,900,1800,3200,939.8000,952.5000,2362.2000,0.3579,0.7093,1.0000,11.2100,15198.2000
abo_proposed,80,SOFA,TWIN_SOFA,679.3789,38.8882,103.1060,640.4907,1.8000,0.2310,900,1000,2000,495.3000,622.3000,749.3000,0.4326,0.4716,1.0000,9.1090,13937.6000
abo_proposed,81,SOFA,L_SHAPED_SOFA,358.7500,6.8043,75.4559,351.9457,5.1840,1.1300,900,1800,3200,878.8400,899.1600,1430.0200,0.6416,0.6867,1.0000,11.8870,15604.3000
abo_proposed,82,CABINET,,97.5320,183.4758,59.2594,-85.9438,0.6720,0.3402,700,800,1200,419.9992,449.9991,1799.9964,0.5494,0.8288,1.0000,10.5990,14542.3000
abo_proposed,83,DESK,DESK_NO_DRAWER,46.8824,12.1080,14.1735,34.7745,0.8064,0.5490,720,800,1400,565.0000,790.0000,1230.0000,0.3536,0.6346,1.0000,8.1090,13916.6000
abo_proposed,84,CHAIR_STOOL,STANDARD_CHAIR,36.2996,4.5982,15.8108,31.7014,0.4320,0.3169,600,600,1200,500.1260,640.0800,990.0920,0.4670,0.6358,1.0000,9.0460,13963.6000
abo_proposed,85,DESK,L_SHAPED_DESK,175.5981,11.7261,40.7124,163.8720,1.3824,0.5016,720,1200,1600,550.0000,760.0000,1200.0000,0.4578,0.7811,1.0000,9.8520,14536.5000
abo_proposed,86,CHAIR_STOOL,STANDARD_CHAIR,115.6572,17.8679,29.6549,97.7892,0.4320,0.2003,600,600,1200,452.1200,520.7000,850.9000,0.4355,0.5037,1.0000,8.4780,13981.9000
abo_proposed,87,CHAIR_STOOL,STANDARD_CHAIR,51.6011,4.2656,27.7858,47.3355,0.4320,0.8926,600,600,1200,889.0000,952.5000,1054.1000,0.8280,0.9643,1.0000,8.7040,13967.3000
abo_proposed,88,CHAIR_STOOL,STANDARD_CHAIR,35.8599,25.8867,16.1074,9.9732,0.4320,0.3180,600,600,1200,609.6000,622.3000,838.2000,0.5121,0.5777,1.0000,9.1070,13981.9000
abo_proposed,89,CHAIR_STOOL,STANDARD_CHAIR,107.7633,7.5783,28.0733,100.1851,0.4320,0.2079,600,600,1200,449.5800,530.8600,871.2200,0.5563,0.6542,1.0000,8.4020,13961.6000
abo_proposed,90,CHAIR_STOOL,STANDARD_CHAIR,30.1292,13.9829,19.1466,16.1463,0.4320,0.6183,600,600,1200,701.0400,840.7400,1049.0200,0.5952,0.6649,1.0000,14.2500,15335.4000
abo_proposed,91,SOFA,L_SHAPED_SOFA,368.2227,6.0988,76.1608,362.1240,5.1840,1.1072,900,1800,3200,861.0600,899.1600,1430.0200,0.5869,0.6895,1.0000,11.4870,15404.7000
abo_proposed,93,SOFA,TWIN_SOFA,4.3366,6.1178,6.9702,-1.7812,1.8000,1.8816,900,1000,2000,909.3200,919.4800,2250.4400,0.4050,0.4576,1.0000,9.5920,13981.9000
abo_proposed,94,CHAIR_STOOL,STANDARD_CHAIR,17.0319,9.3653,8.7038,7.6667,0.4320,0.5207,600,600,1200,666.7500,679.4500,1149.3500,0.5064,0.5556,1.0000,8.6820,13944.1000
abo_proposed,95,CHAIR_STOOL,STANDARD_CHAIR,15.2050,8.8876,10.9874,6.3174,0.4320,0.3750,600,600,1200,620.0140,629.9200,960.1200,0.5586,0.6280,1.0000,9.1980,13981.9000
abo_proposed,96,CHAIR_STOOL,STANDARD_CHAIR,54.2036,19.0450,29.6811,35.1586,0.4320,0.9433,600,600,1200,914.4000,990.6000,1041.4000,0.7237,0.7561,1.0000,14.7470,17452.7000
abo_proposed,97,DESK,DESK_DOUBLE_PEDESTAL,32.2669,7.8985,9.9913,24.3684,0.9216,0.6968,720,800,1600,600.0000,762.0000,1524.0000,0.4388,0.5218,1.0000,8.5820,13951.6000
abo_proposed,98,SOFA,L_SHAPED_SOFA,2144.1559,46.9443,183.2900,2097.2115,5.1840,0.2310,900,1800,3200,330.0000,700.0000,1000.0000,0.6293,0.6777,1.0000,13.6470,17272.7000
abo_proposed,99,CHAIR_STOOL,STANDARD_CHAIR,34.3046,27.8600,26.3086,6.4446,0.4320,0.6576,600,600,1200,812.8000,838.2000,965.2000,0.6060,0.6280,1.0000,12.7610,14831.5000
abo_proposed,100,CHAIR_STOOL,STANDARD_CHAIR,29.1307,29.0090,32.4817,0.1217,0.4320,0.3345,600,600,1200,680.7200,701.0400,701.0400,0.6498,0.7506,1.0000,8.7990,13972.7000
abo_proposed,101,CHAIR_STOOL,STANDARD_CHAIR,16.4521,14.5259,24.2889,1.9262,0.4320,0.3710,600,600,1200,580.0000,780.0000,820.0000,0.5512,0.8848,1.0000,13.0160,16426.3000
abo_proposed,102,SOFA,L_SHAPED_SOFA,216.0455,13.7454,51.8486,202.3001,5.1840,1.6403,900,1800,3200,890.0000,950.0000,1940.0000,0.3910,0.5519,1.0000,8.6830,13955.6000
abo_proposed,103,CHAIR_STOOL,STANDARD_CHAIR,55.3775,11.9282,22.3279,43.4493,0.4320,0.9681,600,600,1200,770.0000,990.0000,1270.0000,0.7340,0.7577,1.0000,13.7880,16983.7000
abo_proposed,104,CABINET,,35.5112,24.5281,37.5210,10.9831,0.6720,0.4959,700,800,1200,380.0000,900.0000,1450.0000,0.3540,0.7074,1.0000,12.4260,16278.2000
abo_proposed,105,SOFA,TWIN_SOFA,0.0648,13.6492,11.0514,-13.5845,1.8000,1.7988,900,1000,2000,769.8740,990.0920,2359.9140,0.3977,0.4422,1.0000,9.2810,13931.6000
abo_proposed,106,CHAIR_STOOL,STANDARD_CHAIR,50.9922,26.4902,27.9320,24.5021,0.4320,0.8815,600,600,1200,812.8000,1041.4000,1041.4000,0.5585,0.7547,1.0000,12.9220,14937.8000
abo_proposed,107,CHAIR_STOOL,STANDARD_CHAIR,49.4113,11.1635,27.1382,38.2478,0.4320,0.8539,600,600,1200,787.4000,1041.4000,1041.4000,0.8756,0.9348,1.0000,8.9690,13981.9000
abo_proposed,108,SOFA,L_SHAPED_SOFA,240.0483,21.3935,52.9013,218.6549,5.1840,1.5245,900,1800,3200,769.8740,990.0920,1999.9960,0.5033,0.5546,1.0000,9.8610,14413.8000
abo_proposed,109,DRAWER,,934.2790,1.6453,128.9204,932.6336,0.7000,0.0677,500,1000,1400,360.0000,400.0000,470.0000,0.7889,0.8536,1.0000,8.4430,13906.6000
abo_proposed,110,CHAIR_STOOL,STANDARD_CHAIR,32.8213,0.9483,30.5126,31.8729,0.4320,0.6431,600,600,1200,830.5800,861.0600,899.1600,0.9326,0.9666,1.0000,20.4490,20407.3000
abo_proposed,111,SOFA,L_SHAPED_SOFA,267.6561,4.3106,60.1398,263.3455,5.1840,1.4100,900,1800,3200,861.0600,899.1600,1821.1800,0.4756,0.5334,1.0000,10.3140,14076.4000
abo_proposed,112,SOFA,TWIN_SOFA,18.0638,10.7096,5.9644,7.3542,1.8000,1.5246,900,1000,2000,770.0000,990.0000,2000.0000,0.4645,0.4988,1.0000,9.4770,14054.5000
abo_proposed,113,SOFA,TWIN_SOFA,4.5653,15.2365,11.0756,-10.6711,1.8000,1.7214,900,1000,2000,810.0000,920.0000,2310.0000,0.4052,0.4577,1.0000,9.4010,13971.7000
abo_proposed,114,SOFA,L_SHAPED_SOFA,256.6323,32.8954,55.5203,223.7368,5.1840,1.4536,900,1800,3200,711.2000,914.4000,2235.2000,0.3192,0.6769,1.0000,9.4330,13975.4000
abo_proposed,115,CHAIR_STOOL,STANDARD_CHAIR,49.8859,24.9413,29.5314,24.9446,0.4320,0.8620,600,600,1200,878.8400,970.2800,1010.9200,0.6693,0.7019,1.0000,16.0810,18473.1000
abo_proposed,116,SOFA,TWIN_SOFA,15.0895,5.7819,4.8593,9.3076,1.8000,1.5640,900,1000,2000,850.0000,920.0000,2000.0000,0.4395,0.4975,1.0000,9.8460,14332.2000
abo_proposed,117,SOFA,TWIN_SOFA,9.7561,5.0093,3.2520,4.7468,1.8000,1.6400,900,1000,2000,820.0000,1000.0000,2000.0000,0.4338,0.5211,1.0000,9.4610,13961.6000
abo_proposed,118,CHAIR_STOOL,STANDARD_CHAIR,67.4565,12.9558,20.5764,54.5006,0.4320,0.2580,600,600,1200,550.0000,590.0000,795.0000,0.5762,0.6739,1.0000,8.7340,13925.5000
abo_proposed,119,CHAIR_STOOL,STANDARD_CHAIR,21.5409,26.6875,27.4747,-5.1466,0.4320,0.5506,600,600,1200,762.0000,812.8000,889.0000,0.6283,0.6704,1.0000,12.2110,15691.0000
abo_proposed,120,BED,KING_SIZE_BED,29.6938,2.9826,11.0555,26.7112,4.0993,5.8307,1281.0000,1600,2000,1470.0250,1739.9000,2279.6500,0.6405,0.8036,1.0000,13.4920,16104.3000
abo_proposed,121,SOFA,THREE_SEATER_SOFA,74.5079,7.6971,20.6354,66.8107,2.7000,1.5472,900,1000,3000,780.0000,870.0000,2280.0000,0.3665,0.4132,1.0000,8.6000,13926.1000
abo_proposed,122,SOFA,TWIN_SOFA,23.8835,12.7870,10.6190,11.0965,1.8000,1.4530,900,1000,2000,789.9400,880.1100,2089.9120,0.4493,0.4494,1.0000,9.3470,13955.6000
abo_proposed,123,SOFA,L_SHAPED_SOFA,256.3768,23.5790,57.5022,232.7978,5.1840,1.4546,900,1800,3200,800.0000,870.0000,2090.0000,0.4546,0.5345,1.0000,8.9650,13926.1000
abo_proposed,124,CHAIR_STOOL,STANDARD_CHAIR,43.6980,9.1567,20.3001,34.5413,0.4320,0.3006,600,600,1200,457.2000,660.4000,995.6800,0.4199,0.5986,1.0000,9.2770,13970.7000
abo_proposed,125,CHAIR_STOOL,STANDARD_CHAIR,101.0851,8.9855,28.1705,92.0996,0.4320,0.2148,600,600,1200,482.6000,584.2000,762.0000,0.5701,0.7054,1.0000,8.2650,13933.7000
abo_proposed,126,CHAIR_STOOL,STANDARD_CHAIR,44.0708,22.7816,12.9516,21.2892,0.4320,0.2999,600,600,1200,535.9400,535.9400,1043.9400,0.5071,0.7411,1.0000,8.1260,13933.7000
abo_proposed,127,CHAIR_STOOL,STANDARD_CHAIR,277.7118,238.8311,101.1512,38.8807,0.4320,0.1144,600,600,1200,157.4800,538.4800,1348.7400,0.6044,0.6387,1.0000,11.0510,14992.9000
abo_proposed,129,SOFA,L_SHAPED_SOFA,181.4376,21.8550,45.1714,159.5826,5.1840,1.8420,900,1800,3200,863.6000,965.2000,2209.8000,0.4629,0.5471,1.0000,10.3210,14116.7000
abo_proposed,130,SOFA,L_SHAPED_SOFA,60.3455,4.1076,19.0507,56.2379,5.1840,3.2330,900,1800,3200,909.3200,1579.8800,2250.4400,0.3861,0.6756,1.0000,10.0920,14259.3000
abo_proposed,131,CABINET,,31.8414,4.3969,22.3972,27.4445,0.6720,0.5097,700,800,1200,457.2000,812.8000,1371.6000,0.3546,0.5783,1.0000,9.9800,14214.4000
abo_proposed,132,CHAIR_STOOL,STANDARD_CHAIR,32.0023,11.1716,19.9076,20.8307,0.4320,0.3273,600,600,1200,510.0000,690.0000,930.0000,0.5024,0.6383,1.0000,8.8810,13957.6000
abo_proposed,133,CHAIR_STOOL,STANDARD_CHAIR,47.0423,17.4978,28.8411,29.5446,0.4320,0.8157,600,600,1200,901.7000,901.7000,1003.3000,0.7265,0.7564,1.0000,13.7780,16920.2000
abo_proposed,134,CHAIR_STOOL,STANDARD_CHAIR,25.3362,0.8880,9.6776,24.4481,0.4320,0.5786,600,600,1200,673.1000,723.9000,1187.4500,0.5608,0.6053,1.0000,9.2440,13981.9000
abo_proposed,135,CHAIR_STOOL,STANDARD_CHAIR,42.6951,26.7544,28.2092,15.9408,0.4320,0.7539,600,600,1200,831.8500,920.7500,984.2500,0.6224,0.6815,1.0000,13.4330,16328.4000
abo_proposed,136,DRAWER,,171.3557,3.8573,40.9525,167.4984,0.7000,0.2580,500,1000,1400,420.0000,740.0000,830.0000,0.4953,0.8416,1.0000,16.2240,17983.9000
abo_proposed,137,CHAIR_STOOL,STANDARD_CHAIR,48.1788,15.9197,24.7680,32.2591,0.4320,0.8336,600,600,1200,830.0720,929.8940,1080.0080,0.6786,0.6877,1.0000,14.4490,17034.0000
abo_proposed,138,CHAIR_STOOL,STANDARD_CHAIR,38.3092,14.0904,28.1198,24.2189,0.4320,0.7003,600,600,1200,820.4200,889.0000,960.1200,0.6775,0.9951,1.0000,8.8520,13981.9000
abo_proposed,139,DRAWER,,9.3615,21.5236,10.9824,-12.1621,0.7000,0.6401,500,1000,1400,457.2000,889.0000,1574.8000,0.3884,0.6168,1.0000,9.9120,14383.3000
abo_proposed,140,CHAIR_STOOL,STANDARD_CHAIR,63.3328,24.9381,30.0916,38.3947,0.4320,1.1782,600,600,1200,965.2000,1092.2000,1117.6000,0.6793,0.6984,1.0000,14.5990,15465.2000
abo_proposed,141,BED,KING_SIZE_BED,11.8241,8.3343,5.7263,3.4898,3.9983,3.5755,1249.5000,1600,2000,1282.7000,1416.0500,1968.5000,0.6247,0.8096,1.0000,8.1460,13926.2000
abo_proposed,142,DISPLAY_SHELF,,323.4688,29.8265,73.3463,293.6423,0.8640,0.2040,400,1200,1800,349.4024,449.3768,1299.4386,0.3605,0.4343,1.0000,9.2490,13981.9000
abo_proposed,143,CHAIR_STOOL,STANDARD_CHAIR,85.6951,6.9425,24.7436,78.7526,0.4320,0.2326,600,600,1200,505.4600,590.0420,780.0340,0.6451,0.6548,1.0000,8.6460,13955.6000
abo_proposed,144,SOFA,L_SHAPED_SOFA,256.6323,32.1881,55.5203,224.4441,5.1840,1.4536,900,1800,3200,711.2000,914.4000,2235.2000,0.3143,0.6675,1.0000,9.5740,13998.4000
abo_proposed,145,CHAIR_STOOL,STANDARD_CHAIR,47.8388,4.2835,31.5572,43.5553,0.4320,0.8282,600,600,1200,889.0000,965.2000,965.2000,0.8644,0.9759,1.0000,16.0580,17574.5000
abo_proposed,146,CHAIR_STOOL,STANDARD_CHAIR,71.6815,57.7128,34.2789,13.9687,0.4320,1.5255,600,600,1200,863.6000,939.8000,1879.6000,0.6893,0.8271,1.0000,12.8560,16302.2000
abo_proposed,147,CHAIR_STOOL,STANDARD_CHAIR,48.2358,7.1593,15.6800,41.0765,0.4320,0.2914,600,600,1200,482.6000,609.6000,990.6000,0.4706,0.6826,1.0000,9.1220,13981.9000
abo_proposed,148,SOFA,L_SHAPED_SOFA,129.6164,22.2592,35.9784,107.3572,5.1840,2.2577,900,1800,3200,914.4000,1092.2000,2260.6000,0.5364,0.5406,1.0000,9.4490,14284.5000
abo_proposed,149,CHAIR_STOOL,STANDARD_CHAIR,21.5409,26.6863,27.4747,-5.1454,0.4320,0.5506,600,600,1200,762.0000,812.8000,889.0000,0.6275,0.6713,1.0000,11.9610,14577.4000
abo_proposed,150,CHAIR_STOOL,STANDARD_CHAIR,43.7196,7.2799,21.4399,36.4397,0.4320,0.3006,600,600,1200,622.3000,628.6500,768.3500,0.7059,0.8042,1.0000,10.9500,15105.9000
abo_proposed,151,CHAIR_STOOL,STANDARD_CHAIR,57.9662,14.6409,19.1109,43.3253,0.4320,0.2735,600,600,1200,540.0040,610.1080,830.0720,0.5189,0.6685,1.0000,9.5010,13957.6000
abo_proposed,152,CHAIR_STOOL,STANDARD_CHAIR,67.7123,18.5281,30.2171,49.1842,0.4320,1.3380,600,600,1200,914.4000,1066.8000,1371.6000,0.7859,0.9269,1.0000,8.3660,13926.6000
abo_proposed,153,CHAIR_STOOL,STANDARD_CHAIR,21.4889,14.7989,16.2021,6.6900,0.4320,0.5502,600,600,1200,700.0240,749.3000,1049.0200,0.5617,0.6159,1.0000,8.7110,13959.6000
abo_proposed,154,CHAIR_STOOL,STANDARD_CHAIR,27.1478,19.4470,24.0031,7.7008,0.4320,0.3398,600,600,1200,640.0800,680.7200,779.7800,0.6729,0.6907,1.0000,9.8870,14316.7000
abo_proposed,155,SOFA,L_SHAPED_SOFA,182.8366,34.7113,43.4361,148.1253,5.1840,1.8329,900,1800,3200,787.4000,1041.4000,2235.2000,0.2799,0.6936,1.0000,9.7750,14171.9000
abo_proposed,156,BED,QUEEN_SIZE_BED,36.2216,15.7863,11.6349,20.4353,1.1961,0.8780,398.7000,1500,2000,305.0000,1451.0000,1984.0000,0.1993,0.7453,1.0000,8.0260,13926.2000
abo_proposed,157,SOFA,L_SHAPED_SOFA,210.4547,21.2197,50.4270,189.2350,5.1840,1.6698,900,1800,3200,863.6000,939.8000,2057.4000,0.4989,0.5645,1.0000,9.9060,14239.9000
abo_proposed,158,DESK,DESK_NO_DRAWER,16.0000,21.6608,5.5000,-5.6608,0.8064,0.9600,720,800,1400,750.0000,800.0000,1600.0000,0.5765,0.6017,1.0000,8.7800,13961.6000
abo_proposed,159,CHAIR_STOOL,STANDARD_CHAIR,105.7703,20.4444,28.8274,85.3258,0.4320,0.2099,600,600,1200,495.3000,556.2600,762.0000,0.6916,0.9818,1.0000,8.9480,13941.6000
abo_proposed,160,CABINET,,33.4851,12.5380,23.3236,20.9471,0.6720,0.5034,700,800,1200,449.5800,800.1000,1399.5400,0.3946,0.5845,1.0000,10.0600,14376.1000
abo_proposed,161,CHAIR_STOOL,STANDARD_CHAIR,109.2215,13.8092,29.1534,95.4124,0.4320,0.2065,600,600,1200,469.9000,556.2600,789.9400,0.4857,0.6390,1.0000,8.5450,13961.6000
abo_proposed,162,SOFA,L_SHAPED_SOFA,318.4485,13.8934,63.7920,304.5551,5.1840,1.2389,900,1800,3200,711.2000,914.4000,1905.0000,0.3124,0.5350,1.0000,8.9760,13981.9000
abo_proposed,163,SOFA,TWIN_SOFA,5.8827,12.0520,1.9306,-6.1693,1.8000,1.7000,900,1000,2000,889.0000,965.2000,1981.2000,0.5205,0.5266,1.0000,10.7930,14725.7000
abo_proposed,164,CABINET,,607.0503,12.6700,92.4210,594.3803,0.6720,0.0950,700,800,1200,401.3200,408.9400,579.1200,0.7862,0.7901,1.0000,8.5100,13939.2000
abo_proposed,165,CABINET,,34.5029,13.0981,25.3801,21.4048,0.6720,1.0260,700,800,1200,570.0000,1000.0000,1800.0000,0.3855,0.5804,1.0000,11.6020,15103.2000
abo_proposed,166,CHAIR_STOOL,STANDARD_CHAIR,58.6750,13.2350,18.5985,45.4399,0.4320,0.2723,600,600,1200,495.3000,609.6000,901.7000,0.4465,0.6236,1.0000,8.8890,13950.2000
abo_proposed,167,BED,DOUBLE_BED,39.3163,1.5305,15.3339,37.7859,3.3814,5.5721,1207.6000,1400,2000,1422.4000,1676.4000,2336.8000,0.6038,0.7012,1.0000,12.2600,15490.3000
abo_proposed,168,DISPLAY_SHELF,,1588.7791,8.0704,181.6672,1580.7087,0.8640,0.0512,400,1200,1800,290.0000,297.0000,594.0000,0.5147,0.5536,1.0000,9.4330,14674.6000
abo_proposed,169,CHAIR_STOOL,STANDARD_CHAIR,49.1795,7.4647,15.9336,41.7148,0.4320,0.2896,600,600,1200,488.9500,609.6000,971.5500,0.5703,0.6375,1.0000,8.2530,13921.4000
abo_proposed,170,CHAIR_STOOL,STANDARD_CHAIR,48.1441,12.5025,26.2860,35.6416,0.4320,0.8331,600,600,1200,889.0000,889.0000,1054.1000,0.7479,0.9588,1.0000,8.7720,13967.3000
abo_proposed,171,CABINET,,137.1278,4.8093,34.4250,132.3186,0.6720,0.2834,700,800,1200,449.5800,701.0400,899.1600,0.5076,0.8428,1.0000,12.1130,15279.0000
abo_proposed,172,CHAIR_STOOL,STANDARD_CHAIR,58.6319,22.6669,29.0458,35.9650,0.4320,1.0443,600,600,1200,965.2000,990.6000,1092.2000,0.6750,0.7101,1.0000,18.1260,19275.4000
abo_proposed,173,DESK,DESK_DOUBLE_PEDESTAL,12.6592,1.6583,5.1955,11.0009,0.9216,0.8180,720,800,1600,660.4000,762.0000,1625.6000,0.3980,0.4748,1.0000,10.4450,14525.3000
abo_proposed,174,DISPLAY_SHELF,,135.3422,17.3888,34.6408,117.9534,0.8640,0.3671,400,1200,1800,250.0000,890.0000,1650.0000,0.1744,0.6456,1.0000,8.4510,13958.6000
abo_proposed,175,CHAIR_STOOL,STANDARD_CHAIR,32.8692,25.4031,31.3082,7.4662,0.4320,0.6435,600,600,1200,838.2000,863.6000,889.0000,0.6222,0.8083,1.0000,14.8300,17265.0000
abo_proposed,176,CHAIR_STOOL,STANDARD_CHAIR,14.1015,20.8066,29.4079,-6.7051,0.4320,0.5029,600,600,1200,762.0000,787.4000,838.2000,0.7009,0.7636,1.0000,12.9420,16433.8000
abo_proposed,177,SOFA,THREE_SEATER_SOFA,74.5079,7.6878,20.6354,66.8201,2.7000,1.5472,900,1000,3000,780.0000,870.0000,2280.0000,0.3664,0.4131,1.0000,8.5350,13926.1000
abo_proposed,178,SOFA,L_SHAPED_SOFA,354.9138,17.5982,70.3772,337.3156,5.1840,1.1396,900,1800,3200,762.0000,965.2000,1549.4000,0.3743,0.6934,1.0000,10.6500,14706.4000
abo_proposed,179,SOFA,L_SHAPED_SOFA,182.8366,14.6957,43.4361,168.1409,5.1840,1.8329,900,1800,3200,787.4000,1041.4000,2235.2000,0.3066,0.5424,1.0000,9.0290,13981.9000
abo_proposed,180,SOFA,TWIN_SOFA,11.2224,9.8158,6.1210,1.4066,1.8000,2.0275,900,1000,2000,939.8000,965.2000,2235.2000,0.4320,0.5048,1.0000,9.3680,13944.1000
abo_proposed,181,CHAIR_STOOL,STANDARD_CHAIR,16.1521,14.1193,11.1447,2.0327,0.4320,0.5152,600,600,1200,549.9100,728.9800,1285.2400,0.5033,0.5071,1.0000,8.6530,13933.7000
abo_proposed,182,SOFA,TWIN_SOFA,41.3151,21.1837,13.1618,20.1314,1.8000,1.2737,900,1000,2000,670.0520,960.1200,1979.9300,0.4744,0.4955,1.0000,9.8310,14223.8000
abo_proposed,183,CHAIR_STOOL,STANDARD_CHAIR,52.8247,10.3550,21.8989,42.4697,0.4320,0.2827,600,600,1200,584.2000,635.0000,762.0000,0.7103,0.7221,1.0000,10.7510,14817.5000
abo_proposed,184,CHAIR_STOOL,STANDARD_CHAIR,108.3184,4.8075,27.7788,103.5109,0.4320,0.2074,600,600,1200,450.0880,474.9800,970.0260,0.4974,0.5015,1.0000,8.1690,13934.2000
abo_proposed,185,BED,BUNK_BED,6.9941,11.5430,4.0741,-4.5489,3.1349,2.9300,870.8000,1800,2000,847.9983,1682.9966,2052.9959,0.4354,0.9647,1.0000,10.8240,15006.1000
abo_proposed,186,BED,KING_SIZE_BED,23.6171,6.6371,7.3765,16.9801,2.7794,2.2484,868.6000,1600,2000,800.0000,1445.0000,1945.0000,0.4343,0.8000,1.0000,8.6070,13961.6000
abo_proposed,187,CHAIR_STOOL,STANDARD_CHAIR,45.9865,5.3357,28.5721,40.6508,0.4320,0.7998,600,600,1200,860.0000,930.0000,1000.0000,0.8142,0.9797,1.0000,14.5850,17251.6000
abo_proposed,188,SOFA,TWIN_SOFA,15.6385,11.0141,11.5913,4.6243,1.8000,1.5566,900,1000,2000,769.6200,919.4800,2199.6400,0.3920,0.4598,1.0000,9.6050,14303.3000
abo_proposed,189,CABINET,,235.7730,11.9691,52.6642,223.8038,0.6720,0.2001,700,800,1200,381.0000,701.0400,749.3000,0.5908,0.8632,1.0000,13.5120,16281.2000
abo_proposed,190,CHAIR_STOOL,STANDARD_CHAIR,43.6980,9.3740,20.3001,34.3240,0.4320,0.3006,600,600,1200,457.2000,660.4000,995.6800,0.4339,0.5754,1.0000,8.9960,13965.6000
abo_proposed,191,SOFA,L_SHAPED_SOFA,238.8247,9.7153,62.8127,229.1094,5.1840,1.5300,900,1800,3200,965.2000,990.6000,1600.2000,0.6060,0.7364,1.0000,12.6080,16154.7000
abo_proposed,192,SOFA,L_SHAPED_SOFA,250.3053,8.0948,58.1563,242.2106,5.1840,1.4799,900,1800,3200,899.1600,929.6400,1770.3800,0.5561,0.5603,1.0000,10.4770,14814.1000
abo_proposed,193,CABINET,,76.3192,2.1912,31.1899,74.1280,0.6720,0.3811,700,800,1200,457.2000,899.1600,927.1000,0.4716,0.9698,1.0000,10.4960,14679.7000
abo_proposed,194,CHAIR_STOOL,STANDARD_CHAIR,95.0809,36.5579,25.5962,58.5230,0.4320,0.2214,600,600,1200,419.1000,533.4000,990.6000,0.6330,0.6650,1.0000,9.4300,13981.9000
abo_proposed,195,CHAIR_STOOL,STANDARD_CHAIR,66.5031,7.1564,19.5229,59.3468,0.4320,0.2595,600,600,1200,500.3800,596.9000,868.6800,0.5138,0.6630,1.0000,8.5000,13957.3000
abo_proposed,196,CHAIR_STOOL,STANDARD_CHAIR,109.5548,26.9534,34.1448,82.6013,0.4320,0.2062,600,600,1200,579.1200,579.1200,614.6800,0.6769,0.6995,1.0000,10.8060,14779.1000
abo_proposed,197,SOFA,TWIN_SOFA,0.0629,9.0544,4.1320,-8.9915,1.8000,1.7989,900,1000,2000,919.9880,940.0540,2080.0060,0.4462,0.5298,1.0000,9.8660,14438.7000
abo_proposed,198,CHAIR_STOOL,STANDARD_CHAIR,63.8991,5.8763,19.9953,58.0228,0.4320,0.2636,600,600,1200,480.0600,610.1080,899.9220,0.4796,0.6666,1.0000,9.0650,13961.6000
abo_proposed,199,CHAIR_STOOL,STANDARD_CHAIR,27.1697,10.2266,15.2251,16.9431,0.4320,0.3397,600,600,1200,519.9380,659.8920,990.0920,0.4697,0.6005,1.0000,9.0860,13961.3000
abo_proposed,200,DESK,L_SHAPED_DESK,123.9984,23.3903,31.1609,100.6081,1.3824,0.6171,720,1200,1600,604.5200,899.1600,1135.3800,0.7174,0.8874,1.0000,8.2830,13950.2000
abo_proposed,201,DISPLAY_SHELF,,176.0102,30.4290,40.7146,145.5813,0.8640,0.3130,400,1200,1800,319.2780,804.1640,1219.2000,0.2219,0.3588,1.0000,8.7400,13981.9000
abo_proposed,202,SOFA,L_SHAPED_SOFA,182.8366,40.9320,43.4361,141.9046,5.1840,1.8329,900,1800,3200,787.4000,1041.4000,2235.2000,0.2620,0.7279,1.0000,9.9500,14205.2000
abo_proposed,203,CHAIR_STOOL,STANDARD_CHAIR,4.9801,4.1539,9.1904,0.8262,0.4320,0.4115,600,600,1200,589.2800,670.5600,1041.4000,0.5264,0.6353,1.0000,9.1240,13981.9000
abo_proposed,204,SOFA,L_SHAPED_SOFA,73.8405,9.0264,22.6887,64.8141,5.1840,2.9820,900,1800,3200,889.0000,1661.1600,2019.3000,0.4194,0.7130,1.0000,10.6070,14661.8000
abo_proposed,205,DESK,DESK_NO_DRAWER,37.7990,5.6933,12.0574,32.1057,0.8064,0.5852,720,800,1400,550.0000,760.0000,1400.0000,0.3938,0.6034,1.0000,9.5360,14245.9000
abo_proposed,206,CABINET,,34.5029,12.3017,25.3801,22.2012,0.6720,1.0260,700,800,1200,570.0000,1000.0000,1800.0000,0.3808,0.5797,1.0000,11.7580,15328.7000
abo_proposed,207,CABINET,,217.1307,11.8554,86.7422,205.2753,0.6720,0.2119,700,800,1200,250.0000,520.0000,1630.0000,0.1338,0.2840,1.0000,8.4600,13961.6000
abo_proposed,208,CHAIR_STOOL,STANDARD_CHAIR,63.3328,22.6531,30.0916,40.6797,0.4320,1.1782,600,600,1200,965.2000,1092.2000,1117.6000,0.7079,0.7107,1.0000,15.5220,17674.2000
abo_proposed,209,SOFA,L_SHAPED_SOFA,318.4485,22.3930,63.7920,296.0555,5.1840,1.2389,900,1800,3200,711.2000,914.4000,1905.0000,0.3134,0.6179,1.0000,9.5560,13981.9000
abo_proposed,210,CHAIR_STOOL,STANDARD_CHAIR,55.3775,10.4509,22.3279,44.9266,0.4320,0.9681,600,600,1200,770.0000,990.0000,1270.0000,0.6882,0.7219,1.0000,13.0940,14987.7000
abo_proposed,211,CHAIR_STOOL,STANDARD_CHAIR,44.1561,27.4103,28.9983,16.7458,0.4320,0.7736,600,600,1200,830.5800,949.9600,980.4400,0.6425,0.6719,1.0000,18.8420,20038.5000
abo_proposed,213,SOFA,SINGLE_SOFA,193.2551,57.6214,60.0847,135.6337,0.9000,0.3069,900,1000,1000,330.0000,930.0000,1000.0000,0.6692,0.8141,1.0000,15.4990,18052.8000
abo_proposed,214,CHAIR_STOOL,STANDARD_CHAIR,42.6951,26.6820,28.2092,16.0132,0.4320,0.7539,600,600,1200,831.8500,920.7500,984.2500,0.6217,0.6837,1.0000,13.4320,16316.9000
abo_proposed,215,CHAIR_STOOL,STANDARD_CHAIR,19.9699,9.7409,16.2169,10.2290,0.4320,0.3601,600,600,1200,620.0140,659.8920,880.1100,0.6434,0.8309,1.0000,10.7330,14776.4000
abo_proposed,216,CABINET,,492.5926,166.3460,113.4039,326.2466,0.6720,0.1134,700,800,1200,270.0000,300.0000,1400.0000,0.5081,0.5769,1.0000,10.9690,14807.1000
abo_proposed,217,CABINET,,1.2018,24.2670,36.6856,-23.0652,0.6720,0.6640,700,800,1200,420.0000,930.0000,1700.0000,0.3241,0.6419,1.0000,12.1990,16021.4000
abo_proposed,218,DISPLAY_SHELF,,81.2904,6.0665,30.4925,75.2239,0.8640,0.4766,400,1200,1800,381.7620,659.8920,1891.7920,0.2141,0.3698,1.0000,8.2550,13931.3000
abo_proposed,219,SOFA,L_SHAPED_SOFA,182.8366,14.8458,43.4361,167.9908,5.1840,1.8329,900,1800,3200,787.4000,1041.4000,2235.2000,0.3020,0.5378,1.0000,8.9120,13981.9000
abo_proposed,220,CHAIR_STOOL,STANDARD_CHAIR,8.3880,18.3590,27.5529,-9.9710,0.4320,0.4716,600,600,1200,692.1500,812.8000,838.2000,0.6704,0.7961,1.0000,10.9690,14845.0000
abo_proposed,221,CHAIR_STOOL,STANDARD_CHAIR,3.8654,16.6987,29.0014,-12.8333,0.4320,0.4494,600,600,1200,729.9960,759.9680,810.0060,0.7394,0.7933,1.0000,13.3360,16353.0000
abo_proposed,222,DRAWER,,110.5961,7.2358,29.2353,103.3604,0.7000,0.3324,500,1000,1400,449.5800,800.1000,924.0520,0.5363,0.8292,1.0000,14.9380,17152.1000
abo_proposed,223,DRAWER,,9.8679,9.4740,8.9530,0.3939,0.7000,0.6371,500,1000,1400,457.2000,914.4000,1524.0000,0.3420,0.6297,1.0000,10.6060,14808.2000
abo_proposed,224,CHAIR_STOOL,STANDARD_CHAIR,58.6319,21.8013,29.0458,36.8305,0.4320,1.0443,600,600,1200,965.2000,990.6000,1092.2000,0.6180,0.7842,1.0000,17.8390,18779.0000
abo_proposed,225,CHAIR_STOOL,STANDARD_CHAIR,20.3627,1.1866,14.0540,19.1761,0.4320,0.3589,600,600,1200,565.1500,666.7500,952.5000,0.5931,0.6837,1.0000,8.9080,13981.9000
abo_proposed,226,SOFA,L_SHAPED_SOFA,676.3616,41.7650,105.7725,634.5966,5.1840,0.6677,900,1800,3200,629.9200,640.0800,1656.0800,0.3600,0.6886,1.0000,8.8990,13933.7000
abo_proposed,227,SOFA,L_SHAPED_SOFA,315.8319,10.3018,67.0786,305.5300,5.1840,1.2467,900,1800,3200,840.7400,909.3200,1630.6800,0.5436,0.6422,1.0000,10.7490,14120.2000
abo_proposed,228,CHAIR_STOOL,STANDARD_CHAIR,51.0188,13.9827,29.5415,37.0361,0.4320,0.8820,600,600,1200,919.9880,940.0540,1019.8100,0.6754,0.9479,1.0000,8.5900,13961.3000
abo_proposed,229,SOFA,L_SHAPED_SOFA,263.8515,14.5243,58.2414,249.3273,5.1840,1.4248,900,1800,3200,812.8000,908.0500,1930.4000,0.4587,0.5649,1.0000,10.2200,14513.1000
abo_proposed,230,CHAIR_STOOL,STANDARD_CHAIR,49.8461,10.8426,17.3931,39.0035,0.4320,0.2883,600,600,1200,500.3800,619.7600,929.6400,0.4502,0.6311,1.0000,9.0750,13969.0000
abo_proposed,231,CHAIR_STOOL,STANDARD_CHAIR,32.0023,7.8508,19.9076,24.1516,0.4320,0.3273,600,600,1200,510.0000,690.0000,930.0000,0.5289,0.6518,1.0000,8.7810,13955.3000
abo_proposed,232,DISPLAY_SHELF,,233.0308,11.5242,55.3539,221.5066,0.8640,0.2594,400,1200,1800,396.0000,732.0000,895.0000,0.5165,0.8696,1.0000,14.6080,18041.0000
abo_proposed,233,SOFA,TWIN_SOFA,17.9245,12.5534,9.7572,5.3711,1.8000,1.5264,900,1000,2000,800.0000,900.0000,2120.0000,0.4162,0.4874,1.0000,10.1640,14649.4000
abo_proposed,235,SOFA,L_SHAPED_SOFA,244.4546,19.7502,55.6141,224.7044,5.1840,1.5050,900,1800,3200,812.8000,889.0000,2082.8000,0.4408,0.5401,1.0000,9.3620,13981.9000
abo_proposed,236,CHAIR_STOOL,STANDARD_CHAIR,76.4879,7.9832,21.2782,68.5047,0.4320,0.2448,600,600,1200,465.0000,560.0000,940.0000,0.4304,0.5780,1.0000,8.3850,13955.6000
abo_proposed,237,CHAIR_STOOL,STANDARD_CHAIR,143.6398,4.4752,35.7840,139.1647,0.4320,0.1773,600,600,1200,454.6600,519.9380,750.0620,0.6545,0.6864,1.0000,8.5670,13963.6000
abo_proposed,238,SOFA,TWIN_SOFA,8.4250,1.9052,3.7697,6.5198,1.8000,1.6601,900,1000,2000,870.0000,940.0000,2030.0000,0.4403,0.4580,1.0000,9.0270,13961.6000
abo_proposed,239,SOFA,L_SHAPED_SOFA,318.4485,13.8217,63.7920,304.6268,5.1840,1.2389,900,1800,3200,711.2000,914.4000,1905.0000,0.3161,0.5391,1.0000,8.6540,13933.7000
abo_proposed,240,CHAIR_STOOL,STANDARD_CHAIR,31.2605,21.4447,21.2517,9.8157,0.4320,0.6285,600,600,1200,700.0240,880.1100,1020.0640,0.5803,0.6260,1.0000,10.0380,14453.5000
abo_proposed,241,DISPLAY_SHELF,,1144.1063,56.9871,148.6764,1087.1192,0.8640,0.0694,400,1200,1800,300.4820,420.9288,549.0718,0.2358,0.3291,1.0000,8.5380,13981.9000
abo_proposed,242,DRAWER,,768.0556,30.3853,112.9630,737.6702,0.7000,0.0806,500,1000,1400,360.0000,400.0000,560.0000,0.8622,0.9047,1.0000,8.1820,13906.6000
abo_proposed,243,DISPLAY_SHELF,,38.1295,2.1958,20.2025,35.9337,0.8640,0.6255,400,1200,1800,450.0000,1000.0000,1390.0000,0.3140,0.7294,1.0000,10.7550,14711.1000
abo_proposed,244,DISPLAY_SHELF,,233.0308,11.9270,55.3539,221.1039,0.8640,0.2594,400,1200,1800,396.0000,732.0000,895.0000,0.5180,0.8733,1.0000,16.1430,18193.5000
abo_proposed,245,BED,DOUBLE_BED,51.4819,13.3740,20.7999,38.1079,3.4408,7.0918,1228.9000,1400,2000,1422.4000,2133.6000,2336.8000,0.6144,0.6774,1.0000,10.7000,14626.2000
abo_proposed,246,SOFA,L_SHAPED_SOFA,256.6323,34.4017,55.5203,222.2306,5.1840,1.4536,900,1800,3200,711.2000,914.4000,2235.2000,0.3289,0.6767,1.0000,9.3510,14005.8000
abo_proposed,247,DESK,L_SHAPED_DESK,276.9058,2.7539,56.0160,274.1519,1.3824,0.3668,720,1200,1600,508.0000,760.0000,950.0000,0.5558,0.7874,1.0000,9.0080,14122.5000
abo_proposed,248,CABINET,,48.1481,40.8060,42.0926,7.3421,0.6720,1.2960,700,800,1200,480.0000,1250.0000,2160.0000,0.1595,0.2698,1.0000,8.4520,13965.6000
abo_proposed,249,CHAIR_STOOL,STANDARD_CHAIR,29.6095,18.1920,31.6861,11.4175,0.4320,0.6137,600,600,1200,830.0720,849.8840,869.9500,0.7718,0.8082,1.0000,13.1680,15903.2000
abo_proposed,250,CHAIR_STOOL,STANDARD_CHAIR,17.6823,16.9386,21.3902,0.7437,0.4320,0.5248,600,600,1200,711.2000,774.7000,952.5000,0.6022,0.6952,1.0000,13.8570,16462.4000
abo_proposed,251,CHAIR_STOOL,STANDARD_CHAIR,48.8771,22.1468,29.1446,26.7304,0.4320,0.8450,600,600,1200,899.1600,929.6400,1010.9200,0.6666,0.7427,1.0000,8.7860,13976.7000
abo_proposed,252,DRAWER,,71.9671,15.1043,20.4243,56.8628,0.7000,0.4071,500,1000,1400,457.2000,876.3000,1016.0000,0.5578,0.8086,1.0000,17.5890,18603.8000
abo_proposed,253,BED,DOUBLE_BED,52.0881,11.4896,21.1608,40.5985,3.3978,7.0918,1213.5000,1400,2000,1422.4000,2133.6000,2336.8000,0.6068,0.7061,1.0000,12.1820,15499.6000
abo_proposed,254,SOFA,L_SHAPED_SOFA,180.7165,12.8698,49.0387,167.8467,5.1840,1.8467,900,1800,3200,939.8000,998.2200,1968.5000,0.4986,0.6152,1.0000,10.1580,14299.1000
abo_proposed,255,DESK,L_SHAPED_DESK,205.3273,8.0432,45.7638,197.2841,1.3824,0.4528,720,1200,1600,560.0000,735.0000,1100.0000,0.5091,0.7756,1.0000,10.0790,14053.5000
abo_proposed,256,SOFA,TWIN_SOFA,41.2314,21.0985,18.1857,20.1329,1.8000,1.2745,900,1000,2000,762.0000,774.7000,2159.0000,0.4229,0.4391,1.0000,8.9980,13942.1000
abo_proposed,257,CHAIR_STOOL,STANDARD_CHAIR,67.4565,12.4877,20.5764,54.9688,0.4320,0.2580,600,600,1200,550.0000,590.0000,795.0000,0.6024,0.6527,1.0000,8.7290,13926.2000
abo_proposed,258,DRAWER,,48.3124,12.7384,14.9162,35.5740,0.7000,0.4720,500,1000,1400,449.5800,1000.7600,1049.0200,0.5171,0.9999,1.0000,19.1030,19391.5000
abo_proposed,260,DISPLAY_SHELF,,15761.8111,29.9219,464.2413,15731.8892,0.8640,0.0054,400,1200,1800,50.0380,250.1900,435.1020,0.1363,0.3375,1.0000,8.5400,13981.9000
abo_proposed,261,SOFA,TWIN_SOFA,1.6822,10.2078,2.9378,-8.5256,1.8000,1.8308,900,1000,2000,930.0000,1020.0000,1930.0000,0.4313,0.4760,1.0000,9.4330,14184.4000
abo_proposed,262,DISPLAY_SHELF,,5457.4369,10.6984,322.4424,5446.7385,0.8640,0.0155,400,1200,1800,149.8600,170.1800,609.6000,0.2777,0.3027,1.0000,8.6130,13981.9000
abo_proposed,263,SOFA,L_SHAPED_SOFA,250.3053,5.2892,58.1563,245.0161,5.1840,1.4799,900,1800,3200,899.1600,929.6400,1770.3800,0.5227,0.5654,1.0000,10.4890,14181.9000
abo_proposed,264,DRAWER,,934.2790,4.5794,128.9204,929.6995,0.7000,0.0677,500,1000,1400,360.0000,400.0000,470.0000,0.7130,0.8320,1.0000,8.0860,13906.6000
abo_proposed,265,BED,KING_SIZE_BED,31.3757,11.6727,11.2890,19.7029,3.8951,5.6760,1217.2000,1600,2000,1219.2000,2082.8000,2235.2000,0.6086,0.8222,1.0000,11.3130,14285.9000
abo_proposed,266,CHAIR_STOOL,STANDARD_CHAIR,26.5757,5.3899,31.1841,21.1858,0.4320,0.5884,600,600,1200,812.8000,838.2000,863.6000,0.8826,0.9263,1.0000,8.9210,13981.9000
abo_proposed,267,DRAWER,,99.2266,42.7270,26.4390,56.4997,0.7000,0.3514,500,1000,1400,397.9992,703.9986,1253.9975,0.2355,0.8963,1.0000,9.8960,14233.8000
abo_proposed,268,CHAIR_STOOL,STANDARD_CHAIR,57.9662,17.0318,19.1109,40.9345,0.4320,0.2735,600,600,1200,540.0040,610.1080,830.0720,0.4975,0.6575,1.0000,9.3630,13957.6000
abo_proposed,269,CHAIR_STOOL,STANDARD_CHAIR,37.6724,17.0785,23.0687,20.5939,0.4320,0.6931,600,600,1200,739.1400,909.3200,1031.2400,0.6291,0.6885,1.0000,13.6890,16979.4000
abo_proposed,271,SOFA,TWIN_SOFA,36.7054,1.3828,11.0858,35.3226,1.8000,1.3167,900,1000,2000,770.0000,900.0000,1900.0000,0.4042,0.4618,1.0000,9.3580,13966.9000
abo_proposed,272,SOFA,L_SHAPED_SOFA,0.4226,3.5331,6.8086,-3.1105,5.1840,5.2060,900,1800,3200,901.7000,1993.9000,2895.6000,0.3155,0.6489,1.0000,9.9490,14509.5000
abo_proposed,273,CHAIR_STOOL,STANDARD_CHAIR,45.0649,23.9735,22.6843,21.0914,0.4320,0.7864,600,600,1200,787.4000,914.4000,1092.2000,0.9575,0.9639,1.0000,15.6740,18118.9000
abo_proposed,274,SOFA,L_SHAPED_SOFA,182.8366,31.5028,43.4361,151.3338,5.1840,1.8329,900,1800,3200,787.4000,1041.4000,2235.2000,0.2866,0.6726,1.0000,9.4580,14003.9000
abo_proposed,275,DISPLAY_SHELF,,3312.0231,21.3066,229.6441,3290.7165,0.8640,0.0253,400,1200,1800,147.0000,290.0000,594.0000,0.3519,0.4862,1.0000,8.5680,13926.2000
abo_proposed,276,SOFA,TWIN_SOFA,42.6455,13.8408,12.5926,28.8047,1.8000,1.2619,900,1000,2000,787.4000,914.4000,1752.6000,0.3577,0.4836,1.0000,9.3650,13942.1000
abo_proposed,277,DRAWER,,23.6013,6.7638,8.5885,16.8376,0.7000,0.5663,500,1000,1400,457.2000,1016.0000,1219.2000,0.3396,0.8673,1.0000,13.1980,16256.0000
abo_proposed,278,SOFA,TWIN_SOFA,108.6282,23.1637,29.4988,85.4645,1.8000,0.8628,900,1000,2000,635.0000,685.8000,1981.2000,0.4008,0.4198,1.0000,9.2400,13981.9000
abo_proposed,279,CHAIR_STOOL,STANDARD_CHAIR,30.7712,11.8951,14.8534,18.8761,0.4320,0.3303,600,600,1200,579.8820,640.0800,890.0160,0.5531,0.6568,1.0000,9.7570,14177.7000
abo_proposed,280,SOFA,THREE_SEATER_SOFA,212.9423,14.6325,46.3236,198.3098,2.7000,0.8628,900,1000,3000,635.0000,685.8000,1981.2000,0.3728,0.3910,1.0000,9.1280,13981.9000
abo_proposed,281,DISPLAY_SHELF,,73.2939,5.3742,24.2775,67.9196,0.8640,0.4986,400,1200,1800,350.0000,770.0000,1850.0000,0.1746,0.4035,1.0000,8.3570,13959.6000
abo_proposed,282,SOFA,TWIN_SOFA,1.6822,8.9122,2.9378,-7.2300,1.8000,1.8308,900,1000,2000,930.0000,1020.0000,1930.0000,0.4425,0.4775,1.0000,9.0740,13957.6000
abo_proposed,283,SOFA,TWIN_SOFA,12.2394,8.3413,5.0247,3.8980,1.8000,1.6037,900,1000,2000,878.8400,899.1600,2029.4600,0.4631,0.4862,1.0000,9.4690,13941.7000
abo_proposed,284,CHAIR_STOOL,STANDARD_CHAIR,49.8859,26.0590,29.5314,23.8269,0.4320,0.8620,600,600,1200,878.8400,970.2800,1010.9200,0.6480,0.7039,1.0000,15.3480,17801.0000
abo_proposed,285,CHAIR_STOOL,STANDARD_CHAIR,64.4429,12.9020,18.4326,51.5410,0.4320,0.2627,600,600,1200,482.6000,571.5000,952.5000,0.6066,0.6365,1.0000,8.2140,13939.3000
abo_proposed,286,SOFA,L_SHAPED_SOFA,358.7500,4.5550,75.4559,354.1950,5.1840,1.1300,900,1800,3200,878.8400,899.1600,1430.0200,0.6402,0.6598,1.0000,11.8480,15492.1000
abo_proposed,287,SOFA,SINGLE_SOFA,88.0878,75.7319,67.9206,12.3559,0.9000,0.4785,900,1000,1000,330.0000,1000.0000,1450.0000,0.5291,0.8205,1.0000,10.7630,14176.7000
abo_proposed,288,CHAIR_STOOL,STANDARD_CHAIR,23.8777,3.9390,8.4975,19.9387,0.4320,0.5675,600,600,1200,675.6400,700.0240,1199.8960,0.5200,0.5847,1.0000,8.6900,13933.7000
abo_proposed,289,DRAWER,,934.2790,3.7023,128.9204,930.5767,0.7000,0.0677,500,1000,1400,360.0000,400.0000,470.0000,0.7751,0.9039,1.0000,8.1800,13906.6000
abo_proposed,290,SOFA,TWIN_SOFA,1.8164,7.4522,2.6182,-5.6358,1.8000,1.8333,900,1000,2000,900.0000,970.0000,2100.0000,0.4524,0.5051,1.0000,9.4700,13975.4000
abo_proposed,291,CHAIR_STOOL,STANDARD_CHAIR,57.8767,10.6489,17.7471,47.2278,0.4320,0.2736,600,600,1200,558.8000,584.2000,838.2000,0.5547,0.6656,1.0000,9.5900,14006.5000
abo_proposed,292,CHAIR_STOOL,STANDARD_CHAIR,73.6644,12.8862,21.3262,60.7782,0.4320,0.2488,600,600,1200,508.0000,584.2000,838.2000,0.5355,0.5984,1.0000,8.5530,13947.6000
abo_proposed,293,SOFA,TWIN_SOFA,10.5447,18.9798,7.4671,-8.4351,1.8000,1.6283,900,1000,2000,863.6000,889.0000,2120.9000,0.4741,0.5094,1.0000,9.5660,13941.7000
abo_proposed,294,CHAIR_STOOL,STANDARD_CHAIR,47.9415,8.0355,22.3576,39.9060,0.4320,0.8298,600,600,1200,780.0000,950.0000,1119.8860,0.6621,0.9427,1.0000,11.6010,14330.4000
abo_proposed,295,CHAIR_STOOL,STANDARD_CHAIR,23.4060,9.4988,14.0409,13.9072,0.4320,0.3501,600,600,1200,510.0000,660.0000,1040.0000,0.4545,0.5605,1.0000,8.2810,13925.8000
abo_proposed,296,CHAIR_STOOL,STANDARD_CHAIR,45.4023,11.5796,14.0477,33.8227,0.4320,0.2971,600,600,1200,568.9600,579.1200,901.7000,0.5189,0.6769,1.0000,8.3180,13934.9000
abo_proposed,297,DRAWER,,142.3823,3.3916,34.6491,138.9906,0.7000,0.2888,500,1000,1400,400.0000,760.0000,950.0000,0.4430,0.7875,1.0000,13.1890,16484.5000
abo_proposed,298,CHAIR_STOOL,STANDARD_CHAIR,34.1804,10.1817,30.9825,23.9987,0.4320,0.6563,600,600,1200,830.5800,878.8400,899.1600,0.7485,0.9637,1.0000,8.7140,13972.7000
abo_proposed,299,CHAIR_STOOL,STANDARD_CHAIR,56.2486,3.8911,17.8627,52.3575,0.4320,0.2765,600,600,1200,482.6000,609.6000,939.8000,0.5034,0.6109,1.0000,8.9240,13959.3000
abo_proposed,300,CHAIR_STOOL,STANDARD_CHAIR,34.7590,17.3225,28.8722,17.4365,0.4320,0.6622,600,600,1200,800.0000,890.0000,930.0000,0.7440,0.7547,1.0000,12.1540,15606.4000
abo_proposed,301,CHAIR_STOOL,STANDARD_CHAIR,57.8767,10.8006,17.7471,47.0761,0.4320,0.2736,600,600,1200,558.8000,584.2000,838.2000,0.5604,0.6575,1.0000,9.6770,14074.4000
abo_proposed,302,BED,QUEEN_SIZE_BED,22.9856,1.9846,8.3244,21.0010,3.8146,4.9532,1271.5000,1500,2000,1422.4000,1612.9000,2159.0000,0.6358,0.7435,1.0000,9.4220,13981.9000
abo_proposed,303,SOFA,L_SHAPED_SOFA,115.0441,26.8952,39.6432,88.1489,5.1840,2.4107,900,1800,3200,990.6000,1041.4000,2336.8000,0.4566,0.6510,1.0000,10.4720,14664.5000
abo_proposed,304,CABINET,,87.6173,14.7628,28.1634,72.8544,0.6720,0.3582,700,800,1200,420.0000,820.0000,1040.0000,0.4936,0.8461,1.0000,8.3160,13943.7000
abo_proposed,305,SOFA,L_SHAPED_SOFA,156.0021,8.3408,44.7628,147.6613,5.1840,2.0250,900,1800,3200,949.9600,1139.9520,1869.9480,0.4672,0.6624,1.0000,10.0490,14367.8000
abo_proposed,306,CHAIR_STOOL,STANDARD_CHAIR,47.9415,6.5533,22.3576,41.3882,0.4320,0.8298,600,600,1200,780.0000,950.0000,1119.8860,0.6889,0.9502,1.0000,13.5650,15994.4000
abo_proposed,307,CHAIR_STOOL,STANDARD_CHAIR,36.0487,7.6563,15.9397,28.3924,0.4320,0.6755,600,600,1200,723.9000,812.8000,1148.0800,0.5692,0.6684,1.0000,11.4590,15532.2000
abo_proposed,308,CHAIR_STOOL,STANDARD_CHAIR,28.2916,21.7896,20.6038,6.5020,0.4320,0.3367,600,600,1200,619.7600,670.5600,810.2600,0.6139,0.6303,1.0000,16.1080,18601.3000
abo_proposed,309,SOFA,L_SHAPED_SOFA,200.7716,11.8113,49.0616,188.9604,5.1840,1.7236,900,1800,3200,889.0000,960.1200,2019.3000,0.4782,0.5468,1.0000,10.3240,14632.0000
abo_proposed,310,SOFA,TWIN_SOFA,29.7380,4.5351,10.9622,25.2029,1.8000,2.5618,900,1000,2000,1041.4000,1041.4000,2362.2000,0.4044,0.4443,1.0000,9.3840,13981.9000
abo_proposed,311,SOFA,L_SHAPED_SOFA,279.5691,8.6040,62.8714,270.9651,5.1840,1.3658,900,1800,3200,889.0000,952.5000,1612.9000,0.5549,0.6881,1.0000,12.2770,16114.6000
abo_proposed,312,CHAIR_STOOL,STANDARD_CHAIR,96.4375,7.5379,26.8796,88.8996,0.4320,0.2199,600,600,1200,510.0320,560.0700,769.8740,0.5800,0.7084,1.0000,8.6530,13981.4000
abo_proposed,313,CHAIR_STOOL,STANDARD_CHAIR,114.1931,13.6743,29.5253,100.5188,0.4320,0.2017,600,600,1200,410.0000,520.0000,946.0000,0.4939,0.6233,1.0000,8.0210,13926.2000
abo_proposed,314,CHAIR_STOOL,STANDARD_CHAIR,54.2036,18.0836,29.6811,36.1200,0.4320,0.9433,600,600,1200,914.4000,990.6000,1041.4000,0.7238,0.7743,1.0000,15.8790,18229.5000
abo_proposed,315,DESK,L_SHAPED_DESK,91.2602,16.2058,36.6176,75.0544,1.3824,0.7228,720,1200,1600,818.0000,940.0000,940.0000,0.7428,0.8223,1.0000,16.0630,18254.2000
abo_proposed,316,CHAIR_STOOL,STANDARD_CHAIR,10.0899,20.1385,31.7183,-10.0486,0.4320,0.4805,600,600,1200,770.0000,780.0000,800.0000,0.7001,0.8481,1.0000,13.8250,16948.2000
abo_proposed,317,SOFA,L_SHAPED_SOFA,194.4105,12.0713,48.1540,182.3391,5.1840,1.7608,900,1800,3200,899.1600,960.1200,2039.6200,0.4102,0.5517,1.0000,9.1150,13948.0000
abo_proposed,318,CHAIR_STOOL,STANDARD_CHAIR,90.5287,9.5282,24.6596,81.0005,0.4320,0.2267,600,600,1200,485.0000,550.0000,850.0000,0.5227,0.5781,1.0000,8.4870,13955.6000
abo_proposed,319,SOFA,L_SHAPED_SOFA,256.6323,32.6191,55.5203,224.0132,5.1840,1.4536,900,1800,3200,711.2000,914.4000,2235.2000,0.3348,0.6546,1.0000,9.4380,13985.0000
abo_proposed,320,CHAIR_STOOL,STANDARD_CHAIR,5.7865,20.0021,25.9099,-14.2156,0.4320,0.4585,600,600,1200,709.9300,759.9680,849.8840,0.6678,0.7158,1.0000,12.0140,15878.3000
abo_proposed,321,DESK,L_SHAPED_DESK,205.3273,10.6782,45.7638,194.6492,1.3824,0.4528,720,1200,1600,560.0000,735.0000,1100.0000,0.5248,0.7903,1.0000,10.4120,14947.1000
abo_proposed,322,CABINET,,884.8988,16.9741,127.0628,867.9247,0.6720,0.0682,700,800,1200,209.5500,539.7500,603.2500,0.4563,0.9179,1.0000,14.9960,17008.2000
abo_proposed,323,BED,BUNK_BED,91.1264,67.7877,38.3265,23.3387,2.6519,1.3875,736.6000,1800,2000,355.6000,1828.8000,2133.6000,0.3683,0.9821,1.0000,10.2330,14351.5000
abo_proposed,324,BED,BUNK_BED,3.3139,6.3194,4.4749,-3.0055,3.5593,3.6813,988.7000,1800,2000,940.0000,1872.0000,2092.0000,0.4943,0.8714,1.0000,10.8400,14269.0000
abo_proposed,325,CHAIR_STOOL,STANDARD_CHAIR,24.2916,0.8819,12.3478,23.4097,0.4320,0.3476,600,600,1200,533.4000,641.3500,1016.0000,0.5224,0.6232,1.0000,9.4780,14122.3000
abo_proposed,326,DESK,DESK_DOUBLE_PEDESTAL,93.4383,3.9594,42.6985,89.4790,0.9216,0.4764,720,800,1600,341.8840,762.0000,1828.8000,0.2002,0.4201,1.0000,8.6470,13955.6000
abo_proposed,327,CHAIR_STOOL,STANDARD_CHAIR,91.5689,4.1938,25.3137,87.3751,0.4320,0.2255,600,600,1200,458.0000,582.0000,846.0000,0.5198,0.6576,1.0000,8.0080,13926.2000
abo_proposed,328,CHAIR_STOOL,STANDARD_CHAIR,23.0560,13.4007,27.0887,9.6553,0.4320,0.3511,600,600,1200,659.8920,700.0240,759.9680,0.7419,0.8083,1.0000,14.8350,17300.8000
abo_proposed,329,CHAIR_STOOL,STANDARD_CHAIR,23.0560,15.6827,27.0887,7.3732,0.4320,0.3511,600,600,1200,659.8920,700.0240,759.9680,0.7302,0.7787,1.0000,13.3500,15205.9000
abo_proposed,330,CHAIR_STOOL,STANDARD_CHAIR,38.6996,24.5821,24.5493,14.1174,0.4320,0.7047,600,600,1200,774.7000,895.3500,1016.0000,0.5873,0.6505,1.0000,11.4600,14369.8000
abo_proposed,331,CHAIR_STOOL,STANDARD_CHAIR,38.1516,25.8597,29.4170,12.2919,0.4320,0.6985,600,600,1200,812.8000,914.4000,939.8000,0.6332,0.7304,1.0000,14.9000,17131.1000
abo_proposed,332,CHAIR_STOOL,STANDARD_CHAIR,205.1187,12.5591,46.9087,192.5596,0.4320,0.1416,600,600,1200,406.4000,508.0000,685.8000,0.4957,0.6758,1.0000,11.7630,15511.8000
abo_proposed,333,CABINET,,42.8571,10.8468,25.1474,32.0103,0.6720,1.1760,700,800,1200,600.0000,1000.0000,1960.0000,0.3458,0.5547,1.0000,9.8000,14331.7000
abo_proposed,334,CHAIR_STOOL,STANDARD_CHAIR,89.0736,8.9071,24.8499,80.1665,0.4320,0.2285,600,600,1200,497.8400,566.4200,810.2600,0.5284,0.6724,1.0000,8.6340,13970.7000
abo_proposed,335,SOFA,L_SHAPED_SOFA,250.8419,20.9697,58.0543,229.8721,5.1840,1.4776,900,1800,3200,863.6000,863.6000,1981.2000,0.4779,0.5767,1.0000,9.8230,14134.4000
abo_proposed,336,CABINET,,492.5926,52.3374,113.4039,440.2552,0.6720,0.1134,700,800,1200,270.0000,300.0000,1400.0000,0.3080,0.3106,1.0000,8.5600,13961.6000
abo_proposed,337,CHAIR_STOOL,STANDARD_CHAIR,15.4973,6.1134,8.9086,9.3839,0.4320,0.3740,600,600,1200,558.8000,635.0000,1054.1000,0.5014,0.5614,1.0000,8.7420,13953.0000
abo_proposed,338,DISPLAY_SHELF,,517.1871,2.0591,94.0533,515.1280,0.8640,0.1400,400,1200,1800,290.0000,414.0000,1166.0000,0.2403,0.3576,1.0000,8.4320,13931.3000
abo_proposed,339,CHAIR_STOOL,STANDARD_CHAIR,48.7255,24.6812,27.1614,24.0443,0.4320,0.8425,600,600,1200,838.2000,965.2000,1041.4000,0.6105,0.6932,1.0000,12.1050,15661.0000
abo_proposed,340,SOFA,L_SHAPED_SOFA,240.0483,28.9180,52.9013,211.1303,5.1840,1.5245,900,1800,3200,769.8740,990.0920,1999.9960,0.5359,0.5872,1.0000,10.1900,14678.5000
abo_proposed,341,BED,QUEEN_SIZE_BED,19.2201,2.2980,6.8656,16.9221,4.0247,4.9823,1341.6000,1500,2000,1447.8000,1612.9000,2133.6000,0.6708,0.7299,1.0000,9.4680,13981.9000
abo_proposed,342,SOFA,TWIN_SOFA,23.8835,13.1076,10.6190,10.7759,1.8000,1.4530,900,1000,2000,789.9400,880.1100,2089.9120,0.4454,0.4564,1.0000,9.4070,13947.6000
abo_proposed,343,SOFA,L_SHAPED_SOFA,318.4485,12.9694,63.7920,305.4791,5.1840,1.2389,900,1800,3200,711.2000,914.4000,1905.0000,0.3214,0.5378,1.0000,9.3240,13981.9000
abo_proposed,344,CHAIR_STOOL,STANDARD_CHAIR,15.4973,5.1307,8.9086,10.3666,0.4320,0.3740,600,600,1200,558.8000,635.0000,1054.1000,0.5002,0.5746,1.0000,9.1820,13949.6000
abo_proposed,345,CHAIR_STOOL,STANDARD_CHAIR,34.1804,6.3410,30.9825,27.8393,0.4320,0.6563,600,600,1200,830.5800,878.8400,899.1600,0.8755,0.9045,1.0000,8.7930,13976.3000
abo_proposed,346,BED,DOUBLE_BED,52.8303,12.6279,21.6014,40.2024,3.3452,7.0918,1194.7000,1400,2000,1422.4000,2133.6000,2336.8000,0.5974,0.6995,1.0000,12.6240,14618.9000
abo_proposed,348,DISPLAY_SHELF,,210.3031,32.8733,76.2090,177.4298,0.8640,0.2784,400,1200,1800,519.9380,519.9380,1029.9700,0.2219,0.5538,1.0000,9.3500,14058.2000
abo_proposed,349,CHAIR_STOOL,STANDARD_CHAIR,26.6877,18.4714,11.5195,8.2163,0.4320,0.5893,600,600,1200,610.0000,840.0000,1150.0000,0.6104,0.8901,1.0000,8.7230,13926.2000
abo_proposed,350,SOFA,L_SHAPED_SOFA,315.8319,13.4208,67.0786,302.4111,5.1840,1.2467,900,1800,3200,840.7400,909.3200,1630.6800,0.5558,0.6638,1.0000,11.1560,15193.8000
abo_proposed,351,CHAIR_STOOL,STANDARD_CHAIR,60.6815,21.5850,26.5305,39.0965,0.4320,1.0987,600,600,1200,863.6000,863.6000,1473.2000,0.6603,0.7652,1.0000,11.5700,14405.2000
abo_proposed,352,SOFA,L_SHAPED_SOFA,93.1279,8.5175,26.3870,84.6104,5.1840,2.6842,900,1800,3200,860.0000,1530.0000,2040.0000,0.4366,0.6491,1.0000,9.2330,13987.6000
abo_proposed,353,SOFA,L_SHAPED_SOFA,350.6369,33.3824,88.7588,317.2545,5.1840,1.1504,900,1800,3200,990.6000,1016.0000,1143.0000,0.5286,0.6422,1.0000,10.2300,13981.9000
abo_proposed,354,CHAIR_STOOL,STANDARD_CHAIR,47.6815,18.1476,29.8329,29.5339,0.4320,0.8257,600,600,1200,863.6000,965.2000,990.6000,0.7203,0.7901,1.0000,8.7060,13970.7000
abo_proposed,355,SOFA,L_SHAPED_SOFA,132.0213,14.2936,41.8008,117.7277,5.1840,2.2343,900,1800,3200,965.2000,990.6000,2336.8000,0.4189,0.5391,1.0000,10.0060,14375.9000
abo_proposed,356,SOFA,TWIN_SOFA,6.9710,8.2810,10.1787,-1.3100,1.8000,1.9349,900,1000,2000,800.1000,1070.0000,2260.0920,0.3945,0.4977,1.0000,9.8470,14268.7000
abo_proposed,357,SOFA,TWIN_SOFA,0.9778,16.2345,19.3824,-15.2568,1.8000,1.8178,900,1000,2000,680.7200,1038.8600,2570.4800,0.3376,0.4242,1.0000,8.9030,13981.9000
abo_proposed,358,SOFA,L_SHAPED_SOFA,256.6323,35.2831,55.5203,221.3492,5.1840,1.4536,900,1800,3200,711.2000,914.4000,2235.2000,0.3320,0.6800,1.0000,9.4360,13989.5000
abo_proposed,359,CHAIR_STOOL,STANDARD_CHAIR,39.5933,6.9650,16.9024,32.6283,0.4320,0.3095,600,600,1200,519.9380,640.0800,929.8940,0.4933,0.6735,1.0000,8.9910,13959.3000
abo_proposed,360,CHAIR_STOOL,STANDARD_CHAIR,26.0140,12.7815,21.7081,13.2326,0.4320,0.3428,600,600,1200,647.7000,657.3520,805.1800,0.6322,0.7825,1.0000,10.0500,14320.9000
abo_proposed,361,SOFA,L_SHAPED_SOFA,250.3053,4.5095,58.1563,245.7959,5.1840,1.4799,900,1800,3200,899.1600,929.6400,1770.3800,0.5214,0.5585,1.0000,10.5530,15009.2000
abo_proposed,362,SOFA,L_SHAPED_SOFA,182.8366,15.2592,43.4361,167.5774,5.1840,1.8329,900,1800,3200,787.4000,1041.4000,2235.2000,0.3080,0.5495,1.0000,8.9470,13981.9000
abo_proposed,363,CHAIR_STOOL,STANDARD_CHAIR,26.5757,8.6262,31.1841,17.9495,0.4320,0.5884,600,600,1200,812.8000,838.2000,863.6000,0.8165,0.9317,1.0000,8.7570,13981.9000
abo_proposed,364,SOFA,L_SHAPED_SOFA,176.9145,46.7850,45.9744,130.1295,5.1840,1.8721,900,1800,3200,863.6000,889.0000,2438.4000,0.3492,0.7007,1.0000,10.2020,14550.4000
abo_proposed,365,CHAIR_STOOL,STANDARD_CHAIR,52.2502,18.9003,27.8019,33.3499,0.4320,0.9047,600,600,1200,899.1600,949.9600,1059.1800,0.6822,0.7340,1.0000,12.6080,14877.0000
abo_proposed,366,SOFA,L_SHAPED_SOFA,283.3185,1.9827,61.8841,281.3359,5.1840,1.3524,900,1800,3200,840.0000,920.0000,1750.0000,0.4890,0.5367,1.0000,9.6120,13994.1000
abo_proposed,367,SOFA,L_SHAPED_SOFA,351.1168,21.5602,70.7398,329.5567,5.1840,1.1491,900,1800,3200,770.0000,820.0000,1820.0000,0.3730,0.5915,1.0000,8.7960,13955.6000
abo_proposed,368,SOFA,L_SHAPED_SOFA,182.8366,22.1207,43.4361,160.7159,5.1840,1.8329,900,1800,3200,787.4000,1041.4000,2235.2000,0.3067,0.6117,1.0000,9.2190,13981.9000
abo_proposed,369,CHAIR_STOOL,STANDARD_CHAIR,13.5516,22.5195,28.6423,-8.9679,0.4320,0.4997,600,600,1200,735.3300,804.6720,844.5500,0.6429,0.7729,1.0000,14.4790,17554.4000
abo_proposed,370,BED,DOUBLE_BED,51.7118,11.5537,20.9382,40.1581,3.4245,7.0918,1223.0000,1400,2000,1422.4000,2133.6000,2336.8000,0.6115,0.7063,1.0000,11.3150,15123.2000
abo_proposed,371,CHAIR_STOOL,STANDARD_CHAIR,61.4754,7.7784,26.7339,53.6970,0.4320,1.1214,600,600,1200,890.0160,899.9220,1400.0480,0.6165,0.7234,1.0000,10.3930,14403.3000
abo_proposed,372,DESK,L_SHAPED_DESK,126.6972,34.3800,32.4856,92.3172,1.3824,0.6098,720,1200,1600,607.0600,762.0000,1318.2600,0.6784,0.7020,1.0000,9.3420,13981.9000
abo_proposed,373,SOFA,TWIN_SOFA,2.2786,15.9335,5.7715,-13.6549,1.8000,1.8420,900,1000,2000,863.6000,965.2000,2209.8000,0.4381,0.5231,1.0000,9.4350,13977.6000
abo_proposed,374,CABINET,,212.6798,4.3810,46.3958,208.2988,0.6720,0.2149,700,800,1200,508.0000,546.1000,774.7000,0.6422,0.7521,1.0000,17.8460,19201.5000
abo_proposed,375,BED,QUEEN_SIZE_BED,38.4859,12.0004,14.5634,26.4856,3.8146,6.2012,1271.5000,1500,2000,1422.4000,2019.3000,2159.0000,0.6358,0.7435,1.0000,9.3880,13981.9000
abo_proposed,376,SOFA,L_SHAPED_SOFA,327.0537,47.5517,65.5989,279.5020,5.1840,1.2139,900,1800,3200,659.8920,839.9780,2189.9880,0.3565,0.6780,1.0000,9.6230,14215.6000
abo_proposed,377,DISPLAY_SHELF,,50368.7631,38.3271,948.7073,50330.4360,0.8640,0.0017,400,1200,1800,20.0660,139.9540,609.6000,0.0472,0.3059,1.0000,8.5190,13981.9000
abo_proposed,378,SOFA,L_SHAPED_SOFA,319.0053,15.0241,67.7271,303.9812,5.1840,1.2372,900,1800,3200,820.0000,820.0000,1840.0000,0.4529,0.5724,1.0000,8.9540,13948.0000
abo_proposed,379,SOFA,TWIN_SOFA,11.9960,7.3190,3.9323,4.6770,1.8000,1.6072,900,1000,2000,820.0000,980.0000,2000.0000,0.4562,0.5065,1.0000,9.5920,14113.1000
abo_proposed,381,SOFA,L_SHAPED_SOFA,312.0575,6.6045,68.1694,305.4530,5.1840,1.2581,900,1800,3200,878.8400,960.1200,1490.9800,0.6317,0.6828,1.0000,11.6860,15407.4000
abo_proposed,382,SOFA,TWIN_SOFA,8.4250,5.2295,3.7697,3.1955,1.8000,1.6601,900,1000,2000,870.0000,940.0000,2030.0000,0.4535,0.4846,1.0000,9.1880,14032.5000
abo_proposed,383,DRAWER,,21.6109,11.0724,16.2367,10.5385,0.7000,0.5756,500,1000,1400,449.5800,800.1000,1600.2000,0.3326,0.5188,1.0000,9.3300,14080.4000
abo_proposed,384,CHAIR_STOOL,STANDARD_CHAIR,93.7900,6.9212,56.1850,86.8688,0.4320,6.9565,600,600,1200,838.2000,2438.4000,3403.6000,0.2791,0.7200,1.0000,10.1310,14539.0000
abo_proposed,385,CHAIR_STOOL,STANDARD_CHAIR,42.5409,26.2493,26.0222,16.2915,0.4320,0.7518,600,600,1200,787.4000,939.8000,1016.0000,0.5964,0.6526,1.0000,18.6510,19960.2000
abo_proposed,386,CHAIR_STOOL,STANDARD_CHAIR,20.8341,14.1314,22.5273,6.7027,0.4320,0.5457,600,600,1200,635.0000,914.4000,939.8000,0.6456,0.7412,1.0000,11.0050,15000.6000
abo_proposed,387,SOFA,TWIN_SOFA,108.6282,22.1401,29.4988,86.4881,1.8000,0.8628,900,1000,2000,635.0000,685.8000,1981.2000,0.3939,0.4202,1.0000,9.2440,13981.9000
abo_proposed,388,CHAIR_STOOL,STANDARD_CHAIR,27.0223,5.9077,12.7011,21.1146,0.4320,0.3401,600,600,1200,599.9480,629.9200,899.9220,0.5881,0.6998,1.0000,9.8930,14324.9000
abo_proposed,389,DRAWER,,154.4002,23.0858,38.5670,131.3144,0.7000,0.2752,500,1000,1400,430.0000,790.0000,810.0000,0.5006,0.5806,1.0000,12.0370,15738.5000
abo_proposed,390,CHAIR_STOOL,STANDARD_CHAIR,84.3318,7.5099,27.9314,76.8219,0.4320,0.2344,600,600,1200,465.0000,630.0000,800.0000,0.5858,0.6755,1.0000,9.1980,13961.3000
abo_proposed,391,DISPLAY_SHELF,,1930.6372,15.8304,192.9222,1914.8069,0.8640,0.0425,400,1200,1800,247.0000,290.0000,594.0000,0.5141,0.5274,1.0000,9.2150,14118.7000
abo_proposed,392,SOFA,L_SHAPED_SOFA,250.8419,19.5699,58.0543,231.2719,5.1840,1.4776,900,1800,3200,863.6000,863.6000,1981.2000,0.4722,0.5702,1.0000,9.7640,14107.6000
abo_proposed,393,CHAIR_STOOL,STANDARD_CHAIR,56.2486,6.1676,17.8627,50.0809,0.4320,0.2765,600,600,1200,482.6000,609.6000,939.8000,0.4793,0.6118,1.0000,8.8830,13958.3000
abo_proposed,394,SOFA,L_SHAPED_SOFA,314.1753,30.1516,64.2121,284.0236,5.1840,1.2516,900,1800,3200,762.0000,965.2000,1701.8000,0.6175,0.6942,1.0000,12.9600,16109.2000
abo_proposed,395,CHAIR_STOOL,STANDARD_CHAIR,45.5106,29.6950,30.9094,15.8156,0.4320,0.7928,600,600,1200,860.0440,960.1200,960.1200,0.6462,0.6847,1.0000,15.7690,18272.8000
abo_proposed,396,CHAIR_STOOL,STANDARD_CHAIR,26.9733,16.0303,30.7541,10.9430,0.4320,0.5916,600,600,1200,787.4000,863.6000,869.9500,0.7665,0.8264,1.0000,19.1460,19872.1000
abo_proposed,397,CABINET,,68.9329,15.5845,36.4653,53.3484,0.6720,2.1631,700,800,1200,610.0000,1800.0000,1970.0000,0.3792,0.8340,1.0000,14.7350,16827.3000
abo_proposed,398,SOFA,L_SHAPED_SOFA,368.2227,1.7475,76.1608,366.4752,5.1840,1.1072,900,1800,3200,861.0600,899.1600,1430.0200,0.6122,0.6403,1.0000,11.0390,15177.4000
abo_proposed,399,SOFA,TWIN_SOFA,5.8827,31.0699,11.7294,-25.1872,1.8000,1.7000,900,1000,2000,762.0000,965.2000,2311.4000,0.4735,0.4948,1.0000,9.9930,14438.5000
abo_proposed,400,CHAIR_STOOL,STANDARD_CHAIR,49.5016,18.1398,30.6787,31.3618,0.4320,0.8555,600,600,1200,899.9220,960.1200,990.0920,0.6005,0.9470,1.0000,16.8960,16105.4000
abo_proposed,401,SOFA,TWIN_SOFA,36.2137,11.6923,12.4943,24.5214,1.8000,1.3215,900,1000,2000,711.2000,914.4000,2032.0000,0.4200,0.4652,1.0000,9.3470,13981.9000
abo_proposed,402,DRAWER,,57.1268,1.0617,16.4983,56.0652,0.7000,0.4455,500,1000,1400,450.0000,900.0000,1100.0000,0.4066,0.8059,1.0000,12.8740,16018.4000
abo_proposed,403,CHAIR_STOOL,STANDARD_CHAIR,33.3219,14.9500,15.4963,18.3719,0.4320,0.6479,600,600,1200,723.9000,787.4000,1136.6500,0.5563,0.5732,1.0000,9.6480,14061.4000
abo_proposed,404,CHAIR_STOOL,STANDARD_CHAIR,21.1420,27.4510,25.4621,-6.3090,0.4320,0.5478,600,600,1200,700.0000,860.0000,910.0000,0.6106,0.6211,1.0000,11.7280,15333.0000
abo_proposed,405,SOFA,L_SHAPED_SOFA,3419.0616,17.0115,230.6044,3402.0501,5.1840,0.1473,900,1800,3200,330.0000,480.0000,930.0000,0.3997,0.6265,1.0000,8.7530,13934.9000
abo_proposed,406,CHAIR_STOOL,STANDARD_CHAIR,50.7996,25.3156,28.7700,25.4840,0.4320,0.8780,600,600,1200,869.9500,979.9320,1029.9700,0.6593,0.6785,1.0000,18.9180,20098.7000
abo_proposed,407,SOFA,TWIN_SOFA,15.0895,2.1173,4.8593,12.9722,1.8000,1.5640,900,1000,2000,850.0000,920.0000,2000.0000,0.4338,0.4700,1.0000,9.7270,14258.6000
abo_proposed,408,DRAWER,,131.0991,8.0847,33.4579,123.0144,0.7000,0.3029,500,1000,1400,449.5800,749.3000,899.1600,0.5762,0.8411,1.0000,13.5330,16694.6000
abo_proposed,409,CHAIR_STOOL,STANDARD_CHAIR,98.7519,4.7233,25.8107,94.0286,0.4320,0.2174,600,600,1200,454.6600,495.3000,965.2000,0.4428,0.5308,1.0000,8.0230,13926.2000
abo_proposed,410,CHAIR_STOOL,STANDARD_CHAIR,47.8388,3.2499,31.5572,44.5889,0.4320,0.8282,600,600,1200,889.0000,965.2000,965.2000,0.8787,0.9810,1.0000,16.5140,17444.6000
abo_proposed,411,CHAIR_STOOL,STANDARD_CHAIR,25.3362,0.8060,9.6776,24.5302,0.4320,0.5786,600,600,1200,673.1000,723.9000,1187.4500,0.5595,0.6077,1.0000,9.2220,13981.9000
abo_proposed,412,CHAIR_STOOL,STANDARD_CHAIR,33.7863,11.9637,18.7195,21.8226,0.4320,0.3229,600,600,1200,596.9000,660.4000,819.1500,0.6589,0.6905,1.0000,10.5710,14904.8000
abo_proposed,413,SOFA,TWIN_SOFA,29.7380,2.5176,10.9622,27.2204,1.8000,2.5618,900,1000,2000,1041.4000,1041.4000,2362.2000,0.4457,0.4582,1.0000,9.5470,13981.9000
abo_proposed,414,CHAIR_STOOL,STANDARD_CHAIR,44.4541,18.7652,22.4264,25.6888,0.4320,0.7777,600,600,1200,759.4600,939.8000,1089.6600,0.6216,0.6320,1.0000,14.9240,17439.2000
abo_proposed,415,CHAIR_STOOL,STANDARD_CHAIR,80.1587,9.8070,22.5405,70.3517,0.4320,0.2398,600,600,1200,495.3000,568.9600,850.9000,0.5490,0.7618,1.0000,8.4710,13959.3000
abo_proposed,416,CHAIR_STOOL,STANDARD_CHAIR,26.5757,6.4524,31.1841,20.1233,0.4320,0.5884,600,600,1200,812.8000,838.2000,863.6000,0.8635,0.9254,1.0000,18.8830,20294.1000
abo_proposed,417,CHAIR_STOOL,STANDARD_CHAIR,107.2297,4.8421,28.3732,102.3876,0.4320,0.2085,600,600,1200,500.3800,520.7000,800.1000,0.5839,0.6707,1.0000,8.3110,13945.7000
abo_proposed,418,CHAIR_STOOL,STANDARD_CHAIR,48.5747,3.5604,16.3920,45.0143,0.4320,0.2908,600,600,1200,495.3000,614.6800,955.0400,0.4962,0.6256,1.0000,9.0760,13981.9000
abo_proposed,419,BED,BUNK_BED,15.7473,23.0649,10.3099,-7.3176,4.7094,4.0687,1308.2000,1800,2000,1168.4000,1612.9000,2159.0000,0.6541,0.9358,1.0000,11.1380,15011.9000
abo_proposed,421,SOFA,L_SHAPED_SOFA,255.0074,4.2967,58.5878,250.7107,5.1840,1.4603,900,1800,3200,889.0000,965.2000,1701.8000,0.5519,0.5838,1.0000,10.8350,14975.5000
abo_proposed,422,CHAIR_STOOL,STANDARD_CHAIR,47.4654,6.2339,17.1599,41.2315,0.4320,0.2929,600,600,1200,540.0000,620.0000,875.0000,0.5514,0.6957,1.0000,9.6500,14048.5000
abo_proposed,423,CHAIR_STOOL,STANDARD_CHAIR,23.4427,21.8864,30.4602,1.5563,0.4320,0.5643,600,600,1200,810.0060,810.0060,860.0440,0.7255,0.7459,1.0000,15.3520,17751.1000
abo_proposed,424,SOFA,TWIN_SOFA,26.7757,2.4248,9.8101,24.3509,1.8000,2.4582,900,1000,2000,949.9600,1139.9520,2269.9980,0.4195,0.5253,1.0000,9.7280,14203.9000
abo_proposed,425,SOFA,L_SHAPED_SOFA,250.5518,10.3669,60.2645,240.1849,5.1840,1.4788,900,1800,3200,919.9880,940.0540,1709.9280,0.5604,0.6409,1.0000,11.1730,15106.8000
abo_proposed,426,SOFA,L_SHAPED_SOFA,267.0346,9.3893,59.9150,257.6452,5.1840,1.4124,900,1800,3200,863.6000,990.6000,1651.0000,0.5346,0.6994,1.0000,11.2120,15199.0000
abo_proposed,427,DISPLAY_SHELF,,40.1167,22.2022,27.9939,17.9145,0.8640,0.6166,400,1200,1800,457.2000,717.5500,1879.6000,0.3339,0.4090,1.0000,8.6370,13981.9000
abo_proposed,429,CHAIR_STOOL,STANDARD_CHAIR,53.4466,16.0562,25.0739,37.3904,0.4320,0.9280,600,600,1200,838.2000,990.6000,1117.6000,0.6442,0.7267,1.0000,13.7660,17202.7000
abo_proposed,430,SOFA,L_SHAPED_SOFA,136.3003,16.1969,40.8192,120.1034,5.1840,2.1938,900,1800,3200,952.5000,1066.8000,2159.0000,0.5085,0.5788,1.0000,11.3110,15154.6000
abo_proposed,431,DESK,L_SHAPED_DESK,1874.3403,126.9290,189.5404,1747.4113,1.3824,0.0700,720,1200,1600,234.1880,299.2120,999.2360,0.4021,0.8453,1.0000,9.3000,13981.9000
abo_proposed,432,CHAIR_STOOL,STANDARD_CHAIR,60.4610,17.9160,25.8467,42.5449,0.4320,1.0926,600,600,1200,863.6000,939.8000,1346.2000,0.7262,0.8561,1.0000,14.1130,17059.0000
abo_proposed,433,DRAWER,,42.9739,65.6985,22.7397,-22.7247,0.7000,0.4896,500,1000,1400,400.0000,765.0000,1600.0000,0.3968,0.8256,1.0000,14.0080,16402.3000
abo_proposed,434,CHAIR_STOOL,STANDARD_CHAIR,30.8948,24.3642,32.6315,6.5306,0.4320,0.6251,600,600,1200,838.2000,863.6000,863.6000,0.7219,0.7689,1.0000,17.4060,18658.7000
abo_proposed,435,SOFA,L_SHAPED_SOFA,258.4586,2.2807,57.3567,256.1779,5.1840,1.4462,900,1800,3200,830.0000,990.0000,1760.0000,0.4858,0.5538,1.0000,10.2320,13961.6000
abo_proposed,436,DRAWER,,113.4146,14.8166,28.9837,98.5981,0.7000,0.3280,500,1000,1400,400.0000,820.0000,1000.0000,0.4839,0.8910,1.0000,8.5680,13961.6000
abo_proposed,437,BED,KING_SIZE_BED,17.6483,8.9053,6.2100,8.7430,3.5577,4.3201,1111.8000,1600,2000,1150.3025,1676.4000,2240.2800,0.5559,0.8198,1.0000,11.2090,14740.2000
abo_proposed,438,CHAIR_STOOL,STANDARD_CHAIR,58.6750,9.1065,18.5985,49.5685,0.4320,0.2723,600,600,1200,495.3000,609.6000,901.7000,0.4894,0.6266,1.0000,8.9510,13950.2000
abo_proposed,439,SOFA,TWIN_SOFA,74.5205,14.3133,20.6763,60.2072,1.8000,1.0314,900,1000,2000,749.3000,901.7000,1526.5400,0.4447,0.4771,1.0000,9.0850,13937.6000
abo_proposed,440,SOFA,L_SHAPED_SOFA,256.6323,34.8652,55.5203,221.7671,5.1840,1.4536,900,1800,3200,711.2000,914.4000,2235.2000,0.3287,0.6808,1.0000,9.2810,14015.3000
abo_proposed,441,DESK,L_SHAPED_DESK,239.2301,54.3797,51.9458,184.8504,1.3824,0.4075,720,1200,1600,390.0000,860.0000,1215.0000,0.6654,0.7181,1.0000,11.9730,15575.0000
abo_proposed,442,SOFA,TWIN_SOFA,11.6179,16.1236,7.0397,-4.5057,1.8000,1.6126,900,1000,2000,817.8800,939.8000,2098.0400,0.4607,0.5110,1.0000,9.7310,14166.1000
abo_proposed,443,SOFA,SINGLE_SOFA,21.4152,9.8987,13.7595,11.5165,0.9000,1.1453,900,1000,1000,812.8000,1066.8000,1320.8000,0.6879,0.8725,1.0000,14.4980,15229.8000
abo_proposed,444,BED,DOUBLE_BED,52.0594,12.5482,21.1444,39.5113,3.3998,7.0918,1214.2000,1400,2000,1422.4000,2133.6000,2336.8000,0.6071,0.6863,1.0000,11.0880,14942.4000
abo_proposed,445,CABINET,,55.2322,8.7366,16.8907,46.4955,0.6720,0.4329,700,800,1200,500.0000,780.0000,1110.0000,0.5129,0.6774,1.0000,14.1090,17080.5000
abo_proposed,446,SOFA,L_SHAPED_SOFA,321.6074,7.8196,66.9009,313.7878,5.1840,1.2296,900,1800,3200,810.0000,920.0000,1650.0000,0.5270,0.6038,1.0000,10.3570,14168.2000
abo_proposed,447,SOFA,L_SHAPED_SOFA,358.7500,2.7003,75.4559,356.0497,5.1840,1.1300,900,1800,3200,878.8400,899.1600,1430.0200,0.6011,0.6490,1.0000,11.2950,14466.7000
abo_proposed,449,CHAIR_STOOL,STANDARD_CHAIR,74.7314,49.4793,36.5568,25.2520,0.4320,1.7096,600,600,1200,914.4000,1066.8000,1752.6000,0.7883,0.9000,1.0000,8.4770,13926.6000
abo_proposed,450,SOFA,L_SHAPED_SOFA,327.0537,53.4735,65.5989,273.5801,5.1840,1.2139,900,1800,3200,659.8920,839.9780,2189.9880,0.3783,0.6958,1.0000,10.1000,14700.5000
abo_proposed,451,SOFA,L_SHAPED_SOFA,318.4485,22.3574,63.7920,296.0911,5.1840,1.2389,900,1800,3200,711.2000,914.4000,1905.0000,0.3162,0.6212,1.0000,9.5910,13981.9000
abo_proposed,452,SOFA,TWIN_SOFA,18.4043,16.3989,12.7721,2.0055,1.8000,1.5202,900,1000,2000,768.3500,895.3500,2209.8000,0.4210,0.4527,1.0000,9.2560,13981.9000
abo_proposed,453,SOFA,TWIN_SOFA,45.2946,10.1908,13.6316,35.1039,1.8000,1.2389,900,1000,2000,711.2000,914.4000,1905.0000,0.3287,0.5205,1.0000,9.4840,13981.9000
abo_proposed,454,DISPLAY_SHELF,,438.5677,11.9037,79.2625,426.6640,0.8640,0.1604,400,1200,1800,184.1500,920.7500,946.1500,0.2055,0.7959,1.0000,8.9410,13981.9000
abo_proposed,455,CABINET,,1213.4949,3.7037,137.5866,1209.7911,0.6720,0.0512,700,800,1200,290.0000,297.0000,594.0000,0.5042,0.5207,1.0000,10.1860,14564.8000
abo_proposed,456,CHAIR_STOOL,STANDARD_CHAIR,32.9273,25.7125,33.3333,7.2148,0.4320,0.6441,600,600,1200,863.6000,863.6000,863.6000,0.7318,0.7540,1.0000,13.7930,16900.7000
abo_proposed,457,DRAWER,,71.7448,34.3982,20.4574,37.3466,0.7000,0.4076,500,1000,1400,397.9992,752.9985,1359.9973,0.3868,0.7564,1.0000,11.5290,14223.8000
abo_proposed,458,CHAIR_STOOL,STANDARD_CHAIR,30.1292,13.4475,19.1466,16.6817,0.4320,0.6183,600,600,1200,701.0400,840.7400,1049.0200,0.6068,0.6596,1.0000,14.9490,17335.0000
abo_proposed,459,DESK,DESK_DOUBLE_PEDESTAL,7.7240,10.0092,35.2417,-2.2852,0.9216,0.8555,720,800,1600,431.8000,1054.1000,1879.6000,0.2635,0.5310,1.0000,9.1760,13983.3000
abo_proposed,460,CHAIR_STOOL,STANDARD_CHAIR,28.9090,14.6896,22.3960,14.2194,0.4320,0.3351,600,600,1200,590.0000,710.0000,800.0000,0.6293,0.7569,1.0000,10.3350,14793.2000
abo_proposed,461,SOFA,TWIN_SOFA,7.7959,24.5845,9.3647,-16.7886,1.8000,1.9522,900,1000,2000,838.2000,965.2000,2413.0000,0.4482,0.4806,1.0000,9.6520,14071.6000
abo_proposed,462,CHAIR_STOOL,STANDARD_CHAIR,8.2194,26.6812,30.5535,-18.4618,0.4320,0.3992,600,600,1200,711.2000,736.6000,762.0000,0.6822,0.7109,1.0000,14.3360,17299.8000
abo_proposed,463,SOFA,L_SHAPED_SOFA,255.0074,2.3389,58.5878,252.6685,5.1840,1.4603,900,1800,3200,889.0000,965.2000,1701.8000,0.5364,0.5785,1.0000,11.1260,14993.3000
abo_proposed,464,SOFA,L_SHAPED_SOFA,256.6323,42.6838,55.5203,213.9485,5.1840,1.4536,900,1800,3200,711.2000,914.4000,2235.2000,0.3515,0.7155,1.0000,9.3980,14176.3000
abo_proposed,465,DRAWER,,934.2790,14.8815,128.9204,919.3974,0.7000,0.0677,500,1000,1400,360.0000,400.0000,470.0000,0.9070,0.9477,1.0000,8.7660,14020.7000
abo_proposed,466,CABINET,,22.4365,16.7052,42.4242,5.7312,0.6720,0.5489,700,800,1200,420.0000,660.0000,1980.0000,0.2530,0.3805,1.0000,8.8700,13965.6000
abo_proposed,467,CHAIR_STOOL,STANDARD_CHAIR,50.9922,25.3902,27.9320,25.6020,0.4320,0.8815,600,600,1200,812.8000,1041.4000,1041.4000,0.5697,0.7623,1.0000,13.9530,16732.7000
abo_proposed,468,CHAIR_STOOL,STANDARD_CHAIR,63.8991,4.8948,19.9953,59.0043,0.4320,0.2636,600,600,1200,480.0600,610.1080,899.9220,0.4910,0.6655,1.0000,8.9270,13961.6000
abo_proposed,469,SOFA,L_SHAPED_SOFA,201.4294,12.8448,57.8133,188.5845,5.1840,1.7198,900,1800,3200,990.6000,990.6000,1752.6000,0.5439,0.6891,1.0000,10.7750,14849.9000
abo_proposed,470,CABINET,,57.6720,34.9580,24.0363,22.7140,0.6720,1.5876,700,800,1200,900.0000,900.0000,1960.0000,0.3446,0.6656,1.0000,10.1750,14607.4000
abo_proposed,471,CHAIR_STOOL,STANDARD_CHAIR,106.8217,12.1198,28.0748,94.7019,0.4320,0.2089,600,600,1200,495.3000,515.6200,817.8800,0.5570,0.7326,1.0000,8.4930,13963.6000
abo_proposed,472,DRAWER,,113.4146,15.9447,28.9837,97.4699,0.7000,0.3280,500,1000,1400,400.0000,820.0000,1000.0000,0.5009,0.8746,1.0000,15.5060,18184.1000
abo_proposed,473,BED,SUPER_SINGLE_BED,28.3786,14.6879,8.8521,13.6907,2.4993,1.9468,1100,1136.0000,2000,985.0120,993.1400,1990.0900,0.5680,0.5720,1.0000,8.8450,13963.3000
abo_proposed,474,DESK,DESK_NO_DRAWER,62.1053,48.2110,26.3910,13.8943,0.8064,2.1280,720,800,1400,800.0000,1400.0000,1900.0000,0.1110,0.5690,1.0000,8.3850,13961.6000
abo_proposed,475,BED,BUNK_BED,670.6469,8.1520,97.7223,662.4949,0.3257,0.0423,90.5000,1800,2000,43.1800,939.8000,1041.4000,0.0452,0.9675,1.0000,8.9990,13981.9000
abo_proposed,476,DISPLAY_SHELF,,137.7548,20.3177,42.9355,117.4372,0.8640,0.3634,400,1200,1800,355.6000,558.8000,1828.8000,0.2555,0.3338,1.0000,8.9320,13980.3000
abo_proposed,477,CHAIR_STOOL,STANDARD_CHAIR,29.3161,2.9710,25.9018,26.3451,0.4320,0.6112,600,600,1200,711.2000,914.4000,939.8000,0.7561,0.9160,1.0000,8.7550,13981.9000
abo_proposed,478,SOFA,L_SHAPED_SOFA,157.7376,15.6652,47.1539,142.0724,5.1840,2.0113,900,1800,3200,965.2000,965.2000,2159.0000,0.4673,0.5669,1.0000,9.7030,14222.8000
abo_proposed,479,SOFA,TWIN_SOFA,7.7959,26.9221,9.3647,-19.1262,1.8000,1.9522,900,1000,2000,838.2000,965.2000,2413.0000,0.4623,0.4830,1.0000,9.5840,13998.5000
abo_proposed,480,CHAIR_STOOL,STANDARD_CHAIR,34.3046,33.2750,26.3086,1.0295,0.4320,0.6576,600,600,1200,812.8000,838.2000,965.2000,0.5561,0.5855,1.0000,13.3560,16962.0000
abo_proposed,481,CHAIR_STOOL,STANDARD_CHAIR,205.1187,11.0429,46.9087,194.0759,0.4320,0.1416,600,600,1200,406.4000,508.0000,685.8000,0.4937,0.7008,1.0000,12.1970,14600.5000
abo_proposed,482,SOFA,TWIN_SOFA,11.9960,7.3220,3.9323,4.6740,1.8000,1.6072,900,1000,2000,820.0000,980.0000,2000.0000,0.4562,0.5065,1.0000,9.6040,14113.1000
abo_proposed,483,SOFA,L_SHAPED_SOFA,3217.9724,32.8274,232.5525,3185.1449,5.1840,0.1562,900,1800,3200,400.0000,420.0000,930.0000,0.5753,0.5957,1.0000,9.8900,14750.2000
abo_proposed,484,CHAIR_STOOL,STANDARD_CHAIR,42.8968,13.5175,15.3971,29.3793,0.4320,0.3023,600,600,1200,590.0000,610.0000,840.0000,0.6116,0.6237,1.0000,8.8970,13926.2000
abo_proposed,485,SOFA,L_SHAPED_SOFA,182.8366,17.6179,43.4361,165.2187,5.1840,1.8329,900,1800,3200,787.4000,1041.4000,2235.2000,0.2999,0.5608,1.0000,9.2350,13981.9000
abo_proposed,486,BED,BUNK_BED,35.6664,31.2143,18.7341,4.4521,1.6362,2.5433,454.5000,1800,2000,800.0000,1622.0000,1960.0000,0.2272,0.9774,1.0000,8.8720,13961.6000
abo_proposed,487,CHAIR_STOOL,STANDARD_CHAIR,58.4872,26.2694,30.2087,32.2178,0.4320,1.0406,600,600,1200,914.4000,1066.8000,1066.8000,0.6267,0.7435,1.0000,15.1770,17877.7000
abo_proposed,488,SOFA,L_SHAPED_SOFA,256.6323,31.6887,55.5203,224.9435,5.1840,1.4536,900,1800,3200,711.2000,914.4000,2235.2000,0.3246,0.6601,1.0000,9.9150,14205.2000
abo_proposed,489,SOFA,TWIN_SOFA,12.2394,3.3426,5.0247,8.8968,1.8000,1.6037,900,1000,2000,878.8400,899.1600,2029.4600,0.4384,0.4672,1.0000,9.4370,13991.7000
abo_proposed,491,SOFA,TWIN_SOFA,11.7643,0.4578,3.8282,11.3066,1.8000,1.6105,900,1000,2000,830.0000,990.0000,1960.0000,0.4254,0.5027,1.0000,9.4720,13984.2000
abo_proposed,492,SOFA,TWIN_SOFA,4.0221,6.9069,2.6625,-2.8848,1.8000,1.7304,900,1000,2000,869.9500,1020.0640,1949.9580,0.4158,0.4864,1.0000,9.9790,14344.8000
abo_proposed,493,CHAIR_STOOL,STANDARD_CHAIR,53.4466,16.7686,25.0739,36.6780,0.4320,0.9280,600,600,1200,838.2000,990.6000,1117.6000,0.6118,0.7525,1.0000,14.7580,15748.2000
abo_proposed,494,BED,DOUBLE_BED,37.7220,1.0197,14.5887,36.7022,3.4702,5.5721,1239.4000,1400,2000,1422.4000,1676.4000,2336.8000,0.6197,0.7157,1.0000,11.1890,14298.7000
abo_proposed,495,DESK,L_SHAPED_DESK,219.3883,11.9035,47.4354,207.4848,1.3824,0.4328,720,1200,1600,495.3000,764.5400,1143.0000,0.4155,0.8006,1.0000,9.1100,13950.2000
abo_proposed,496,SOFA,L_SHAPED_SOFA,270.3534,12.8339,61.6715,257.5196,5.1840,1.3997,900,1800,3200,899.9220,960.1200,1620.0120,0.5220,0.7090,1.0000,9.8440,14223.6000
abo_proposed,497,SOFA,L_SHAPED_SOFA,255.0074,2.1452,58.5878,252.8622,5.1840,1.4603,900,1800,3200,889.0000,965.2000,1701.8000,0.5334,0.5795,1.0000,11.0280,14945.1000
abo_proposed,498,CHAIR_STOOL,STANDARD_CHAIR,15.2050,8.4235,10.9874,6.7815,0.4320,0.3750,600,600,1200,620.0140,629.9200,960.1200,0.5703,0.6222,1.0000,9.2150,13963.3000
abo_proposed,499,CHAIR_STOOL,STANDARD_CHAIR,92.9199,9.5113,24.6207,83.4086,0.4320,0.2239,600,600,1200,460.0000,474.0000,1027.0000,0.4271,0.5279,1.0000,7.9990,13926.2000
abo_baseline_b,0,CHAIR_STOOL,STANDARD_CHAIR,92.9199,7.3008,24.6207,85.6191,0.4320,0.2239,600,600,1200,460.0000,474.0000,1027.0000,0.4364,0.5171,1.0000,8.4420,17634.9000
abo_baseline_b,1,DRAWER,,44.5101,21.1386,13.7619,23.3716,0.7000,0.4844,500,1000,1400,457.2000,993.1400,1066.8000,0.5808,0.9938,1.0000,9.4390,17902.9000
abo_baseline_b,2,CABINET,,83.6353,39.2505,48.9305,44.3848,0.6720,4.1064,700,800,1200,580.0000,2360.0000,3000.0000,0.2563,0.4253,1.0000,9.4750,18092.3000
abo_baseline_b,3,CHAIR_STOOL,STANDARD_CHAIR,49.1076,30.6955,28.9251,18.4121,0.4320,0.8488,600,600,1200,889.0000,939.8000,1016.0000,0.6217,0.6249,1.0000,10.3470,18129.1000
abo_baseline_b,4,SOFA,TWIN_SOFA,17.0169,4.2192,5.4105,12.7977,1.8000,1.5382,900,1000,2000,880.0000,920.0000,1900.0000,0.4559,0.5175,1.0000,10.2510,18050.9000
abo_baseline_b,5,CHAIR_STOOL,STANDARD_CHAIR,199.7585,18.7250,46.7005,181.0334,0.4320,0.1441,600,600,1200,419.1000,520.7000,660.4000,0.5330,0.6194,1.0000,16.8820,19064.2000
abo_baseline_b,6,BED,DOUBLE_BED,26.5945,7.5268,8.8278,19.0677,3.3970,2.6834,1213.2000,1400,2000,1104.9000,1206.5000,2012.9500,0.6066,0.6266,1.0000,13.1470,18670.5000
abo_baseline_b,7,CHAIR_STOOL,STANDARD_CHAIR,41.5539,21.4999,32.4421,20.0540,0.4320,0.3052,600,600,1200,660.0000,680.0000,680.0000,0.7585,0.7885,1.0000,20.2970,19598.8000
abo_baseline_b,8,CHAIR_STOOL,STANDARD_CHAIR,32.9911,22.4915,28.9449,10.4996,0.4320,0.6447,600,600,1200,779.7800,899.1600,919.4800,0.6459,0.7711,1.0000,16.5400,19102.5000
abo_baseline_b,9,DESK,L_SHAPED_DESK,61.9801,29.8584,20.1060,32.1216,1.3824,0.8534,720,1200,1600,711.2000,762.0000,1574.8000,0.5375,0.6807,1.0000,10.0740,18045.7000
abo_baseline_b,10,CHAIR_STOOL,STANDARD_CHAIR,15.3249,13.1921,25.9915,2.1328,0.4320,0.5102,600,600,1200,690.1180,839.9780,880.1100,0.7252,0.7744,1.0000,15.3430,18827.9000
abo_baseline_b,11,CHAIR_STOOL,STANDARD_CHAIR,32.7562,24.1377,29.3566,8.6186,0.4320,0.6424,600,600,1200,838.2000,838.2000,914.4000,0.6772,0.7136,1.0000,23.2170,19689.8000
abo_baseline_b,12,CHAIR_STOOL,STANDARD_CHAIR,156.2197,14.3814,37.3209,141.8383,0.4320,0.1686,600,600,1200,459.9940,469.9000,780.0340,0.6724,0.6912,1.0000,9.3820,17777.5000
abo_baseline_b,13,CHAIR_STOOL,STANDARD_CHAIR,14.1015,10.2061,29.4079,3.8954,0.4320,0.5029,600,600,1200,762.0000,787.4000,838.2000,0.8272,0.8323,1.0000,9.2530,17785.9000
abo_baseline_b,14,SOFA,L_SHAPED_SOFA,244.4546,19.6738,55.6141,224.7807,5.1840,1.5050,900,1800,3200,812.8000,889.0000,2082.8000,0.4407,0.5396,1.0000,10.1850,18015.7000
abo_baseline_b,15,SOFA,L_SHAPED_SOFA,676.3616,40.0333,105.7725,636.3282,5.1840,0.6677,900,1800,3200,629.9200,640.0800,1656.0800,0.3361,0.6510,1.0000,9.5810,17939.9000
abo_baseline_b,16,CHAIR_STOOL,STANDARD_CHAIR,4.8981,9.7772,21.6587,-4.8792,0.4320,0.4542,600,600,1200,609.6000,838.2000,889.0000,0.6446,0.8150,1.0000,14.3000,18753.9000
abo_baseline_b,17,DESK,DESK_NO_DRAWER,116.0588,14.4378,30.3416,101.6209,0.8064,0.3732,720,800,1400,495.3000,741.6800,1016.0000,0.4122,0.6320,1.0000,8.6520,17599.1000
abo_baseline_b,18,SOFA,TWIN_SOFA,1.6822,16.2868,2.9378,-14.6046,1.8000,1.8308,900,1000,2000,930.0000,1020.0000,1930.0000,0.4029,0.4429,1.0000,9.9470,18043.2000
abo_baseline_b,19,SOFA,L_SHAPED_SOFA,270.3534,13.1373,61.6715,257.2161,5.1840,1.3997,900,1800,3200,899.9220,960.1200,1620.0120,0.5622,0.7412,1.0000,14.0970,18735.5000
abo_baseline_b,20,SOFA,L_SHAPED_SOFA,358.7500,4.0321,75.4559,354.7179,5.1840,1.1300,900,1800,3200,878.8400,899.1600,1430.0200,0.6173,0.6767,1.0000,14.4620,18836.6000
abo_baseline_b,21,SOFA,L_SHAPED_SOFA,182.8366,39.9126,43.4361,142.9240,5.1840,1.8329,900,1800,3200,787.4000,1041.4000,2235.2000,0.2639,0.7209,1.0000,11.1680,18247.9000
abo_baseline_b,22,CHAIR_STOOL,STANDARD_CHAIR,30.8948,25.4585,32.6315,5.4363,0.4320,0.6251,600,600,1200,838.2000,863.6000,863.6000,0.7324,0.7362,1.0000,18.8730,19197.9000
abo_baseline_b,23,CHAIR_STOOL,STANDARD_CHAIR,3.8107,1.6418,7.9475,2.1689,0.4320,0.4161,600,600,1200,619.7600,640.0800,1049.0200,0.5755,0.6060,1.0000,9.7220,17904.4000
abo_baseline_b,24,DRAWER,,42.9739,17.7105,22.7397,25.2634,0.7000,0.4896,500,1000,1400,400.0000,765.0000,1600.0000,0.3173,0.5187,1.0000,11.8470,18442.7000
abo_baseline_b,25,SOFA,TWIN_SOFA,9.7380,12.6313,3.1598,-2.8933,1.8000,1.6403,900,1000,2000,890.0000,950.0000,1940.0000,0.3768,0.5260,1.0000,9.2080,17831.8000
abo_baseline_b,26,SOFA,TWIN_SOFA,108.6282,21.0838,29.4988,87.5444,1.8000,0.8628,900,1000,2000,635.0000,685.8000,1981.2000,0.3837,0.4239,1.0000,10.2420,18046.0000
abo_baseline_b,27,CHAIR_STOOL,STANDARD_CHAIR,44.0708,21.1293,12.9516,22.9414,0.4320,0.2999,600,600,1200,535.9400,535.9400,1043.9400,0.5063,0.7232,1.0000,8.4810,17613.3000
abo_baseline_b,28,DISPLAY_SHELF,,128.2429,3.4154,34.0832,124.8275,0.8640,0.3785,400,1200,1800,349.3008,699.4906,1549.2984,0.2287,0.4271,1.0000,9.8780,17932.6000
abo_baseline_b,29,CHAIR_STOOL,STANDARD_CHAIR,45.2946,14.1742,15.0981,31.1204,0.4320,0.2973,600,600,1200,533.4000,609.6000,914.4000,0.4693,0.6080,1.0000,9.6490,17950.3000
abo_baseline_b,30,SOFA,TWIN_SOFA,6.9949,9.7219,4.7007,-2.7270,1.8000,1.9354,900,1000,2000,939.8000,965.2000,2133.6000,0.4601,0.5202,1.0000,11.1200,18242.9000
abo_baseline_b,31,SOFA,TWIN_SOFA,16.0148,2.8500,6.1575,13.1648,1.8000,1.5515,900,1000,2000,840.7400,909.3200,2029.4600,0.4020,0.4603,1.0000,10.2660,18018.5000
abo_baseline_b,32,SOFA,L_SHAPED_SOFA,183.8314,15.3480,47.1193,168.4834,5.1840,1.8264,900,1800,3200,914.4000,1092.2000,1828.8000,0.5440,0.7280,1.0000,15.2080,18853.6000
abo_baseline_b,33,BED,BUNK_BED,1.1769,7.7605,5.3357,-6.5836,1.7723,1.7934,492.3000,1800,2000,457.2000,1930.4000,2032.0000,0.2462,0.8919,1.0000,8.8700,17579.0000
abo_baseline_b,34,DESK,DESK_NO_DRAWER,35.8104,7.8784,11.3946,27.9321,0.8064,0.5938,720,800,1400,558.8000,774.7000,1371.6000,0.4349,0.6157,1.0000,9.7150,17912.9000
abo_baseline_b,35,CHAIR_STOOL,STANDARD_CHAIR,48.8712,9.8646,19.6576,39.0066,0.4320,0.8449,600,600,1200,670.5600,850.9000,1480.8200,0.5258,0.5538,1.0000,10.9370,18257.4000
abo_baseline_b,36,CHAIR_STOOL,STANDARD_CHAIR,48.0700,25.9659,25.2254,22.1041,0.4320,0.8319,600,600,1200,810.2600,960.1200,1069.3400,0.6054,0.6121,1.0000,17.5010,19128.1000
abo_baseline_b,37,DESK,DESK_NO_DRAWER,37.7990,9.8103,12.0574,27.9887,0.8064,0.5852,720,800,1400,550.0000,760.0000,1400.0000,0.3794,0.6308,1.0000,9.8640,18058.6000
abo_baseline_b,38,BED,BUNK_BED,90.1165,56.9228,38.4909,33.1937,2.6519,1.3949,736.6000,1800,2000,355.6000,1930.4000,2032.0000,0.3683,0.9821,1.0000,11.6510,18295.8000
abo_baseline_b,39,CHAIR_STOOL,STANDARD_CHAIR,4.5123,16.4769,24.3778,-11.9646,0.4320,0.4524,600,600,1200,711.2000,736.6000,863.6000,0.6534,0.7480,1.0000,17.7370,19151.7000
abo_baseline_b,40,SOFA,TWIN_SOFA,11.7643,4.2938,3.8282,7.4705,1.8000,1.6105,900,1000,2000,830.0000,990.0000,1960.0000,0.4495,0.5174,1.0000,11.0070,18251.2000
abo_baseline_b,41,SOFA,L_SHAPED_SOFA,182.8366,32.3555,43.4361,150.4811,5.1840,1.8329,900,1800,3200,787.4000,1041.4000,2235.2000,0.2833,0.6762,1.0000,10.8050,18142.4000
abo_baseline_b,42,SOFA,L_SHAPED_SOFA,244.4546,5.1688,56.9773,239.2858,5.1840,1.5050,900,1800,3200,889.0000,1041.4000,1625.6000,0.5006,0.6526,1.0000,14.2740,18773.2000
abo_baseline_b,43,BED,KING_SIZE_BED,33.0221,5.7650,12.3184,27.2571,3.6938,5.5149,1154.3000,1600,2000,1270.0000,2006.6000,2164.0800,0.5772,0.8357,1.0000,12.9960,18490.8000
abo_baseline_b,44,BED,DOUBLE_BED,38.9835,2.2985,15.1769,36.6850,3.3999,5.5721,1214.3000,1400,2000,1422.4000,1676.4000,2336.8000,0.6071,0.6863,1.0000,13.0300,18543.6000
abo_baseline_b,45,CHAIR_STOOL,STANDARD_CHAIR,28.7534,6.9649,13.0455,21.7884,0.4320,0.3355,600,600,1200,533.4000,635.0000,990.6000,0.4796,0.6218,1.0000,9.8090,17979.9000
abo_baseline_b,46,CHAIR_STOOL,STANDARD_CHAIR,25.8592,30.9935,25.0955,-5.1344,0.4320,0.5827,600,600,1200,787.4000,787.4000,939.8000,0.4877,0.6686,1.0000,11.5460,18274.2000
abo_baseline_b,47,SOFA,L_SHAPED_SOFA,196.0499,10.9751,52.1645,185.0748,5.1840,1.7511,900,1800,3200,939.8000,965.2000,1930.4000,0.5153,0.5806,1.0000,13.3390,18594.0000
abo_baseline_b,48,SOFA,L_SHAPED_SOFA,79.8140,12.2644,23.9012,67.5496,5.1840,2.8830,900,1800,3200,899.1600,1579.8800,2029.4600,0.3874,0.6854,1.0000,11.4890,18299.1000
abo_baseline_b,49,SOFA,L_SHAPED_SOFA,182.8366,34.3648,43.4361,148.4718,5.1840,1.8329,900,1800,3200,787.4000,1041.4000,2235.2000,0.2767,0.6862,1.0000,10.7230,18153.2000
abo_baseline_b,50,SOFA,L_SHAPED_SOFA,310.8190,11.3134,64.5788,299.5056,5.1840,1.2619,900,1800,3200,787.4000,914.4000,1752.6000,0.4933,0.5887,1.0000,11.9250,18412.3000
abo_baseline_b,51,CHAIR_STOOL,STANDARD_CHAIR,14.7955,16.4822,27.3018,-1.6866,0.4320,0.5070,600,600,1200,711.2000,825.5000,863.6000,0.7169,0.7645,1.0000,21.0980,19512.4000
abo_baseline_b,52,DESK,DESK_NO_DRAWER,147.2243,13.2270,35.6236,133.9973,0.8064,0.3262,720,800,1400,498.6020,660.4000,990.6000,0.3927,0.6369,1.0000,8.6920,17620.1000
abo_baseline_b,53,CHAIR_STOOL,STANDARD_CHAIR,53.4466,15.9126,25.0739,37.5340,0.4320,0.9280,600,600,1200,838.2000,990.6000,1117.6000,0.6190,0.7590,1.0000,18.0750,19320.9000
abo_baseline_b,54,DRAWER,,236.5385,6.6663,51.2821,229.8722,0.7000,0.2080,500,1000,1400,400.0000,650.0000,800.0000,0.5398,0.7688,1.0000,18.7150,19259.7000
abo_baseline_b,55,CHAIR_STOOL,STANDARD_CHAIR,51.0188,6.7019,29.5415,44.3169,0.4320,0.8820,600,600,1200,919.9880,940.0540,1019.8100,0.8205,0.8816,1.0000,9.4240,17842.4000
abo_baseline_b,56,SOFA,L_SHAPED_SOFA,326.2174,13.1205,69.7592,313.0969,5.1840,1.2163,900,1800,3200,863.6000,939.8000,1498.6000,0.4726,0.5754,1.0000,12.0610,18434.5000
abo_baseline_b,57,CHAIR_STOOL,STANDARD_CHAIR,1.0920,13.7065,31.0914,-12.6145,0.4320,0.4273,600,600,1200,723.9000,762.0000,774.7000,0.8043,0.8510,1.0000,18.7460,19302.9000
abo_baseline_b,58,SOFA,TWIN_SOFA,46.1174,16.2518,13.5784,29.8657,1.8000,1.2319,900,1000,2000,820.0000,830.0000,1810.0000,0.3605,0.5140,1.0000,9.3940,17895.2000
abo_baseline_b,59,DISPLAY_SHELF,,22.8089,43.6191,7.8460,-20.8102,0.8640,1.1193,400,1200,1800,500.0000,1230.0000,1820.0000,0.2109,0.2432,1.0000,8.8570,17703.2000
abo_baseline_b,60,CHAIR_STOOL,STANDARD_CHAIR,90.5287,5.8421,24.6596,84.6866,0.4320,0.2267,600,600,1200,485.0000,550.0000,850.0000,0.5205,0.6283,1.0000,9.6090,17918.0000
abo_baseline_b,61,CHAIR_STOOL,STANDARD_CHAIR,30.7712,13.9324,14.8534,16.8388,0.4320,0.3303,600,600,1200,579.8820,640.0800,890.0160,0.5337,0.6489,1.0000,10.4880,18142.6000
abo_baseline_b,62,CHAIR_STOOL,STANDARD_CHAIR,34.2941,14.0980,30.2306,20.1961,0.4320,0.6575,600,600,1200,850.0000,850.0000,910.0000,0.7783,0.8265,1.0000,9.5160,17871.8000
abo_baseline_b,63,CHAIR_STOOL,STANDARD_CHAIR,49.5016,19.3910,30.6787,30.1106,0.4320,0.8555,600,600,1200,899.9220,960.1200,990.0920,0.6559,0.8636,1.0000,22.6120,19614.4000
abo_baseline_b,64,SOFA,SINGLE_SOFA,27.4602,4.8882,16.1630,22.5719,0.9000,1.2407,900,1000,1000,812.8000,1155.7000,1320.8000,0.6008,0.9398,1.0000,13.4030,18621.5000
abo_baseline_b,65,SOFA,TWIN_SOFA,15.6385,8.8850,11.5913,6.7535,1.8000,1.5566,900,1000,2000,769.6200,919.4800,2199.6400,0.3874,0.4475,1.0000,10.6490,18149.4000
abo_baseline_b,66,DESK,L_SHAPED_DESK,152.4491,11.7614,36.5820,140.6877,1.3824,0.5476,720,1200,1600,563.8800,789.9400,1229.3600,0.5131,0.7175,1.0000,9.1510,17750.5000
abo_baseline_b,67,CHAIR_STOOL,STANDARD_CHAIR,82.3545,21.7246,23.0455,60.6298,0.4320,0.2369,600,600,1200,520.7000,546.1000,833.1200,0.4987,0.5031,1.0000,8.5610,17590.3000
abo_baseline_b,68,CHAIR_STOOL,STANDARD_CHAIR,9.6577,12.4036,17.6258,-2.7460,0.4320,0.3940,600,600,1200,629.9200,698.5000,895.3500,0.5991,0.7025,1.0000,13.3010,18626.3000
abo_baseline_b,69,CHAIR_STOOL,STANDARD_CHAIR,104.0274,7.7433,27.5384,96.2841,0.4320,0.2117,600,600,1200,435.0000,550.0000,885.0000,0.4508,0.5768,1.0000,9.0570,17876.4000
abo_baseline_b,70,BED,DOUBLE_BED,51.6918,11.3394,20.9265,40.3524,3.4259,7.0918,1223.5000,1400,2000,1422.4000,2133.6000,2336.8000,0.6118,0.7106,1.0000,13.3300,18625.6000
abo_baseline_b,71,CHAIR_STOOL,STANDARD_CHAIR,41.9540,28.2872,27.9667,13.6668,0.4320,0.7442,600,600,1200,854.7100,884.6820,984.2500,0.6089,0.6589,1.0000,13.2210,18603.1000
abo_baseline_b,72,DESK,DESK_DOUBLE_PEDESTAL,145.7600,63.6609,36.8889,82.0991,0.9216,0.3750,720,800,1600,500.0000,750.0000,1000.0000,0.1434,0.3299,1.0000,9.0270,17712.5000
abo_baseline_b,73,CHAIR_STOOL,STANDARD_CHAIR,31.8593,13.6629,23.7066,18.1965,0.4320,0.6340,600,600,1200,787.4000,812.8000,990.6000,0.6452,0.7508,1.0000,21.0560,19516.5000
abo_baseline_b,74,CHAIR_STOOL,STANDARD_CHAIR,63.7407,8.6108,18.5993,55.1299,0.4320,0.2638,600,600,1200,508.0000,584.2000,889.0000,0.5117,0.7017,1.0000,9.7820,17993.7000
abo_baseline_b,75,CHAIR_STOOL,STANDARD_CHAIR,5.6474,8.4627,7.6906,-2.8153,0.4320,0.4579,600,600,1200,640.0800,650.2400,1100.0740,0.5199,0.5540,1.0000,8.9930,17717.2000
abo_baseline_b,76,BED,DOUBLE_BED,38.4805,0.7105,14.9426,37.7701,3.4279,5.5721,1224.3000,1400,2000,1422.4000,1676.4000,2336.8000,0.6121,0.7112,1.0000,12.7920,18509.3000
abo_baseline_b,77,SOFA,L_SHAPED_SOFA,111.2135,16.7629,34.0779,94.4506,5.1840,2.4544,900,1800,3200,939.8000,1117.6000,2336.8000,0.4549,0.5758,1.0000,10.8020,18186.9000
abo_baseline_b,78,DISPLAY_SHELF,,20.0248,10.8579,17.6909,9.1669,0.8640,0.7199,400,1200,1800,431.8000,863.6000,1930.4000,0.2704,0.4511,1.0000,10.0560,18036.1000
abo_baseline_b,79,SOFA,L_SHAPED_SOFA,145.1590,42.9771,42.8928,102.1819,5.1840,2.1145,900,1800,3200,939.8000,952.5000,2362.2000,0.3579,0.7093,1.0000,13.3470,18611.6000
abo_baseline_b,80,SOFA,TWIN_SOFA,679.3789,38.8877,103.1060,640.4912,1.8000,0.2310,900,1000,2000,495.3000,622.3000,749.3000,0.4326,0.4716,1.0000,10.0260,18055.6000
abo_baseline_b,81,SOFA,L_SHAPED_SOFA,358.7500,6.8032,75.4559,351.9468,5.1840,1.1300,900,1800,3200,878.8400,899.1600,1430.0200,0.6416,0.6867,1.0000,14.1600,18752.8000
abo_baseline_b,82,CABINET,,97.5320,183.4737,59.2594,-85.9417,0.6720,0.3402,700,800,1200,419.9992,449.9991,1799.9964,0.5494,0.8288,1.0000,12.2820,18366.0000
abo_baseline_b,83,DESK,DESK_NO_DRAWER,46.8824,12.1088,14.1735,34.7736,0.8064,0.5490,720,800,1400,565.0000,790.0000,1230.0000,0.3536,0.6346,1.0000,8.6090,17675.1000
abo_baseline_b,84,CHAIR_STOOL,STANDARD_CHAIR,36.2996,4.5975,15.8108,31.7021,0.4320,0.3169,600,600,1200,500.1260,640.0800,990.0920,0.4671,0.6358,1.0000,9.8630,17965.0000
abo_baseline_b,85,DESK,L_SHAPED_DESK,175.5981,11.7286,40.7124,163.8695,1.3824,0.5016,720,1200,1600,550.0000,760.0000,1200.0000,0.4577,0.7811,1.0000,11.3940,18352.6000
abo_baseline_b,86,CHAIR_STOOL,STANDARD_CHAIR,115.6572,17.8698,29.6549,97.7874,0.4320,0.2003,600,600,1200,452.1200,520.7000,850.9000,0.4354,0.5037,1.0000,8.7880,17606.6000
abo_baseline_b,87,CHAIR_STOOL,STANDARD_CHAIR,51.6011,4.2725,27.7858,47.3286,0.4320,0.8926,600,600,1200,889.0000,952.5000,1054.1000,0.8280,0.9643,1.0000,9.2530,17806.0000
abo_baseline_b,88,CHAIR_STOOL,STANDARD_CHAIR,35.8599,25.8866,16.1074,9.9733,0.4320,0.3180,600,600,1200,609.6000,622.3000,838.2000,0.5121,0.5777,1.0000,9.8870,17970.2000
abo_baseline_b,89,CHAIR_STOOL,STANDARD_CHAIR,107.7633,7.5772,28.0733,100.1861,0.4320,0.2079,600,600,1200,449.5800,530.8600,871.2200,0.5563,0.6541,1.0000,8.7560,17611.5000
abo_baseline_b,90,CHAIR_STOOL,STANDARD_CHAIR,30.1292,13.9890,19.1466,16.1403,0.4320,0.6183,600,600,1200,701.0400,840.7400,1049.0200,0.5952,0.6649,1.0000,17.4090,19182.7000
abo_baseline_b,91,SOFA,L_SHAPED_SOFA,368.2227,6.1000,76.1608,362.1227,5.1840,1.1072,900,1800,3200,861.0600,899.1600,1430.0200,0.5869,0.6896,1.0000,13.6840,18688.4000
abo_baseline_b,93,SOFA,TWIN_SOFA,4.3366,6.1251,6.9702,-1.7886,1.8000,1.8816,900,1000,2000,909.3200,919.4800,2250.4400,0.4050,0.4577,1.0000,10.5580,18075.0000
abo_baseline_b,94,CHAIR_STOOL,STANDARD_CHAIR,17.0319,9.3680,8.7038,7.6640,0.4320,0.5207,600,600,1200,666.7500,679.4500,1149.3500,0.5064,0.5556,1.0000,9.3350,17841.2000
abo_baseline_b,95,CHAIR_STOOL,STANDARD_CHAIR,15.2050,8.8899,10.9874,6.3151,0.4320,0.3750,600,600,1200,620.0140,629.9200,960.1200,0.5585,0.6280,1.0000,10.0380,18016.3000
abo_baseline_b,96,CHAIR_STOOL,STANDARD_CHAIR,54.2036,19.0433,29.6811,35.1602,0.4320,0.9433,600,600,1200,914.4000,990.6000,1041.4000,0.7237,0.7561,1.0000,18.4610,19282.6000
abo_baseline_b,97,DESK,DESK_DOUBLE_PEDESTAL,32.2669,7.8913,9.9913,24.3756,0.9216,0.6968,720,800,1600,600.0000,762.0000,1524.0000,0.4387,0.5217,1.0000,9.2210,17873.5000
abo_baseline_b,98,SOFA,L_SHAPED_SOFA,2144.1559,46.9520,183.2900,2097.2038,5.1840,0.2310,900,1800,3200,330.0000,700.0000,1000.0000,0.6294,0.6777,1.0000,17.4980,19201.7000
abo_baseline_b,99,CHAIR_STOOL,STANDARD_CHAIR,34.3046,27.8626,26.3086,6.4420,0.4320,0.6576,600,600,1200,812.8000,838.2000,965.2000,0.6059,0.6280,1.0000,15.4070,18932.0000
abo_baseline_b,100,CHAIR_STOOL,STANDARD_CHAIR,29.1307,29.0023,32.4817,0.1285,0.4320,0.3345,600,600,1200,680.7200,701.0400,701.0400,0.6498,0.7507,1.0000,9.4350,17837.7000
abo_baseline_b,101,CHAIR_STOOL,STANDARD_CHAIR,16.4521,14.5184,24.2889,1.9337,0.4320,0.3710,600,600,1200,580.0000,780.0000,820.0000,0.5513,0.8849,1.0000,16.0560,18976.0000
abo_baseline_b,102,SOFA,L_SHAPED_SOFA,216.0455,13.7469,51.8486,202.2986,5.1840,1.6403,900,1800,3200,890.0000,950.0000,1940.0000,0.3910,0.5520,1.0000,9.4380,17884.0000
abo_baseline_b,103,CHAIR_STOOL,STANDARD_CHAIR,55.3775,11.9267,22.3279,43.4508,0.4320,0.9681,600,600,1200,770.0000,990.0000,1270.0000,0.7340,0.7577,1.0000,17.1640,19144.8000
abo_baseline_b,104,CABINET,,35.5112,24.5272,37.5210,10.9840,0.6720,0.4959,700,800,1200,380.0000,900.0000,1450.0000,0.3540,0.7074,1.0000,15.2590,18931.1000
abo_baseline_b,105,SOFA,TWIN_SOFA,0.0648,13.6537,11.0514,-13.5889,1.8000,1.7988,900,1000,2000,769.8740,990.0920,2359.9140,0.3977,0.4422,1.0000,10.2840,18137.2000
abo_baseline_b,106,CHAIR_STOOL,STANDARD_CHAIR,50.9922,26.4874,27.9320,24.5048,0.4320,0.8815,600,600,1200,812.8000,1041.4000,1041.4000,0.5585,0.7547,1.0000,15.5840,18989.7000
abo_baseline_b,107,CHAIR_STOOL,STANDARD_CHAIR,49.4113,11.1688,27.1382,38.2425,0.4320,0.8539,600,600,1200,787.4000,1041.4000,1041.4000,0.8756,0.9347,1.0000,9.4700,17883.0000
abo_baseline_b,108,SOFA,L_SHAPED_SOFA,240.0483,21.3936,52.9013,218.6548,5.1840,1.5245,900,1800,3200,769.8740,990.0920,1999.9960,0.5034,0.5546,1.0000,11.2140,18301.2000
abo_baseline_b,109,DRAWER,,934.2790,1.6630,128.9204,932.6160,0.7000,0.0677,500,1000,1400,360.0000,400.0000,470.0000,0.7892,0.8536,1.0000,9.2550,17962.1000
abo_baseline_b,111,SOFA,L_SHAPED_SOFA,267.6561,4.3161,60.1398,263.3399,5.1840,1.4100,900,1800,3200,861.0600,899.1600,1821.1800,0.4756,0.5334,1.0000,11.8270,18442.7000
abo_baseline_b,112,SOFA,TWIN_SOFA,18.0638,10.7104,5.9644,7.3534,1.8000,1.5246,900,1000,2000,770.0000,990.0000,2000.0000,0.4645,0.4988,1.0000,10.4730,18127.7000
abo_baseline_b,113,SOFA,TWIN_SOFA,4.5653,15.2305,11.0756,-10.6652,1.8000,1.7214,900,1000,2000,810.0000,920.0000,2310.0000,0.4052,0.4577,1.0000,10.3030,18090.5000
abo_baseline_b,114,SOFA,L_SHAPED_SOFA,256.6323,32.9006,55.5203,223.7317,5.1840,1.4536,900,1800,3200,711.2000,914.4000,2235.2000,0.3193,0.6769,1.0000,10.4290,18090.7000
abo_baseline_b,115,CHAIR_STOOL,STANDARD_CHAIR,49.8859,24.9431,29.5314,24.9427,0.4320,0.8620,600,600,1200,878.8400,970.2800,1010.9200,0.6692,0.7019,1.0000,20.7280,19490.8000
abo_baseline_b,116,SOFA,TWIN_SOFA,15.0895,5.7795,4.8593,9.3101,1.8000,1.5640,900,1000,2000,850.0000,920.0000,2000.0000,0.4395,0.4975,1.0000,11.1830,18271.1000
abo_baseline_b,117,SOFA,TWIN_SOFA,9.7561,5.0050,3.2520,4.7511,1.8000,1.6400,900,1000,2000,820.0000,1000.0000,2000.0000,0.4337,0.5211,1.0000,10.4510,18120.0000
abo_baseline_b,118,CHAIR_STOOL,STANDARD_CHAIR,67.4565,12.9530,20.5764,54.5035,0.4320,0.2580,600,600,1200,550.0000,590.0000,795.0000,0.5762,0.6739,1.0000,9.5690,17963.8000
abo_baseline_b,119,CHAIR_STOOL,STANDARD_CHAIR,21.5409,26.6865,27.4747,-5.1456,0.4320,0.5506,600,600,1200,762.0000,812.8000,889.0000,0.6283,0.6704,1.0000,14.5600,18798.4000
abo_baseline_b,120,BED,KING_SIZE_BED,29.6930,2.9824,11.0555,26.7106,4.0994,5.8307,1281.0000,1600,2000,1470.0250,1739.9000,2279.6500,0.6405,0.8036,1.0000,16.3200,18928.0000
abo_baseline_b,121,SOFA,THREE_SEATER_SOFA,74.5079,7.7072,20.6354,66.8007,2.7000,1.5472,900,1000,3000,780.0000,870.0000,2280.0000,0.3665,0.4132,1.0000,9.2840,17882.5000
abo_baseline_b,122,SOFA,TWIN_SOFA,23.8835,12.7848,10.6190,11.0987,1.8000,1.4530,900,1000,2000,789.9400,880.1100,2089.9120,0.4493,0.4493,1.0000,10.3730,18034.7000
abo_baseline_b,123,SOFA,L_SHAPED_SOFA,256.3768,23.5758,57.5022,232.8010,5.1840,1.4546,900,1800,3200,800.0000,870.0000,2090.0000,0.4546,0.5345,1.0000,9.9260,18026.9000
abo_baseline_b,124,CHAIR_STOOL,STANDARD_CHAIR,43.6980,9.1548,20.3001,34.5431,0.4320,0.3006,600,600,1200,457.2000,660.4000,995.6800,0.4199,0.5986,1.0000,10.1470,18035.3000
abo_baseline_b,125,CHAIR_STOOL,STANDARD_CHAIR,101.0851,8.9882,28.1705,92.0969,0.4320,0.2148,600,600,1200,482.6000,584.2000,762.0000,0.5701,0.7054,1.0000,8.7400,17706.6000
abo_baseline_b,126,CHAIR_STOOL,STANDARD_CHAIR,44.0708,22.7826,12.9516,21.2882,0.4320,0.2999,600,600,1200,535.9400,535.9400,1043.9400,0.5072,0.7411,1.0000,8.5130,17624.0000
abo_baseline_b,127,CHAIR_STOOL,STANDARD_CHAIR,277.7118,238.8237,101.1512,38.8881,0.4320,0.1144,600,600,1200,157.4800,538.4800,1348.7400,0.6044,0.6387,1.0000,13.1360,18559.4000
abo_baseline_b,129,SOFA,L_SHAPED_SOFA,181.4376,21.8485,45.1714,159.5891,5.1840,1.8420,900,1800,3200,863.6000,965.2000,2209.8000,0.4629,0.5470,1.0000,11.9580,18471.4000
abo_baseline_b,130,SOFA,L_SHAPED_SOFA,60.3455,4.1075,19.0507,56.2379,5.1840,3.2330,900,1800,3200,909.3200,1579.8800,2250.4400,0.3861,0.6756,1.0000,11.5170,18252.6000
abo_baseline_b,131,CABINET,,31.8414,4.4073,22.3972,27.4341,0.6720,0.5097,700,800,1200,457.2000,812.8000,1371.6000,0.3546,0.5782,1.0000,11.1460,18230.8000
abo_baseline_b,132,CHAIR_STOOL,STANDARD_CHAIR,32.0023,11.1730,19.9076,20.8293,0.4320,0.3273,600,600,1200,510.0000,690.0000,930.0000,0.5024,0.6383,1.0000,9.6270,17920.3000
abo_baseline_b,133,CHAIR_STOOL,STANDARD_CHAIR,47.0423,17.5068,28.8411,29.5355,0.4320,0.8157,600,600,1200,901.7000,901.7000,1003.3000,0.7264,0.7563,1.0000,17.0540,19129.0000
abo_baseline_b,134,CHAIR_STOOL,STANDARD_CHAIR,25.3362,0.8865,9.6776,24.4496,0.4320,0.5786,600,600,1200,673.1000,723.9000,1187.4500,0.5609,0.6053,1.0000,10.0850,18018.9000
abo_baseline_b,135,CHAIR_STOOL,STANDARD_CHAIR,42.6951,26.7558,28.2092,15.9394,0.4320,0.7539,600,600,1200,831.8500,920.7500,984.2500,0.6224,0.6815,1.0000,16.4470,18988.6000
abo_baseline_b,136,DRAWER,,171.3557,3.8593,40.9525,167.4964,0.7000,0.2580,500,1000,1400,420.0000,740.0000,830.0000,0.4953,0.8417,1.0000,20.3260,19370.4000
abo_baseline_b,137,CHAIR_STOOL,STANDARD_CHAIR,48.1788,15.9207,24.7680,32.2581,0.4320,0.8336,600,600,1200,830.0720,929.8940,1080.0080,0.6786,0.6877,1.0000,17.9660,19160.1000
abo_baseline_b,138,CHAIR_STOOL,STANDARD_CHAIR,38.3092,14.0848,28.1198,24.2245,0.4320,0.7003,600,600,1200,820.4200,889.0000,960.1200,0.6775,0.9949,1.0000,9.5710,17867.7000
abo_baseline_b,139,DRAWER,,9.3615,21.5304,10.9824,-12.1688,0.7000,0.6401,500,1000,1400,457.2000,889.0000,1574.8000,0.3885,0.6168,1.0000,11.2280,18306.8000
abo_baseline_b,140,CHAIR_STOOL,STANDARD_CHAIR,63.3328,24.9385,30.0916,38.3942,0.4320,1.1782,600,600,1200,965.2000,1092.2000,1117.6000,0.6794,0.6984,1.0000,18.0980,19253.1000
abo_baseline_b,141,BED,KING_SIZE_BED,11.8200,8.3356,5.7289,3.4844,3.9981,3.5755,1249.4000,1600,2000,1282.7000,1416.0500,1968.5000,0.6247,0.8096,1.0000,8.7650,17792.9000
abo_baseline_b,142,DISPLAY_SHELF,,323.4688,29.8293,73.3463,293.6396,0.8640,0.2040,400,1200,1800,349.4024,449.3768,1299.4386,0.3605,0.4343,1.0000,9.9370,18006.5000
abo_baseline_b,143,CHAIR_STOOL,STANDARD_CHAIR,85.6951,6.9434,24.7436,78.7517,0.4320,0.2326,600,600,1200,505.4600,590.0420,780.0340,0.6451,0.6548,1.0000,9.4010,17853.6000
abo_baseline_b,144,SOFA,L_SHAPED_SOFA,256.6323,32.1914,55.5203,224.4409,5.1840,1.4536,900,1800,3200,711.2000,914.4000,2235.2000,0.3143,0.6675,1.0000,10.5850,18117.6000
abo_baseline_b,145,CHAIR_STOOL,STANDARD_CHAIR,47.8388,4.2841,31.5572,43.5547,0.4320,0.8282,600,600,1200,889.0000,965.2000,965.2000,0.8644,0.9759,1.0000,20.0210,19318.5000
abo_baseline_b,146,CHAIR_STOOL,STANDARD_CHAIR,71.6815,57.7137,34.2789,13.9678,0.4320,1.5255,600,600,1200,863.6000,939.8000,1879.6000,0.6893,0.8271,1.0000,15.7910,18982.4000
abo_baseline_b,147,CHAIR_STOOL,STANDARD_CHAIR,48.2358,7.1610,15.6800,41.0748,0.4320,0.2914,600,600,1200,482.6000,609.6000,990.6000,0.4706,0.6825,1.0000,9.9760,18023.3000
abo_baseline_b,148,SOFA,L_SHAPED_SOFA,129.6164,22.2601,35.9784,107.3563,5.1840,2.2577,900,1800,3200,914.4000,1092.2000,2260.6000,0.5365,0.5406,1.0000,10.8310,18235.9000
abo_baseline_b,149,CHAIR_STOOL,STANDARD_CHAIR,21.5409,26.6863,27.4747,-5.1454,0.4320,0.5506,600,600,1200,762.0000,812.8000,889.0000,0.6275,0.6713,1.0000,14.2040,18785.4000
abo_baseline_b,150,CHAIR_STOOL,STANDARD_CHAIR,43.7196,7.2917,21.4399,36.4279,0.4320,0.3006,600,600,1200,622.3000,628.6500,768.3500,0.7057,0.8042,1.0000,12.9200,18599.6000
abo_baseline_b,151,CHAIR_STOOL,STANDARD_CHAIR,57.9662,14.6415,19.1109,43.3247,0.4320,0.2735,600,600,1200,540.0040,610.1080,830.0720,0.5190,0.6685,1.0000,10.7000,18132.1000
abo_baseline_b,152,CHAIR_STOOL,STANDARD_CHAIR,67.7123,18.5194,30.2171,49.1929,0.4320,1.3380,600,600,1200,914.4000,1066.8000,1371.6000,0.7858,0.9268,1.0000,9.0550,17850.0000
abo_baseline_b,153,CHAIR_STOOL,STANDARD_CHAIR,21.4889,14.7980,16.2021,6.6909,0.4320,0.5502,600,600,1200,700.0240,749.3000,1049.0200,0.5617,0.6159,1.0000,9.3050,17807.3000
abo_baseline_b,154,CHAIR_STOOL,STANDARD_CHAIR,27.1478,19.4425,24.0031,7.7053,0.4320,0.3398,600,600,1200,640.0800,680.7200,779.7800,0.6730,0.6908,1.0000,11.1650,18277.4000
abo_baseline_b,155,SOFA,L_SHAPED_SOFA,182.8366,34.7031,43.4361,148.1335,5.1840,1.8329,900,1800,3200,787.4000,1041.4000,2235.2000,0.2799,0.6936,1.0000,10.9300,18208.8000
abo_baseline_b,156,BED,QUEEN_SIZE_BED,36.1872,15.7700,11.6240,20.4172,1.1958,0.8780,398.6000,1500,2000,305.0000,1451.0000,1984.0000,0.1993,0.7453,1.0000,8.4880,17640.8000
abo_baseline_b,157,SOFA,L_SHAPED_SOFA,210.4547,21.2200,50.4270,189.2347,5.1840,1.6698,900,1800,3200,863.6000,939.8000,2057.4000,0.4988,0.5646,1.0000,11.1820,18243.1000
abo_baseline_b,158,DESK,DESK_NO_DRAWER,16.0000,21.6579,5.5000,-5.6579,0.8064,0.9600,720,800,1400,750.0000,800.0000,1600.0000,0.5765,0.6017,1.0000,9.5760,17988.2000
abo_baseline_b,159,CHAIR_STOOL,STANDARD_CHAIR,105.7703,20.4462,28.8274,85.3240,0.4320,0.2099,600,600,1200,495.3000,556.2600,762.0000,0.6916,0.9818,1.0000,9.8470,18009.1000
abo_baseline_b,160,CABINET,,33.4851,12.5346,23.3236,20.9505,0.6720,0.5034,700,800,1200,449.5800,800.1000,1399.5400,0.3945,0.5846,1.0000,11.3520,18306.6000
abo_baseline_b,161,CHAIR_STOOL,STANDARD_CHAIR,109.2215,13.8110,29.1534,95.4106,0.4320,0.2065,600,600,1200,469.9000,556.2600,789.9400,0.4856,0.6390,1.0000,9.1700,17795.4000
abo_baseline_b,162,SOFA,L_SHAPED_SOFA,318.4485,13.8944,63.7920,304.5541,5.1840,1.2389,900,1800,3200,711.2000,914.4000,1905.0000,0.3124,0.5350,1.0000,9.5520,17866.9000
abo_baseline_b,163,SOFA,TWIN_SOFA,5.8827,12.0504,1.9306,-6.1677,1.8000,1.7000,900,1000,2000,889.0000,965.2000,1981.2000,0.5205,0.5266,1.0000,12.3280,18454.9000
abo_baseline_b,164,CABINET,,607.0503,12.7185,92.4210,594.3318,0.6720,0.0950,700,800,1200,401.3200,408.9400,579.1200,0.7864,0.7906,1.0000,9.2970,17899.9000
abo_baseline_b,165,CABINET,,34.5029,13.0929,25.3801,21.4100,0.6720,1.0260,700,800,1200,570.0000,1000.0000,1800.0000,0.3855,0.5803,1.0000,13.4770,18586.5000
abo_baseline_b,166,CHAIR_STOOL,STANDARD_CHAIR,58.6750,13.2442,18.5985,45.4308,0.4320,0.2723,600,600,1200,495.3000,609.6000,901.7000,0.4465,0.6235,1.0000,9.7350,17996.2000
abo_baseline_b,167,BED,DOUBLE_BED,39.3153,1.5296,15.3316,37.7857,3.3814,5.5721,1207.7000,1400,2000,1422.4000,1676.4000,2336.8000,0.6038,0.7012,1.0000,14.5390,18735.5000
abo_baseline_b,168,DISPLAY_SHELF,,1588.7791,8.0713,181.6672,1580.7078,0.8640,0.0512,400,1200,1800,290.0000,297.0000,594.0000,0.5147,0.5536,1.0000,11.0210,18400.0000
abo_baseline_b,169,CHAIR_STOOL,STANDARD_CHAIR,49.1795,7.4621,15.9336,41.7174,0.4320,0.2896,600,600,1200,488.9500,609.6000,971.5500,0.5703,0.6375,1.0000,8.8850,17735.7000
abo_baseline_b,170,CHAIR_STOOL,STANDARD_CHAIR,48.1441,12.5021,26.2860,35.6419,0.4320,0.8331,600,600,1200,889.0000,889.0000,1054.1000,0.7478,0.9587,1.0000,9.4150,17838.6000
abo_baseline_b,171,CABINET,,137.1278,4.8057,34.4250,132.3221,0.6720,0.2834,700,800,1200,449.5800,701.0400,899.1600,0.5076,0.8427,1.0000,14.3110,18664.5000
abo_baseline_b,172,CHAIR_STOOL,STANDARD_CHAIR,58.6319,22.6678,29.0458,35.9641,0.4320,1.0443,600,600,1200,965.2000,990.6000,1092.2000,0.6750,0.7101,1.0000,23.0820,19687.8000
abo_baseline_b,173,DESK,DESK_DOUBLE_PEDESTAL,12.6592,1.6535,5.1955,11.0057,0.9216,0.8180,720,800,1600,660.4000,762.0000,1625.6000,0.3980,0.4748,1.0000,11.8700,18371.5000
abo_baseline_b,174,DISPLAY_SHELF,,135.3422,17.3986,34.6408,117.9436,0.8640,0.3671,400,1200,1800,250.0000,890.0000,1650.0000,0.1744,0.6456,1.0000,9.0600,17780.0000
abo_baseline_b,175,CHAIR_STOOL,STANDARD_CHAIR,32.8692,25.4020,31.3082,7.4672,0.4320,0.6435,600,600,1200,838.2000,863.6000,889.0000,0.6222,0.8083,1.0000,18.3900,19237.4000
abo_baseline_b,176,CHAIR_STOOL,STANDARD_CHAIR,14.1015,20.8043,29.4079,-6.7028,0.4320,0.5029,600,600,1200,762.0000,787.4000,838.2000,0.7009,0.7637,1.0000,16.0090,18994.8000
abo_baseline_b,177,SOFA,THREE_SEATER_SOFA,74.5079,7.6944,20.6354,66.8135,2.7000,1.5472,900,1000,3000,780.0000,870.0000,2280.0000,0.3664,0.4132,1.0000,9.2440,17882.5000
abo_baseline_b,178,SOFA,L_SHAPED_SOFA,354.9138,17.6026,70.3772,337.3113,5.1840,1.1396,900,1800,3200,762.0000,965.2000,1549.4000,0.3743,0.6934,1.0000,12.3130,18448.2000
abo_baseline_b,179,SOFA,L_SHAPED_SOFA,182.8366,14.6949,43.4361,168.1417,5.1840,1.8329,900,1800,3200,787.4000,1041.4000,2235.2000,0.3066,0.5424,1.0000,9.9560,17953.7000
abo_baseline_b,180,SOFA,TWIN_SOFA,11.2224,9.8134,6.1210,1.4090,1.8000,2.0275,900,1000,2000,939.8000,965.2000,2235.2000,0.4320,0.5047,1.0000,10.3250,18049.0000
abo_baseline_b,181,CHAIR_STOOL,STANDARD_CHAIR,16.1521,14.1154,11.1447,2.0367,0.4320,0.5152,600,600,1200,549.9100,728.9800,1285.2400,0.5033,0.5071,1.0000,9.4640,17895.0000
abo_baseline_b,182,SOFA,TWIN_SOFA,41.3151,21.1741,13.1618,20.1410,1.8000,1.2737,900,1000,2000,670.0520,960.1200,1979.9300,0.4744,0.4955,1.0000,11.0090,18214.9000
abo_baseline_b,183,CHAIR_STOOL,STANDARD_CHAIR,52.8247,10.3731,21.8989,42.4516,0.4320,0.2827,600,600,1200,584.2000,635.0000,762.0000,0.7101,0.7219,1.0000,12.4470,18492.4000
abo_baseline_b,184,CHAIR_STOOL,STANDARD_CHAIR,108.3184,4.8046,27.7788,103.5138,0.4320,0.2074,600,600,1200,450.0880,474.9800,970.0260,0.4973,0.5015,1.0000,8.5300,17598.7000
abo_baseline_b,185,BED,BUNK_BED,6.9932,11.5438,4.0741,-4.5505,3.1349,2.9300,870.8000,1800,2000,847.9983,1682.9966,2052.9959,0.4354,0.9647,1.0000,12.8070,18546.9000
abo_baseline_b,186,BED,KING_SIZE_BED,23.6180,6.6397,7.3765,16.9783,2.7795,2.2484,868.6000,1600,2000,800.0000,1445.0000,1945.0000,0.4343,0.8001,1.0000,9.2370,17840.2000
abo_baseline_b,187,CHAIR_STOOL,STANDARD_CHAIR,45.9865,5.3343,28.5721,40.6522,0.4320,0.7998,600,600,1200,860.0000,930.0000,1000.0000,0.8142,0.9797,1.0000,18.2700,19195.5000
abo_baseline_b,188,SOFA,TWIN_SOFA,15.6385,11.0292,11.5913,4.6093,1.8000,1.5566,900,1000,2000,769.6200,919.4800,2199.6400,0.3920,0.4599,1.0000,10.9850,18270.6000
abo_baseline_b,189,CABINET,,235.7730,11.9686,52.6642,223.8044,0.6720,0.2001,700,800,1200,381.0000,701.0400,749.3000,0.5908,0.8632,1.0000,16.3690,18979.5000
abo_baseline_b,190,CHAIR_STOOL,STANDARD_CHAIR,43.6980,9.3791,20.3001,34.3189,0.4320,0.3006,600,600,1200,457.2000,660.4000,995.6800,0.4339,0.5753,1.0000,9.8610,17996.8000
abo_baseline_b,191,SOFA,L_SHAPED_SOFA,238.8247,9.7151,62.8127,229.1096,5.1840,1.5300,900,1800,3200,965.2000,990.6000,1600.2000,0.6060,0.7364,1.0000,15.4280,18928.0000
abo_baseline_b,192,SOFA,L_SHAPED_SOFA,250.3053,8.0914,58.1563,242.2139,5.1840,1.4799,900,1800,3200,899.1600,929.6400,1770.3800,0.5561,0.5603,1.0000,12.1070,18461.5000
abo_baseline_b,193,CABINET,,76.3192,2.1899,31.1899,74.1293,0.6720,0.3811,700,800,1200,457.2000,899.1600,927.1000,0.4716,0.9698,1.0000,12.1450,18434.6000
abo_baseline_b,194,CHAIR_STOOL,STANDARD_CHAIR,95.0809,36.5557,25.5962,58.5252,0.4320,0.2214,600,600,1200,419.1000,533.4000,990.6000,0.6330,0.6650,1.0000,10.4040,18076.4000
abo_baseline_b,195,CHAIR_STOOL,STANDARD_CHAIR,66.5031,7.1529,19.5229,59.3503,0.4320,0.2595,600,600,1200,500.3800,596.9000,868.6800,0.5138,0.6631,1.0000,9.0790,17767.0000
abo_baseline_b,196,CHAIR_STOOL,STANDARD_CHAIR,109.5548,26.9535,34.1448,82.6013,0.4320,0.2062,600,600,1200,579.1200,579.1200,614.6800,0.6770,0.6995,1.0000,12.5330,18477.5000
abo_baseline_b,197,SOFA,TWIN_SOFA,0.0629,9.0520,4.1320,-8.9892,1.8000,1.7989,900,1000,2000,919.9880,940.0540,2080.0060,0.4462,0.5298,1.0000,11.2300,18313.0000
abo_baseline_b,198,CHAIR_STOOL,STANDARD_CHAIR,63.8991,5.8801,19.9953,58.0190,0.4320,0.2636,600,600,1200,480.0600,610.1080,899.9220,0.4796,0.6666,1.0000,10.0650,18060.9000
abo_baseline_b,199,CHAIR_STOOL,STANDARD_CHAIR,27.1697,10.2294,15.2251,16.9403,0.4320,0.3397,600,600,1200,519.9380,659.8920,990.0920,0.4697,0.6004,1.0000,9.9450,18008.0000
abo_baseline_b,200,DESK,L_SHAPED_DESK,123.9984,23.3915,31.1609,100.6069,1.3824,0.6171,720,1200,1600,604.5200,899.1600,1135.3800,0.7174,0.8874,1.0000,8.7480,17665.8000
abo_baseline_b,201,DISPLAY_SHELF,,176.0102,30.4201,40.7146,145.5901,0.8640,0.3130,400,1200,1800,319.2780,804.1640,1219.2000,0.2220,0.3588,1.0000,9.3410,17841.7000
abo_baseline_b,202,SOFA,L_SHAPED_SOFA,182.8366,40.9300,43.4361,141.9066,5.1840,1.8329,900,1800,3200,787.4000,1041.4000,2235.2000,0.2620,0.7279,1.0000,11.0670,18226.1000
abo_baseline_b,203,CHAIR_STOOL,STANDARD_CHAIR,4.9801,4.1571,9.1904,0.8230,0.4320,0.4115,600,600,1200,589.2800,670.5600,1041.4000,0.5264,0.6353,1.0000,9.9490,17962.8000
abo_baseline_b,204,SOFA,L_SHAPED_SOFA,73.8405,9.0295,22.6887,64.8110,5.1840,2.9820,900,1800,3200,889.0000,1661.1600,2019.3000,0.4194,0.7130,1.0000,12.1780,18430.4000
abo_baseline_b,205,DESK,DESK_NO_DRAWER,37.7990,5.6923,12.0574,32.1067,0.8064,0.5852,720,800,1400,550.0000,760.0000,1400.0000,0.3938,0.6034,1.0000,10.8840,18219.5000
abo_baseline_b,206,CABINET,,34.5029,12.2980,25.3801,22.2049,0.6720,1.0260,700,800,1200,570.0000,1000.0000,1800.0000,0.3808,0.5797,1.0000,13.7890,18665.9000
abo_baseline_b,207,CABINET,,217.1307,11.8579,86.7422,205.2728,0.6720,0.2119,700,800,1200,250.0000,520.0000,1630.0000,0.1338,0.2840,1.0000,9.0200,17738.9000
abo_baseline_b,208,CHAIR_STOOL,STANDARD_CHAIR,63.3328,22.6536,30.0916,40.6792,0.4320,1.1782,600,600,1200,965.2000,1092.2000,1117.6000,0.7079,0.7108,1.0000,19.3620,19336.8000
abo_baseline_b,209,SOFA,L_SHAPED_SOFA,318.4485,22.3926,63.7920,296.0559,5.1840,1.2389,900,1800,3200,711.2000,914.4000,1905.0000,0.3134,0.6179,1.0000,10.4990,18091.4000
abo_baseline_b,210,CHAIR_STOOL,STANDARD_CHAIR,55.3775,10.4441,22.3279,44.9334,0.4320,0.9681,600,600,1200,770.0000,990.0000,1270.0000,0.6882,0.7219,1.0000,16.0740,19001.2000
abo_baseline_b,213,SOFA,SINGLE_SOFA,193.2551,57.6187,60.0847,135.6364,0.9000,0.3069,900,1000,1000,330.0000,930.0000,1000.0000,0.6692,0.8141,1.0000,19.8240,19387.1000
abo_baseline_b,214,CHAIR_STOOL,STANDARD_CHAIR,42.6951,26.6842,28.2092,16.0109,0.4320,0.7539,600,600,1200,831.8500,920.7500,984.2500,0.6216,0.6836,1.0000,16.4070,18985.9000
abo_baseline_b,215,CHAIR_STOOL,STANDARD_CHAIR,19.9699,9.7405,16.2169,10.2294,0.4320,0.3601,600,600,1200,620.0140,659.8920,880.1100,0.6434,0.8308,1.0000,12.4320,18466.8000
abo_baseline_b,216,CABINET,,492.5926,166.3995,113.4039,326.1931,0.6720,0.1134,700,800,1200,270.0000,300.0000,1400.0000,0.5082,0.5770,1.0000,12.7690,18474.7000
abo_baseline_b,217,CABINET,,1.2018,24.2616,36.6856,-23.0599,0.6720,0.6640,700,800,1200,420.0000,930.0000,1700.0000,0.3241,0.6419,1.0000,14.8100,18892.0000
abo_baseline_b,218,DISPLAY_SHELF,,81.2904,6.0628,30.4925,75.2276,0.8640,0.4766,400,1200,1800,381.7620,659.8920,1891.7920,0.2141,0.3698,1.0000,8.5860,17505.4000
abo_baseline_b,219,SOFA,L_SHAPED_SOFA,182.8366,14.8430,43.4361,167.9936,5.1840,1.8329,900,1800,3200,787.4000,1041.4000,2235.2000,0.3020,0.5378,1.0000,9.6060,17876.4000
abo_baseline_b,220,CHAIR_STOOL,STANDARD_CHAIR,8.3880,18.3597,27.5529,-9.9717,0.4320,0.4716,600,600,1200,692.1500,812.8000,838.2000,0.6704,0.7961,1.0000,12.7190,18504.4000
abo_baseline_b,221,CHAIR_STOOL,STANDARD_CHAIR,3.8654,16.6978,29.0014,-12.8324,0.4320,0.4494,600,600,1200,729.9960,759.9680,810.0060,0.7394,0.7933,1.0000,16.3440,18994.3000
abo_baseline_b,222,DRAWER,,110.5961,7.2330,29.2353,103.3631,0.7000,0.3324,500,1000,1400,449.5800,800.1000,924.0520,0.5363,0.8292,1.0000,18.4130,19211.4000
abo_baseline_b,223,DRAWER,,9.8679,9.4852,8.9530,0.3826,0.7000,0.6371,500,1000,1400,457.2000,914.4000,1524.0000,0.3421,0.6297,1.0000,12.1910,18484.9000
abo_baseline_b,224,CHAIR_STOOL,STANDARD_CHAIR,58.6319,21.7985,29.0458,36.8334,0.4320,1.0443,600,600,1200,965.2000,990.6000,1092.2000,0.6180,0.7843,1.0000,22.6170,19585.9000
abo_baseline_b,225,CHAIR_STOOL,STANDARD_CHAIR,20.3627,1.1845,14.0540,19.1782,0.4320,0.3589,600,600,1200,565.1500,666.7500,952.5000,0.5931,0.6837,1.0000,9.6090,17849.1000
abo_baseline_b,226,SOFA,L_SHAPED_SOFA,676.3616,41.7634,105.7725,634.5982,5.1840,0.6677,900,1800,3200,629.9200,640.0800,1656.0800,0.3600,0.6886,1.0000,9.9390,18052.2000
abo_baseline_b,227,SOFA,L_SHAPED_SOFA,315.8319,10.3071,67.0786,305.5248,5.1840,1.2467,900,1800,3200,840.7400,909.3200,1630.6800,0.5437,0.6422,1.0000,12.3630,18473.1000
abo_baseline_b,228,CHAIR_STOOL,STANDARD_CHAIR,51.0188,13.9881,29.5415,37.0307,0.4320,0.8820,600,600,1200,919.9880,940.0540,1019.8100,0.6753,0.9479,1.0000,9.2110,17798.5000
abo_baseline_b,229,SOFA,L_SHAPED_SOFA,263.8515,14.5206,58.2414,249.3309,5.1840,1.4248,900,1800,3200,812.8000,908.0500,1930.4000,0.4587,0.5649,1.0000,11.6740,18365.5000
abo_baseline_b,230,CHAIR_STOOL,STANDARD_CHAIR,49.8461,10.8407,17.3931,39.0054,0.4320,0.2883,600,600,1200,500.3800,619.7600,929.6400,0.4503,0.6311,1.0000,9.9960,17998.6000
abo_baseline_b,231,CHAIR_STOOL,STANDARD_CHAIR,32.0023,7.8544,19.9076,24.1479,0.4320,0.3273,600,600,1200,510.0000,690.0000,930.0000,0.5289,0.6518,1.0000,9.6400,17928.4000
abo_baseline_b,232,DISPLAY_SHELF,,233.0308,11.5270,55.3539,221.5039,0.8640,0.2594,400,1200,1800,396.0000,732.0000,895.0000,0.5165,0.8696,1.0000,18.7370,19398.7000
abo_baseline_b,233,SOFA,TWIN_SOFA,17.9245,12.5579,9.7572,5.3667,1.8000,1.5264,900,1000,2000,800.0000,900.0000,2120.0000,0.4162,0.4874,1.0000,11.6920,18400.2000
abo_baseline_b,235,SOFA,L_SHAPED_SOFA,244.4546,19.7466,55.6141,224.7080,5.1840,1.5050,900,1800,3200,812.8000,889.0000,2082.8000,0.4408,0.5401,1.0000,10.1820,18010.2000
abo_baseline_b,236,CHAIR_STOOL,STANDARD_CHAIR,76.4879,7.9494,21.2782,68.5385,0.4320,0.2448,600,600,1200,465.0000,560.0000,940.0000,0.4308,0.5779,1.0000,8.8980,17625.1000
abo_baseline_b,237,CHAIR_STOOL,STANDARD_CHAIR,143.6398,4.4759,35.7840,139.1639,0.4320,0.1773,600,600,1200,454.6600,519.9380,750.0620,0.6545,0.6864,1.0000,9.1750,17754.0000
abo_baseline_b,238,SOFA,TWIN_SOFA,8.4250,1.9047,3.7697,6.5203,1.8000,1.6601,900,1000,2000,870.0000,940.0000,2030.0000,0.4402,0.4580,1.0000,10.0140,18109.2000
abo_baseline_b,239,SOFA,L_SHAPED_SOFA,318.4485,13.8178,63.7920,304.6307,5.1840,1.2389,900,1800,3200,711.2000,914.4000,1905.0000,0.3161,0.5391,1.0000,9.4620,17935.6000
abo_baseline_b,240,CHAIR_STOOL,STANDARD_CHAIR,31.2605,21.4405,21.2517,9.8199,0.4320,0.6285,600,600,1200,700.0240,880.1100,1020.0640,0.5803,0.6260,1.0000,11.5760,18330.8000
abo_baseline_b,241,DISPLAY_SHELF,,1144.1063,56.9866,148.6764,1087.1197,0.8640,0.0694,400,1200,1800,300.4820,420.9288,549.0718,0.2358,0.3291,1.0000,8.9320,17583.1000
abo_baseline_b,242,DRAWER,,768.0556,30.3732,112.9630,737.6824,0.7000,0.0806,500,1000,1400,360.0000,400.0000,560.0000,0.8620,0.9047,1.0000,8.9700,17877.9000
abo_baseline_b,243,DISPLAY_SHELF,,38.1295,2.2023,20.2025,35.9272,0.8640,0.6255,400,1200,1800,450.0000,1000.0000,1390.0000,0.3140,0.7294,1.0000,12.4610,18421.1000
abo_baseline_b,244,DISPLAY_SHELF,,233.0308,11.9241,55.3539,221.1067,0.8640,0.2594,400,1200,1800,396.0000,732.0000,895.0000,0.5180,0.8733,1.0000,20.7660,19435.3000
abo_baseline_b,245,BED,DOUBLE_BED,51.4818,13.3746,20.7999,38.1072,3.4408,7.0918,1228.9000,1400,2000,1422.4000,2133.6000,2336.8000,0.6144,0.6774,1.0000,12.4040,18418.0000
abo_baseline_b,246,SOFA,L_SHAPED_SOFA,256.6323,34.4000,55.5203,222.2322,5.1840,1.4536,900,1800,3200,711.2000,914.4000,2235.2000,0.3289,0.6767,1.0000,10.5130,18107.1000
abo_baseline_b,247,DESK,L_SHAPED_DESK,276.9058,2.7562,56.0160,274.1496,1.3824,0.3668,720,1200,1600,508.0000,760.0000,950.0000,0.5558,0.7874,1.0000,10.1490,18153.4000
abo_baseline_b,248,CABINET,,48.1481,40.7983,42.0926,7.3498,0.6720,1.2960,700,800,1200,480.0000,1250.0000,2160.0000,0.1595,0.2698,1.0000,8.8720,17709.7000
abo_baseline_b,249,CHAIR_STOOL,STANDARD_CHAIR,29.6095,18.1966,31.6861,11.4129,0.4320,0.6137,600,600,1200,830.0720,849.8840,869.9500,0.7716,0.8083,1.0000,16.0550,18852.5000
abo_baseline_b,250,CHAIR_STOOL,STANDARD_CHAIR,17.6823,16.9433,21.3902,0.7390,0.4320,0.5248,600,600,1200,711.2000,774.7000,952.5000,0.6021,0.6952,1.0000,16.8210,19017.6000
abo_baseline_b,251,CHAIR_STOOL,STANDARD_CHAIR,48.8771,22.1434,29.1446,26.7337,0.4320,0.8450,600,600,1200,899.1600,929.6400,1010.9200,0.6665,0.7428,1.0000,9.4870,17878.9000
abo_baseline_b,252,DRAWER,,71.9671,15.1051,20.4243,56.8620,0.7000,0.4071,500,1000,1400,457.2000,876.3000,1016.0000,0.5578,0.8086,1.0000,22.0800,19551.0000
abo_baseline_b,253,BED,DOUBLE_BED,52.0888,11.4910,21.1608,40.5978,3.3978,7.0918,1213.5000,1400,2000,1422.4000,2133.6000,2336.8000,0.6067,0.7061,1.0000,14.4860,18739.9000
abo_baseline_b,254,SOFA,L_SHAPED_SOFA,180.7165,12.8686,49.0387,167.8479,5.1840,1.8467,900,1800,3200,939.8000,998.2200,1968.5000,0.4986,0.6152,1.0000,11.4140,18270.9000
abo_baseline_b,255,DESK,L_SHAPED_DESK,205.3273,8.0420,45.7638,197.2854,1.3824,0.4528,720,1200,1600,560.0000,735.0000,1100.0000,0.5091,0.7756,1.0000,11.6850,18432.1000
abo_baseline_b,256,SOFA,TWIN_SOFA,41.2314,21.0921,18.1857,20.1393,1.8000,1.2745,900,1000,2000,762.0000,774.7000,2159.0000,0.4229,0.4391,1.0000,9.9580,18009.7000
abo_baseline_b,257,CHAIR_STOOL,STANDARD_CHAIR,67.4565,12.4915,20.5764,54.9649,0.4320,0.2580,600,600,1200,550.0000,590.0000,795.0000,0.6024,0.6527,1.0000,9.6920,17978.0000
abo_baseline_b,258,DRAWER,,48.3124,12.7318,14.9162,35.5806,0.7000,0.4720,500,1000,1400,449.5800,1000.7600,1049.0200,0.5171,0.9999,1.0000,24.2420,19719.6000
abo_baseline_b,260,DISPLAY_SHELF,,15761.8111,29.9244,464.2413,15731.8866,0.8640,0.0054,400,1200,1800,50.0380,250.1900,435.1020,0.1363,0.3375,1.0000,8.8750,17607.5000
abo_baseline_b,261,SOFA,TWIN_SOFA,1.6822,10.2121,2.9378,-8.5299,1.8000,1.8308,900,1000,2000,930.0000,1020.0000,1930.0000,0.4313,0.4760,1.0000,10.5940,18203.3000
abo_baseline_b,262,DISPLAY_SHELF,,5457.4369,10.6974,322.4424,5446.7394,0.8640,0.0155,400,1200,1800,149.8600,170.1800,609.6000,0.2777,0.3027,1.0000,9.0930,17687.6000
abo_baseline_b,263,SOFA,L_SHAPED_SOFA,250.3053,5.2868,58.1563,245.0185,5.1840,1.4799,900,1800,3200,899.1600,929.6400,1770.3800,0.5226,0.5654,1.0000,12.2570,18517.6000
abo_baseline_b,264,DRAWER,,934.2790,4.5768,128.9204,929.7022,0.7000,0.0677,500,1000,1400,360.0000,400.0000,470.0000,0.7129,0.8321,1.0000,8.7880,17777.8000
abo_baseline_b,265,BED,KING_SIZE_BED,31.3757,11.6726,11.2890,19.7031,3.8951,5.6760,1217.2000,1600,2000,1219.2000,2082.8000,2235.2000,0.6086,0.8222,1.0000,13.2880,18604.6000
abo_baseline_b,266,CHAIR_STOOL,STANDARD_CHAIR,26.5757,5.3813,31.1841,21.1944,0.4320,0.5884,600,600,1200,812.8000,838.2000,863.6000,0.8829,0.9263,1.0000,9.5040,17882.7000
abo_baseline_b,267,DRAWER,,99.2266,42.7325,26.4390,56.4941,0.7000,0.3514,500,1000,1400,397.9992,703.9986,1253.9975,0.2355,0.8963,1.0000,11.6950,18554.4000
abo_baseline_b,268,CHAIR_STOOL,STANDARD_CHAIR,57.9662,17.0315,19.1109,40.9347,0.4320,0.2735,600,600,1200,540.0040,610.1080,830.0720,0.4975,0.6575,1.0000,10.4550,18078.2000
abo_baseline_b,269,CHAIR_STOOL,STANDARD_CHAIR,37.6724,17.0818,23.0687,20.5906,0.4320,0.6931,600,600,1200,739.1400,909.3200,1031.2400,0.6290,0.6884,1.0000,17.0240,19127.3000
abo_baseline_b,271,SOFA,TWIN_SOFA,36.7054,1.3863,11.0858,35.3191,1.8000,1.3167,900,1000,2000,770.0000,900.0000,1900.0000,0.4042,0.4618,1.0000,10.3170,18090.9000
abo_baseline_b,272,SOFA,L_SHAPED_SOFA,0.4226,3.5432,6.8086,-3.1206,5.1840,5.2060,900,1800,3200,901.7000,1993.9000,2895.6000,0.3155,0.6489,1.0000,11.6440,18336.0000
abo_baseline_b,273,CHAIR_STOOL,STANDARD_CHAIR,45.0649,23.9754,22.6843,21.0895,0.4320,0.7864,600,600,1200,787.4000,914.4000,1092.2000,0.9575,0.9639,1.0000,20.1680,19400.3000
abo_baseline_b,274,SOFA,L_SHAPED_SOFA,182.8366,31.4993,43.4361,151.3373,5.1840,1.8329,900,1800,3200,787.4000,1041.4000,2235.2000,0.2866,0.6726,1.0000,10.4990,18121.5000
abo_baseline_b,275,DISPLAY_SHELF,,3312.0231,21.3121,229.6441,3290.7110,0.8640,0.0253,400,1200,1800,147.0000,290.0000,594.0000,0.3519,0.4862,1.0000,9.5010,17964.1000
abo_baseline_b,276,SOFA,TWIN_SOFA,42.6455,13.8423,12.5926,28.8032,1.8000,1.2619,900,1000,2000,787.4000,914.4000,1752.6000,0.3577,0.4836,1.0000,10.5160,18057.0000
abo_baseline_b,277,DRAWER,,23.6013,6.7719,8.5885,16.8294,0.7000,0.5663,500,1000,1400,457.2000,1016.0000,1219.2000,0.3395,0.8674,1.0000,16.0420,18965.6000
abo_baseline_b,278,SOFA,TWIN_SOFA,108.6282,23.1554,29.4988,85.4728,1.8000,0.8628,900,1000,2000,635.0000,685.8000,1981.2000,0.4008,0.4198,1.0000,10.0560,17980.7000
abo_baseline_b,279,CHAIR_STOOL,STANDARD_CHAIR,30.7712,11.8943,14.8534,18.8769,0.4320,0.3303,600,600,1200,579.8820,640.0800,890.0160,0.5531,0.6568,1.0000,10.9300,18201.5000
abo_baseline_b,280,SOFA,THREE_SEATER_SOFA,212.9423,14.6595,46.3236,198.2828,2.7000,0.8628,900,1000,3000,635.0000,685.8000,1981.2000,0.3728,0.3912,1.0000,9.8100,17921.5000
abo_baseline_b,281,DISPLAY_SHELF,,73.2939,5.3710,24.2775,67.9229,0.8640,0.4986,400,1200,1800,350.0000,770.0000,1850.0000,0.1747,0.4035,1.0000,8.7190,17519.1000
abo_baseline_b,282,SOFA,TWIN_SOFA,1.6822,8.9144,2.9378,-7.2322,1.8000,1.8308,900,1000,2000,930.0000,1020.0000,1930.0000,0.4425,0.4775,1.0000,10.0150,18034.3000
abo_baseline_b,283,SOFA,TWIN_SOFA,12.2394,8.3439,5.0247,3.8955,1.8000,1.6037,900,1000,2000,878.8400,899.1600,2029.4600,0.4631,0.4862,1.0000,10.5510,18153.2000
abo_baseline_b,284,CHAIR_STOOL,STANDARD_CHAIR,49.8859,26.0603,29.5314,23.8256,0.4320,0.8620,600,600,1200,878.8400,970.2800,1010.9200,0.6480,0.7039,1.0000,19.3560,19364.4000
abo_baseline_b,285,CHAIR_STOOL,STANDARD_CHAIR,64.4429,12.9001,18.4326,51.5429,0.4320,0.2627,600,600,1200,482.6000,571.5000,952.5000,0.6065,0.6365,1.0000,8.6580,17649.6000
abo_baseline_b,286,SOFA,L_SHAPED_SOFA,358.7500,4.5525,75.4559,354.1975,5.1840,1.1300,900,1800,3200,878.8400,899.1600,1430.0200,0.6402,0.6598,1.0000,14.0910,18716.1000
abo_baseline_b,287,SOFA,SINGLE_SOFA,88.0878,75.7405,67.9206,12.3473,0.9000,0.4785,900,1000,1000,330.0000,1000.0000,1450.0000,0.5291,0.8206,1.0000,12.5890,18510.4000
abo_baseline_b,288,CHAIR_STOOL,STANDARD_CHAIR,23.8777,3.9413,8.4975,19.9364,0.4320,0.5675,600,600,1200,675.6400,700.0240,1199.8960,0.5199,0.5847,1.0000,9.4790,17920.3000
abo_baseline_b,289,DRAWER,,934.2790,3.6945,128.9204,930.5844,0.7000,0.0677,500,1000,1400,360.0000,400.0000,470.0000,0.7750,0.9039,1.0000,8.7860,17828.0000
abo_baseline_b,290,SOFA,TWIN_SOFA,1.8164,7.4523,2.6182,-5.6359,1.8000,1.8333,900,1000,2000,900.0000,970.0000,2100.0000,0.4524,0.5051,1.0000,10.4960,18095.3000
abo_baseline_b,291,CHAIR_STOOL,STANDARD_CHAIR,57.8767,10.6580,17.7471,47.2188,0.4320,0.2736,600,600,1200,558.8000,584.2000,838.2000,0.5546,0.6655,1.0000,10.6780,18121.4000
abo_baseline_b,292,CHAIR_STOOL,STANDARD_CHAIR,73.6644,12.8931,21.3262,60.7713,0.4320,0.2488,600,600,1200,508.0000,584.2000,838.2000,0.5355,0.5984,1.0000,9.2810,17851.5000
abo_baseline_b,293,SOFA,TWIN_SOFA,10.5447,18.9879,7.4671,-8.4432,1.8000,1.6283,900,1000,2000,863.6000,889.0000,2120.9000,0.4741,0.5094,1.0000,10.8680,18292.0000
abo_baseline_b,294,CHAIR_STOOL,STANDARD_CHAIR,47.9415,8.0349,22.3576,39.9066,0.4320,0.8298,600,600,1200,780.0000,950.0000,1119.8860,0.6621,0.9427,1.0000,13.7230,18626.7000
abo_baseline_b,295,CHAIR_STOOL,STANDARD_CHAIR,23.4060,9.4996,14.0409,13.9064,0.4320,0.3501,600,600,1200,510.0000,660.0000,1040.0000,0.4545,0.5605,1.0000,8.9650,17808.5000
abo_baseline_b,296,CHAIR_STOOL,STANDARD_CHAIR,45.4023,11.5814,14.0477,33.8209,0.4320,0.2971,600,600,1200,568.9600,579.1200,901.7000,0.5189,0.6769,1.0000,8.9150,17765.8000
abo_baseline_b,297,DRAWER,,142.3823,3.3945,34.6491,138.9878,0.7000,0.2888,500,1000,1400,400.0000,760.0000,950.0000,0.4431,0.7875,1.0000,16.0810,19010.5000
abo_baseline_b,298,CHAIR_STOOL,STANDARD_CHAIR,34.1804,10.1767,30.9825,24.0037,0.4320,0.6563,600,600,1200,830.5800,878.8400,899.1600,0.7486,0.9637,1.0000,9.3660,17818.8000
abo_baseline_b,299,CHAIR_STOOL,STANDARD_CHAIR,56.2486,3.8934,17.8627,52.3552,0.4320,0.2765,600,600,1200,482.6000,609.6000,939.8000,0.5034,0.6109,1.0000,9.8100,17963.1000
abo_baseline_b,300,CHAIR_STOOL,STANDARD_CHAIR,34.7590,17.3231,28.8722,17.4359,0.4320,0.6622,600,600,1200,800.0000,890.0000,930.0000,0.7440,0.7548,1.0000,14.5750,18772.4000
abo_baseline_b,301,CHAIR_STOOL,STANDARD_CHAIR,57.8767,10.8036,17.7471,47.0731,0.4320,0.2736,600,600,1200,558.8000,584.2000,838.2000,0.5604,0.6574,1.0000,10.7960,18157.8000
abo_baseline_b,302,BED,QUEEN_SIZE_BED,22.9850,1.9829,8.3220,21.0021,3.8147,4.9532,1271.6000,1500,2000,1422.4000,1612.9000,2159.0000,0.6358,0.7436,1.0000,10.4440,18105.6000
abo_baseline_b,303,SOFA,L_SHAPED_SOFA,115.0441,26.8792,39.6432,88.1649,5.1840,2.4107,900,1800,3200,990.6000,1041.4000,2336.8000,0.4566,0.6508,1.0000,12.1040,18409.1000
abo_baseline_b,304,CABINET,,87.6173,14.7599,28.1634,72.8574,0.6720,0.3582,700,800,1200,420.0000,820.0000,1040.0000,0.4936,0.8461,1.0000,8.8640,17741.0000
abo_baseline_b,305,SOFA,L_SHAPED_SOFA,156.0021,8.3434,44.7628,147.6587,5.1840,2.0250,900,1800,3200,949.9600,1139.9520,1869.9480,0.4672,0.6624,1.0000,11.4500,18283.0000
abo_baseline_b,306,CHAIR_STOOL,STANDARD_CHAIR,47.9415,6.5529,22.3576,41.3885,0.4320,0.8298,600,600,1200,780.0000,950.0000,1119.8860,0.6889,0.9502,1.0000,16.3110,18878.8000
abo_baseline_b,307,CHAIR_STOOL,STANDARD_CHAIR,36.0487,7.6566,15.9397,28.3921,0.4320,0.6755,600,600,1200,723.9000,812.8000,1148.0800,0.5692,0.6684,1.0000,13.7780,18697.0000
abo_baseline_b,308,CHAIR_STOOL,STANDARD_CHAIR,28.2916,21.7844,20.6038,6.5072,0.4320,0.3367,600,600,1200,619.7600,670.5600,810.2600,0.6140,0.6303,1.0000,20.6470,19537.1000
abo_baseline_b,309,SOFA,L_SHAPED_SOFA,200.7716,11.8104,49.0616,188.9612,5.1840,1.7236,900,1800,3200,889.0000,960.1200,2019.3000,0.4782,0.5468,1.0000,11.8220,18416.8000
abo_baseline_b,310,SOFA,TWIN_SOFA,29.7380,4.5355,10.9622,25.2025,1.8000,2.5618,900,1000,2000,1041.4000,1041.4000,2362.2000,0.4044,0.4443,1.0000,10.3170,18064.9000
abo_baseline_b,311,SOFA,L_SHAPED_SOFA,279.5691,8.6021,62.8714,270.9670,5.1840,1.3658,900,1800,3200,889.0000,952.5000,1612.9000,0.5549,0.6881,1.0000,15.1120,18904.7000
abo_baseline_b,312,CHAIR_STOOL,STANDARD_CHAIR,96.4375,7.5345,26.8796,88.9030,0.4320,0.2199,600,600,1200,510.0320,560.0700,769.8740,0.5800,0.7085,1.0000,9.1840,17767.9000
abo_baseline_b,313,CHAIR_STOOL,STANDARD_CHAIR,114.1931,13.6777,29.5253,100.5154,0.4320,0.2017,600,600,1200,410.0000,520.0000,946.0000,0.4939,0.6234,1.0000,8.5190,17655.3000
abo_baseline_b,314,CHAIR_STOOL,STANDARD_CHAIR,54.2036,18.0859,29.6811,36.1177,0.4320,0.9433,600,600,1200,914.4000,990.6000,1041.4000,0.7238,0.7742,1.0000,20.1940,19462.9000
abo_baseline_b,315,DESK,L_SHAPED_DESK,91.2602,16.2065,36.6176,75.0538,1.3824,0.7228,720,1200,1600,818.0000,940.0000,940.0000,0.7428,0.8223,1.0000,20.4650,19450.1000
abo_baseline_b,316,CHAIR_STOOL,STANDARD_CHAIR,10.0899,20.1401,31.7183,-10.0502,0.4320,0.4805,600,600,1200,770.0000,780.0000,800.0000,0.7001,0.8481,1.0000,17.2610,19114.8000
abo_baseline_b,317,SOFA,L_SHAPED_SOFA,194.4105,12.0724,48.1540,182.3381,5.1840,1.7608,900,1800,3200,899.1600,960.1200,2039.6200,0.4103,0.5517,1.0000,9.9760,17992.4000
abo_baseline_b,318,CHAIR_STOOL,STANDARD_CHAIR,90.5287,9.5280,24.6596,81.0007,0.4320,0.2267,600,600,1200,485.0000,550.0000,850.0000,0.5227,0.5781,1.0000,9.1000,17765.7000
abo_baseline_b,319,SOFA,L_SHAPED_SOFA,256.6323,32.6119,55.5203,224.0204,5.1840,1.4536,900,1800,3200,711.2000,914.4000,2235.2000,0.3348,0.6546,1.0000,10.4330,18095.9000
abo_baseline_b,320,CHAIR_STOOL,STANDARD_CHAIR,5.7865,20.0015,25.9099,-14.2151,0.4320,0.4585,600,600,1200,709.9300,759.9680,849.8840,0.6678,0.7158,1.0000,14.5810,18856.8000
abo_baseline_b,321,DESK,L_SHAPED_DESK,205.3273,10.6752,45.7638,194.6521,1.3824,0.4528,720,1200,1600,560.0000,735.0000,1100.0000,0.5247,0.7903,1.0000,12.2250,18531.3000
abo_baseline_b,322,CABINET,,884.8988,16.9749,127.0628,867.9239,0.6720,0.0682,700,800,1200,209.5500,539.7500,603.2500,0.4563,0.9179,1.0000,18.4290,19175.6000
abo_baseline_b,323,BED,BUNK_BED,91.2257,67.8415,38.3640,23.3842,2.6533,1.3875,737.0000,1800,2000,355.6000,1828.8000,2133.6000,0.3685,0.9821,1.0000,11.6210,18295.8000
abo_baseline_b,324,BED,BUNK_BED,3.3185,6.3168,4.4714,-2.9984,3.5591,3.6813,988.6000,1800,2000,940.0000,1872.0000,2092.0000,0.4943,0.8714,1.0000,12.8540,18571.3000
abo_baseline_b,325,CHAIR_STOOL,STANDARD_CHAIR,24.2916,0.8784,12.3478,23.4132,0.4320,0.3476,600,600,1200,533.4000,641.3500,1016.0000,0.5224,0.6232,1.0000,10.6630,18170.1000
abo_baseline_b,326,DESK,DESK_DOUBLE_PEDESTAL,93.4383,3.9611,42.6985,89.4772,0.9216,0.4764,720,800,1600,341.8840,762.0000,1828.8000,0.2002,0.4201,1.0000,9.1620,17779.4000
abo_baseline_b,327,CHAIR_STOOL,STANDARD_CHAIR,91.5689,4.1841,25.3137,87.3848,0.4320,0.2255,600,600,1200,458.0000,582.0000,846.0000,0.5199,0.6576,1.0000,8.6910,17645.3000
abo_baseline_b,328,CHAIR_STOOL,STANDARD_CHAIR,23.0560,13.3975,27.0887,9.6585,0.4320,0.3511,600,600,1200,659.8920,700.0240,759.9680,0.7420,0.8084,1.0000,18.4900,19236.1000
abo_baseline_b,329,CHAIR_STOOL,STANDARD_CHAIR,23.0560,15.6811,27.0887,7.3748,0.4320,0.3511,600,600,1200,659.8920,700.0240,759.9680,0.7302,0.7787,1.0000,16.5330,19118.3000
abo_baseline_b,330,CHAIR_STOOL,STANDARD_CHAIR,38.6996,24.5800,24.5493,14.1196,0.4320,0.7047,600,600,1200,774.7000,895.3500,1016.0000,0.5873,0.6505,1.0000,13.7120,18657.5000
abo_baseline_b,331,CHAIR_STOOL,STANDARD_CHAIR,38.1516,25.8603,29.4170,12.2913,0.4320,0.6985,600,600,1200,812.8000,914.4000,939.8000,0.6332,0.7304,1.0000,18.5180,19204.3000
abo_baseline_b,332,CHAIR_STOOL,STANDARD_CHAIR,205.1187,12.5576,46.9087,192.5611,0.4320,0.1416,600,600,1200,406.4000,508.0000,685.8000,0.4957,0.6758,1.0000,13.9180,18740.7000
abo_baseline_b,333,CABINET,,42.8571,10.8411,25.1474,32.0160,0.6720,1.1760,700,800,1200,600.0000,1000.0000,1960.0000,0.3458,0.5547,1.0000,11.1050,18276.3000
abo_baseline_b,334,CHAIR_STOOL,STANDARD_CHAIR,89.0736,8.9090,24.8499,80.1646,0.4320,0.2285,600,600,1200,497.8400,566.4200,810.2600,0.5283,0.6724,1.0000,9.1870,17778.2000
abo_baseline_b,335,SOFA,L_SHAPED_SOFA,250.8419,20.9689,58.0543,229.8729,5.1840,1.4776,900,1800,3200,863.6000,863.6000,1981.2000,0.4779,0.5767,1.0000,10.9280,18189.5000
abo_baseline_b,336,CABINET,,492.5926,52.3668,113.4039,440.2258,0.6720,0.1134,700,800,1200,270.0000,300.0000,1400.0000,0.3081,0.3107,1.0000,9.1510,17778.9000
abo_baseline_b,337,CHAIR_STOOL,STANDARD_CHAIR,15.4973,6.1127,8.9086,9.3846,0.4320,0.3740,600,600,1200,558.8000,635.0000,1054.1000,0.5014,0.5614,1.0000,9.4780,17871.2000
abo_baseline_b,338,DISPLAY_SHELF,,517.1871,2.0605,94.0533,515.1267,0.8640,0.1400,400,1200,1800,290.0000,414.0000,1166.0000,0.2403,0.3576,1.0000,9.2630,17815.6000
abo_baseline_b,339,CHAIR_STOOL,STANDARD_CHAIR,48.7255,24.6805,27.1614,24.0450,0.4320,0.8425,600,600,1200,838.2000,965.2000,1041.4000,0.6105,0.6932,1.0000,14.5420,18780.9000
abo_baseline_b,340,SOFA,L_SHAPED_SOFA,240.0483,28.9167,52.9013,211.1317,5.1840,1.5245,900,1800,3200,769.8740,990.0920,1999.9960,0.5359,0.5872,1.0000,11.7930,18412.5000
abo_baseline_b,341,BED,QUEEN_SIZE_BED,19.2210,2.2988,6.8679,16.9221,4.0246,4.9823,1341.5000,1500,2000,1447.8000,1612.9000,2133.6000,0.6708,0.7299,1.0000,10.4730,18036.7000
abo_baseline_b,342,SOFA,TWIN_SOFA,23.8835,13.1018,10.6190,10.7817,1.8000,1.4530,900,1000,2000,789.9400,880.1100,2089.9120,0.4454,0.4563,1.0000,10.4170,18062.6000
abo_baseline_b,343,SOFA,L_SHAPED_SOFA,318.4485,12.9719,63.7920,305.4766,5.1840,1.2389,900,1800,3200,711.2000,914.4000,1905.0000,0.3214,0.5378,1.0000,10.1450,18021.8000
abo_baseline_b,344,CHAIR_STOOL,STANDARD_CHAIR,15.4973,5.1334,8.9086,10.3639,0.4320,0.3740,600,600,1200,558.8000,635.0000,1054.1000,0.5002,0.5746,1.0000,10.1050,18067.8000
abo_baseline_b,345,CHAIR_STOOL,STANDARD_CHAIR,34.1804,6.3462,30.9825,27.8342,0.4320,0.6563,600,600,1200,830.5800,878.8400,899.1600,0.8754,0.9045,1.0000,9.5310,17874.1000
abo_baseline_b,346,BED,DOUBLE_BED,52.8285,12.6268,21.5991,40.2017,3.3453,7.0918,1194.8000,1400,2000,1422.4000,2133.6000,2336.8000,0.5974,0.6994,1.0000,14.9220,18812.2000
abo_baseline_b,348,DISPLAY_SHELF,,210.3031,32.8703,76.2090,177.4328,0.8640,0.2784,400,1200,1800,519.9380,519.9380,1029.9700,0.2219,0.5537,1.0000,10.4730,18135.5000
abo_baseline_b,349,CHAIR_STOOL,STANDARD_CHAIR,26.6877,18.4724,11.5195,8.2153,0.4320,0.5893,600,600,1200,610.0000,840.0000,1150.0000,0.6104,0.8901,1.0000,9.6500,17979.1000
abo_baseline_b,350,SOFA,L_SHAPED_SOFA,315.8319,13.4243,67.0786,302.4076,5.1840,1.2467,900,1800,3200,840.7400,909.3200,1630.6800,0.5558,0.6639,1.0000,13.2860,18610.8000
abo_baseline_b,351,CHAIR_STOOL,STANDARD_CHAIR,60.6815,21.5891,26.5305,39.0924,0.4320,1.0987,600,600,1200,863.6000,863.6000,1473.2000,0.6603,0.7652,1.0000,13.5820,18679.1000
abo_baseline_b,352,SOFA,L_SHAPED_SOFA,93.1279,8.5163,26.3870,84.6116,5.1840,2.6842,900,1800,3200,860.0000,1530.0000,2040.0000,0.4366,0.6490,1.0000,10.2870,18087.6000
abo_baseline_b,353,SOFA,L_SHAPED_SOFA,350.6369,33.3865,88.7588,317.2504,5.1840,1.1504,900,1800,3200,990.6000,1016.0000,1143.0000,0.5285,0.6422,1.0000,11.8080,18307.1000
abo_baseline_b,354,CHAIR_STOOL,STANDARD_CHAIR,47.6815,18.1388,29.8329,29.5427,0.4320,0.8257,600,600,1200,863.6000,965.2000,990.6000,0.7204,0.7901,1.0000,9.3020,17808.5000
abo_baseline_b,355,SOFA,L_SHAPED_SOFA,132.0213,14.2927,41.8008,117.7286,5.1840,2.2343,900,1800,3200,965.2000,990.6000,2336.8000,0.4188,0.5391,1.0000,11.3470,18306.6000
abo_baseline_b,356,SOFA,TWIN_SOFA,6.9710,8.2821,10.1787,-1.3111,1.8000,1.9349,900,1000,2000,800.1000,1070.0000,2260.0920,0.3945,0.4977,1.0000,11.1370,18232.4000
abo_baseline_b,357,SOFA,TWIN_SOFA,0.9778,16.2341,19.3824,-15.2563,1.8000,1.8178,900,1000,2000,680.7200,1038.8600,2570.4800,0.3376,0.4242,1.0000,9.5830,17844.4000
abo_baseline_b,358,SOFA,L_SHAPED_SOFA,256.6323,35.2859,55.5203,221.3464,5.1840,1.4536,900,1800,3200,711.2000,914.4000,2235.2000,0.3320,0.6800,1.0000,10.4530,18098.6000
abo_baseline_b,359,CHAIR_STOOL,STANDARD_CHAIR,39.5933,6.9677,16.9024,32.6255,0.4320,0.3095,600,600,1200,519.9380,640.0800,929.8940,0.4933,0.6735,1.0000,10.2140,18040.2000
abo_baseline_b,360,CHAIR_STOOL,STANDARD_CHAIR,26.0140,12.7773,21.7081,13.2368,0.4320,0.3428,600,600,1200,647.7000,657.3520,805.1800,0.6322,0.7825,1.0000,11.3620,18280.6000
abo_baseline_b,361,SOFA,L_SHAPED_SOFA,250.3053,4.5111,58.1563,245.7942,5.1840,1.4799,900,1800,3200,899.1600,929.6400,1770.3800,0.5215,0.5585,1.0000,12.4070,18541.6000
abo_baseline_b,362,SOFA,L_SHAPED_SOFA,182.8366,15.2588,43.4361,167.5778,5.1840,1.8329,900,1800,3200,787.4000,1041.4000,2235.2000,0.3080,0.5495,1.0000,9.6380,17896.8000
abo_baseline_b,363,CHAIR_STOOL,STANDARD_CHAIR,26.5757,8.6251,31.1841,17.9506,0.4320,0.5884,600,600,1200,812.8000,838.2000,863.6000,0.8166,0.9317,1.0000,9.4010,17819.3000
abo_baseline_b,364,SOFA,L_SHAPED_SOFA,176.9145,46.7920,45.9744,130.1224,5.1840,1.8721,900,1800,3200,863.6000,889.0000,2438.4000,0.3492,0.7007,1.0000,11.7800,18362.7000
abo_baseline_b,365,CHAIR_STOOL,STANDARD_CHAIR,52.2502,18.9001,27.8019,33.3501,0.4320,0.9047,600,600,1200,899.1600,949.9600,1059.1800,0.6822,0.7340,1.0000,15.4160,18953.2000
abo_baseline_b,366,SOFA,L_SHAPED_SOFA,283.3185,1.9802,61.8841,281.3384,5.1840,1.3524,900,1800,3200,840.0000,920.0000,1750.0000,0.4890,0.5367,1.0000,10.5470,18106.1000
abo_baseline_b,367,SOFA,L_SHAPED_SOFA,351.1168,21.5614,70.7398,329.5555,5.1840,1.1491,900,1800,3200,770.0000,820.0000,1820.0000,0.3730,0.5916,1.0000,9.6890,17905.2000
abo_baseline_b,368,SOFA,L_SHAPED_SOFA,182.8366,22.1259,43.4361,160.7107,5.1840,1.8329,900,1800,3200,787.4000,1041.4000,2235.2000,0.3066,0.6117,1.0000,10.1730,18022.6000
abo_baseline_b,369,CHAIR_STOOL,STANDARD_CHAIR,13.5516,22.5167,28.6423,-8.9651,0.4320,0.4997,600,600,1200,735.3300,804.6720,844.5500,0.6429,0.7729,1.0000,18.2950,19306.6000
abo_baseline_b,370,BED,DOUBLE_BED,51.7121,11.5557,20.9382,40.1564,3.4245,7.0918,1223.0000,1400,2000,1422.4000,2133.6000,2336.8000,0.6115,0.7063,1.0000,13.2670,18610.3000
abo_baseline_b,371,CHAIR_STOOL,STANDARD_CHAIR,61.4754,7.7744,26.7339,53.7010,0.4320,1.1214,600,600,1200,890.0160,899.9220,1400.0480,0.6166,0.7234,1.0000,11.7630,18306.7000
abo_baseline_b,372,DESK,L_SHAPED_DESK,126.6972,34.3708,32.4856,92.3264,1.3824,0.6098,720,1200,1600,607.0600,762.0000,1318.2600,0.6783,0.7020,1.0000,10.2210,18058.9000
abo_baseline_b,373,SOFA,TWIN_SOFA,2.2786,15.9268,5.7715,-13.6482,1.8000,1.8420,900,1000,2000,863.6000,965.2000,2209.8000,0.4381,0.5231,1.0000,10.4820,18090.7000
abo_baseline_b,374,CABINET,,212.6798,4.3806,46.3958,208.2992,0.6720,0.2149,700,800,1200,508.0000,546.1000,774.7000,0.6421,0.7520,1.0000,22.8900,19661.8000
abo_baseline_b,375,BED,QUEEN_SIZE_BED,38.4839,11.9990,14.5611,26.4849,3.8147,6.2012,1271.6000,1500,2000,1422.4000,2019.3000,2159.0000,0.6358,0.7435,1.0000,10.4520,18105.6000
abo_baseline_b,376,SOFA,L_SHAPED_SOFA,327.0537,47.5572,65.5989,279.4965,5.1840,1.2139,900,1800,3200,659.8920,839.9780,2189.9880,0.3566,0.6780,1.0000,10.9110,18205.1000
abo_baseline_b,377,DISPLAY_SHELF,,50368.7631,38.3715,948.7073,50330.3915,0.8640,0.0017,400,1200,1800,20.0660,139.9540,609.6000,0.0472,0.3059,1.0000,8.9170,17473.9000
abo_baseline_b,378,SOFA,L_SHAPED_SOFA,319.0053,15.0303,67.7271,303.9750,5.1840,1.2372,900,1800,3200,820.0000,820.0000,1840.0000,0.4529,0.5724,1.0000,9.7360,17892.6000
abo_baseline_b,379,SOFA,TWIN_SOFA,11.9960,7.3319,3.9323,4.6641,1.8000,1.6072,900,1000,2000,820.0000,980.0000,2000.0000,0.4563,0.5065,1.0000,10.6610,18167.9000
abo_baseline_b,381,SOFA,L_SHAPED_SOFA,312.0575,6.6039,68.1694,305.4536,5.1840,1.2581,900,1800,3200,878.8400,960.1200,1490.9800,0.6317,0.6828,1.0000,13.9000,18688.7000
abo_baseline_b,382,SOFA,TWIN_SOFA,8.4250,5.2319,3.7697,3.1931,1.8000,1.6601,900,1000,2000,870.0000,940.0000,2030.0000,0.4535,0.4846,1.0000,10.2850,18126.2000
abo_baseline_b,383,DRAWER,,21.6109,11.0616,16.2367,10.5493,0.7000,0.5756,500,1000,1400,449.5800,800.1000,1600.2000,0.3325,0.5188,1.0000,10.3630,18159.8000
abo_baseline_b,384,CHAIR_STOOL,STANDARD_CHAIR,93.7900,6.9192,56.1850,86.8708,0.4320,6.9565,600,600,1200,838.2000,2438.4000,3403.6000,0.2791,0.7200,1.0000,11.6350,18350.8000
abo_baseline_b,385,CHAIR_STOOL,STANDARD_CHAIR,42.5409,26.2478,26.0222,16.2931,0.4320,0.7518,600,600,1200,787.4000,939.8000,1016.0000,0.5964,0.6526,1.0000,24.2450,20047.1000
abo_baseline_b,386,CHAIR_STOOL,STANDARD_CHAIR,20.8341,14.1312,22.5273,6.7029,0.4320,0.5457,600,600,1200,635.0000,914.4000,939.8000,0.6456,0.7412,1.0000,13.0740,18560.4000
abo_baseline_b,387,SOFA,TWIN_SOFA,108.6282,22.1399,29.4988,86.4882,1.8000,0.8628,900,1000,2000,635.0000,685.8000,1981.2000,0.3938,0.4202,1.0000,10.1880,17972.1000
abo_baseline_b,388,CHAIR_STOOL,STANDARD_CHAIR,27.0223,5.9049,12.7011,21.1173,0.4320,0.3401,600,600,1200,599.9480,629.9200,899.9220,0.5881,0.6998,1.0000,11.3420,18269.0000
abo_baseline_b,389,DRAWER,,154.4002,23.0918,38.5670,131.3084,0.7000,0.2752,500,1000,1400,430.0000,790.0000,810.0000,0.5006,0.5805,1.0000,14.5130,18775.3000
abo_baseline_b,390,CHAIR_STOOL,STANDARD_CHAIR,84.3318,7.5097,27.9314,76.8221,0.4320,0.2344,600,600,1200,465.0000,630.0000,800.0000,0.5859,0.6755,1.0000,10.0860,18005.5000
abo_baseline_b,391,DISPLAY_SHELF,,1930.6372,15.8274,192.9222,1914.8098,0.8640,0.0425,400,1200,1800,247.0000,290.0000,594.0000,0.5141,0.5274,1.0000,10.4860,18154.2000
abo_baseline_b,392,SOFA,L_SHAPED_SOFA,250.8419,19.5733,58.0543,231.2686,5.1840,1.4776,900,1800,3200,863.6000,863.6000,1981.2000,0.4722,0.5703,1.0000,10.8890,18177.1000
abo_baseline_b,393,CHAIR_STOOL,STANDARD_CHAIR,56.2486,6.1694,17.8627,50.0792,0.4320,0.2765,600,600,1200,482.6000,609.6000,939.8000,0.4793,0.6118,1.0000,9.7210,17950.7000
abo_baseline_b,394,SOFA,L_SHAPED_SOFA,314.1753,30.1482,64.2121,284.0271,5.1840,1.2516,900,1800,3200,762.0000,965.2000,1701.8000,0.6175,0.6942,1.0000,15.7590,18903.0000
abo_baseline_b,395,CHAIR_STOOL,STANDARD_CHAIR,45.5106,29.6961,30.9094,15.8144,0.4320,0.7928,600,600,1200,860.0440,960.1200,960.1200,0.6462,0.6847,1.0000,20.3610,19443.8000
abo_baseline_b,396,CHAIR_STOOL,STANDARD_CHAIR,26.9733,16.0307,30.7541,10.9426,0.4320,0.5916,600,600,1200,787.4000,863.6000,869.9500,0.7665,0.8264,1.0000,24.8220,19981.4000
abo_baseline_b,397,CABINET,,68.9329,15.5851,36.4653,53.3478,0.6720,2.1631,700,800,1200,610.0000,1800.0000,1970.0000,0.3792,0.8340,1.0000,17.8350,19109.8000
abo_baseline_b,398,SOFA,L_SHAPED_SOFA,368.2227,1.7499,76.1608,366.4728,5.1840,1.1072,900,1800,3200,861.0600,899.1600,1430.0200,0.6122,0.6403,1.0000,13.1420,18608.3000
abo_baseline_b,399,SOFA,TWIN_SOFA,5.8827,31.0774,11.7294,-25.1947,1.8000,1.7000,900,1000,2000,762.0000,965.2000,2311.4000,0.4736,0.4949,1.0000,11.4360,18315.2000
abo_baseline_b,400,CHAIR_STOOL,STANDARD_CHAIR,49.5016,18.1394,30.6787,31.3622,0.4320,0.8555,600,600,1200,899.9220,960.1200,990.0920,0.6006,0.9469,1.0000,21.4160,19524.9000
abo_baseline_b,401,SOFA,TWIN_SOFA,36.2137,11.6942,12.4943,24.5195,1.8000,1.3215,900,1000,2000,711.2000,914.4000,2032.0000,0.4200,0.4652,1.0000,10.2540,18046.1000
abo_baseline_b,402,DRAWER,,57.1268,1.0592,16.4983,56.0676,0.7000,0.4455,500,1000,1400,450.0000,900.0000,1100.0000,0.4066,0.8059,1.0000,15.5820,18863.3000
abo_baseline_b,403,CHAIR_STOOL,STANDARD_CHAIR,33.3219,14.9467,15.4963,18.3752,0.4320,0.6479,600,600,1200,723.9000,787.4000,1136.6500,0.5564,0.5732,1.0000,10.7500,18151.0000
abo_baseline_b,404,CHAIR_STOOL,STANDARD_CHAIR,21.1420,27.4532,25.4621,-6.3112,0.4320,0.5478,600,600,1200,700.0000,860.0000,910.0000,0.6106,0.6210,1.0000,13.8220,18678.0000
abo_baseline_b,405,SOFA,L_SHAPED_SOFA,3419.0616,17.0104,230.6044,3402.0512,5.1840,0.1473,900,1800,3200,330.0000,480.0000,930.0000,0.3997,0.6265,1.0000,9.6710,17897.9000
abo_baseline_b,407,SOFA,TWIN_SOFA,15.0895,2.1179,4.8593,12.9716,1.8000,1.5640,900,1000,2000,850.0000,920.0000,2000.0000,0.4338,0.4700,1.0000,11.0420,18232.0000
abo_baseline_b,408,DRAWER,,131.0991,8.1191,33.4579,122.9801,0.7000,0.3029,500,1000,1400,449.5800,749.3000,899.1600,0.5765,0.8412,1.0000,16.4790,19090.3000
abo_baseline_b,409,CHAIR_STOOL,STANDARD_CHAIR,98.7519,4.7245,25.8107,94.0274,0.4320,0.2174,600,600,1200,454.6600,495.3000,965.2000,0.4428,0.5308,1.0000,8.3620,17589.7000
abo_baseline_b,410,CHAIR_STOOL,STANDARD_CHAIR,47.8388,3.2529,31.5572,44.5859,0.4320,0.8282,600,600,1200,889.0000,965.2000,965.2000,0.8787,0.9809,1.0000,20.5610,19287.3000
abo_baseline_b,411,CHAIR_STOOL,STANDARD_CHAIR,25.3362,0.8007,9.6776,24.5355,0.4320,0.5786,600,600,1200,673.1000,723.9000,1187.4500,0.5595,0.6078,1.0000,10.0570,18014.8000
abo_baseline_b,412,CHAIR_STOOL,STANDARD_CHAIR,33.7863,11.9601,18.7195,21.8262,0.4320,0.3229,600,600,1200,596.9000,660.4000,819.1500,0.6589,0.6906,1.0000,12.4350,18506.5000
abo_baseline_b,413,SOFA,TWIN_SOFA,29.7380,2.5270,10.9622,27.2110,1.8000,2.5618,900,1000,2000,1041.4000,1041.4000,2362.2000,0.4458,0.4582,1.0000,10.5100,18112.2000
abo_baseline_b,414,CHAIR_STOOL,STANDARD_CHAIR,44.4541,18.7668,22.4264,25.6873,0.4320,0.7777,600,600,1200,759.4600,939.8000,1089.6600,0.6216,0.6321,1.0000,18.5230,19279.0000
abo_baseline_b,415,CHAIR_STOOL,STANDARD_CHAIR,80.1587,9.8112,22.5405,70.3475,0.4320,0.2398,600,600,1200,495.3000,568.9600,850.9000,0.5489,0.7618,1.0000,9.0700,17730.7000
abo_baseline_b,417,CHAIR_STOOL,STANDARD_CHAIR,107.2297,4.8406,28.3732,102.3891,0.4320,0.2085,600,600,1200,500.3800,520.7000,800.1000,0.5839,0.6706,1.0000,8.8060,17662.3000
abo_baseline_b,418,CHAIR_STOOL,STANDARD_CHAIR,48.5747,3.5650,16.3920,45.0096,0.4320,0.2908,600,600,1200,495.3000,614.6800,955.0400,0.4962,0.6255,1.0000,9.8860,17978.1000
abo_baseline_b,419,BED,BUNK_BED,15.7428,23.0612,10.3071,-7.3184,4.7092,4.0687,1308.1000,1800,2000,1168.4000,1612.9000,2159.0000,0.6541,0.9358,1.0000,13.0200,18567.9000
abo_baseline_b,421,SOFA,L_SHAPED_SOFA,255.0074,4.3021,58.5878,250.7053,5.1840,1.4603,900,1800,3200,889.0000,965.2000,1701.8000,0.5520,0.5838,1.0000,12.6260,18552.3000
abo_baseline_b,422,CHAIR_STOOL,STANDARD_CHAIR,47.4654,6.2300,17.1599,41.2355,0.4320,0.2929,600,600,1200,540.0000,620.0000,875.0000,0.5514,0.6957,1.0000,10.7660,18140.1000
abo_baseline_b,423,CHAIR_STOOL,STANDARD_CHAIR,23.4427,21.8873,30.4602,1.5554,0.4320,0.5643,600,600,1200,810.0060,810.0060,860.0440,0.7255,0.7459,1.0000,19.5320,19354.2000
abo_baseline_b,424,SOFA,TWIN_SOFA,26.7757,2.4240,9.8101,24.3517,1.8000,2.4582,900,1000,2000,949.9600,1139.9520,2269.9980,0.4195,0.5253,1.0000,10.8980,18202.9000
abo_baseline_b,425,SOFA,L_SHAPED_SOFA,250.5518,10.3660,60.2645,240.1858,5.1840,1.4788,900,1800,3200,919.9880,940.0540,1709.9280,0.5604,0.6409,1.0000,13.1720,18578.1000
abo_baseline_b,426,SOFA,L_SHAPED_SOFA,267.0346,9.3919,59.9150,257.6427,5.1840,1.4124,900,1800,3200,863.6000,990.6000,1651.0000,0.5346,0.6994,1.0000,13.2910,18618.1000
abo_baseline_b,427,DISPLAY_SHELF,,40.1167,22.2235,27.9939,17.8932,0.8640,0.6166,400,1200,1800,457.2000,717.5500,1879.6000,0.3340,0.4090,1.0000,9.2160,17691.4000
abo_baseline_b,429,CHAIR_STOOL,STANDARD_CHAIR,53.4466,16.0589,25.0739,37.3877,0.4320,0.9280,600,600,1200,838.2000,990.6000,1117.6000,0.6442,0.7267,1.0000,17.2520,19221.4000
abo_baseline_b,430,SOFA,L_SHAPED_SOFA,136.3003,16.1954,40.8192,120.1049,5.1840,2.1938,900,1800,3200,952.5000,1066.8000,2159.0000,0.5085,0.5788,1.0000,13.3490,18596.9000
abo_baseline_b,431,DESK,L_SHAPED_DESK,1874.3403,126.9397,189.5404,1747.4006,1.3824,0.0700,720,1200,1600,234.1880,299.2120,999.2360,0.4021,0.8454,1.0000,10.0950,18005.7000
abo_baseline_b,432,CHAIR_STOOL,STANDARD_CHAIR,60.4610,17.9166,25.8467,42.5444,0.4320,1.0926,600,600,1200,863.6000,939.8000,1346.2000,0.7262,0.8561,1.0000,17.6180,19186.1000
abo_baseline_b,433,DRAWER,,42.9739,65.6924,22.7397,-22.7186,0.7000,0.4896,500,1000,1400,400.0000,765.0000,1600.0000,0.3968,0.8256,1.0000,16.3000,18996.6000
abo_baseline_b,434,CHAIR_STOOL,STANDARD_CHAIR,30.8948,24.3644,32.6315,6.5304,0.4320,0.6251,600,600,1200,838.2000,863.6000,863.6000,0.7219,0.7689,1.0000,22.1110,19557.9000
abo_baseline_b,435,SOFA,L_SHAPED_SOFA,258.4586,2.2793,57.3567,256.1794,5.1840,1.4462,900,1800,3200,830.0000,990.0000,1760.0000,0.4858,0.5538,1.0000,11.6030,18355.5000
abo_baseline_b,436,DRAWER,,113.4146,14.8151,28.9837,98.5995,0.7000,0.3280,500,1000,1400,400.0000,820.0000,1000.0000,0.4839,0.8910,1.0000,9.1130,17776.3000
abo_baseline_b,437,BED,KING_SIZE_BED,17.6495,8.9045,6.2100,8.7451,3.5576,4.3201,1111.8000,1600,2000,1150.3025,1676.4000,2240.2800,0.5559,0.8198,1.0000,13.0460,18465.8000
abo_baseline_b,438,CHAIR_STOOL,STANDARD_CHAIR,58.6750,9.1005,18.5985,49.5744,0.4320,0.2723,600,600,1200,495.3000,609.6000,901.7000,0.4894,0.6267,1.0000,9.8210,18002.8000
abo_baseline_b,439,SOFA,TWIN_SOFA,74.5205,14.3095,20.6763,60.2111,1.8000,1.0314,900,1000,2000,749.3000,901.7000,1526.5400,0.4447,0.4772,1.0000,10.0200,18054.9000
abo_baseline_b,440,SOFA,L_SHAPED_SOFA,256.6323,34.8692,55.5203,221.7631,5.1840,1.4536,900,1800,3200,711.2000,914.4000,2235.2000,0.3287,0.6808,1.0000,10.3980,18104.8000
abo_baseline_b,441,DESK,L_SHAPED_DESK,239.2301,54.3917,51.9458,184.8384,1.3824,0.4075,720,1200,1600,390.0000,860.0000,1215.0000,0.6655,0.7181,1.0000,14.4230,18753.0000
abo_baseline_b,442,SOFA,TWIN_SOFA,11.6179,16.1346,7.0397,-4.5167,1.8000,1.6126,900,1000,2000,817.8800,939.8000,2098.0400,0.4607,0.5110,1.0000,10.8760,18205.6000
abo_baseline_b,443,SOFA,SINGLE_SOFA,21.4152,9.8952,13.7595,11.5200,0.9000,1.1453,900,1000,1000,812.8000,1066.8000,1320.8000,0.6878,0.8725,1.0000,17.7260,19139.6000
abo_baseline_b,444,BED,DOUBLE_BED,52.0611,12.5499,21.1444,39.5111,3.3997,7.0918,1214.2000,1400,2000,1422.4000,2133.6000,2336.8000,0.6071,0.6863,1.0000,12.9500,18543.6000
abo_baseline_b,445,CABINET,,55.2322,8.7342,16.8907,46.4979,0.6720,0.4329,700,800,1200,500.0000,780.0000,1110.0000,0.5129,0.6773,1.0000,17.5930,19177.2000
abo_baseline_b,446,SOFA,L_SHAPED_SOFA,321.6074,7.8121,66.9009,313.7952,5.1840,1.2296,900,1800,3200,810.0000,920.0000,1650.0000,0.5269,0.6038,1.0000,12.0450,18511.6000
abo_baseline_b,447,SOFA,L_SHAPED_SOFA,358.7500,2.7044,75.4559,356.0456,5.1840,1.1300,900,1800,3200,878.8400,899.1600,1430.0200,0.6011,0.6490,1.0000,13.4010,18705.7000
abo_baseline_b,449,CHAIR_STOOL,STANDARD_CHAIR,74.7314,49.4832,36.5568,25.2482,0.4320,1.7096,600,600,1200,914.4000,1066.8000,1752.6000,0.7884,0.9000,1.0000,9.3280,17937.1000
abo_baseline_b,450,SOFA,L_SHAPED_SOFA,327.0537,53.4771,65.5989,273.5766,5.1840,1.2139,900,1800,3200,659.8920,839.9780,2189.9880,0.3783,0.6958,1.0000,11.6560,18419.2000
abo_baseline_b,451,SOFA,L_SHAPED_SOFA,318.4485,22.3554,63.7920,296.0931,5.1840,1.2389,900,1800,3200,711.2000,914.4000,1905.0000,0.3162,0.6212,1.0000,10.6710,18096.7000
abo_baseline_b,452,SOFA,TWIN_SOFA,18.4043,16.3952,12.7721,2.0092,1.8000,1.5202,900,1000,2000,768.3500,895.3500,2209.8000,0.4209,0.4527,1.0000,10.0680,17990.1000
abo_baseline_b,453,SOFA,TWIN_SOFA,45.2946,10.1902,13.6316,35.1044,1.8000,1.2389,900,1000,2000,711.2000,914.4000,1905.0000,0.3287,0.5204,1.0000,10.3900,18080.5000
abo_baseline_b,454,DISPLAY_SHELF,,438.5677,11.9041,79.2625,426.6636,0.8640,0.1604,400,1200,1800,184.1500,920.7500,946.1500,0.2055,0.7959,1.0000,9.6130,17915.4000
abo_baseline_b,455,CABINET,,1213.4949,3.7026,137.5866,1209.7923,0.6720,0.0512,700,800,1200,290.0000,297.0000,594.0000,0.5042,0.5206,1.0000,11.8470,18364.5000
abo_baseline_b,456,CHAIR_STOOL,STANDARD_CHAIR,32.9273,25.7127,33.3333,7.2146,0.4320,0.6441,600,600,1200,863.6000,863.6000,863.6000,0.7317,0.7540,1.0000,17.1650,19124.2000
abo_baseline_b,457,DRAWER,,71.7448,34.3944,20.4574,37.3504,0.7000,0.4076,500,1000,1400,397.9992,752.9985,1359.9973,0.3868,0.7564,1.0000,13.3810,18551.3000
abo_baseline_b,458,CHAIR_STOOL,STANDARD_CHAIR,30.1292,13.4526,19.1466,16.6766,0.4320,0.6183,600,600,1200,701.0400,840.7400,1049.0200,0.6067,0.6596,1.0000,18.0780,19244.0000
abo_baseline_b,459,DESK,DESK_DOUBLE_PEDESTAL,7.7240,10.0115,35.2417,-2.2875,0.9216,0.8555,720,800,1600,431.8000,1054.1000,1879.6000,0.2635,0.5310,1.0000,10.2030,18096.9000
abo_baseline_b,460,CHAIR_STOOL,STANDARD_CHAIR,28.9090,14.6888,22.3960,14.2203,0.4320,0.3351,600,600,1200,590.0000,710.0000,800.0000,0.6293,0.7570,1.0000,12.1710,18449.5000
abo_baseline_b,461,SOFA,TWIN_SOFA,7.7959,24.5890,9.3647,-16.7931,1.8000,1.9522,900,1000,2000,838.2000,965.2000,2413.0000,0.4482,0.4806,1.0000,10.7770,18157.5000
abo_baseline_b,462,CHAIR_STOOL,STANDARD_CHAIR,8.2194,26.6782,30.5535,-18.4588,0.4320,0.3992,600,600,1200,711.2000,736.6000,762.0000,0.6822,0.7110,1.0000,17.9560,19246.0000
abo_baseline_b,463,SOFA,L_SHAPED_SOFA,255.0074,2.3446,58.5878,252.6628,5.1840,1.4603,900,1800,3200,889.0000,965.2000,1701.8000,0.5364,0.5785,1.0000,12.9480,18558.5000
abo_baseline_b,464,SOFA,L_SHAPED_SOFA,256.6323,42.6823,55.5203,213.9499,5.1840,1.4536,900,1800,3200,711.2000,914.4000,2235.2000,0.3515,0.7155,1.0000,10.6050,18186.0000
abo_baseline_b,465,DRAWER,,934.2790,14.9062,128.9204,919.3728,0.7000,0.0677,500,1000,1400,360.0000,400.0000,470.0000,0.9072,0.9478,1.0000,9.7010,18102.2000
abo_baseline_b,466,CABINET,,22.4365,16.7027,42.4242,5.7338,0.6720,0.5489,700,800,1200,420.0000,660.0000,1980.0000,0.2529,0.3805,1.0000,9.7260,18013.7000
abo_baseline_b,467,CHAIR_STOOL,STANDARD_CHAIR,50.9922,25.3899,27.9320,25.6023,0.4320,0.8815,600,600,1200,812.8000,1041.4000,1041.4000,0.5697,0.7623,1.0000,17.0940,19099.5000
abo_baseline_b,468,CHAIR_STOOL,STANDARD_CHAIR,63.8991,4.8963,19.9953,59.0028,0.4320,0.2636,600,600,1200,480.0600,610.1080,899.9220,0.4910,0.6655,1.0000,9.8000,18014.5000
abo_baseline_b,469,SOFA,L_SHAPED_SOFA,201.4294,12.8455,57.8133,188.5838,5.1840,1.7198,900,1800,3200,990.6000,990.6000,1752.6000,0.5439,0.6891,1.0000,12.5160,18499.8000
abo_baseline_b,470,CABINET,,57.6720,34.9566,24.0363,22.7154,0.6720,1.5876,700,800,1200,900.0000,900.0000,1960.0000,0.3446,0.6656,1.0000,11.6640,18374.7000
abo_baseline_b,471,CHAIR_STOOL,STANDARD_CHAIR,106.8217,12.1221,28.0748,94.6996,0.4320,0.2089,600,600,1200,495.3000,515.6200,817.8800,0.5570,0.7326,1.0000,9.0720,17720.3000
abo_baseline_b,472,DRAWER,,113.4146,15.9475,28.9837,97.4671,0.7000,0.3280,500,1000,1400,400.0000,820.0000,1000.0000,0.5010,0.8746,1.0000,19.7560,19440.5000
abo_baseline_b,473,BED,SUPER_SINGLE_BED,28.3823,14.6942,8.8555,13.6881,2.4994,1.9468,1100,1136.1000,2000,985.0120,993.1400,1990.0900,0.5680,0.5720,1.0000,10.0180,17843.2000
abo_baseline_b,474,DESK,DESK_NO_DRAWER,62.1053,48.2113,26.3910,13.8939,0.8064,2.1280,720,800,1400,800.0000,1400.0000,1900.0000,0.1110,0.5690,1.0000,8.7030,17569.0000
abo_baseline_b,475,BED,BUNK_BED,670.9782,8.1766,97.7223,662.8016,0.3258,0.0423,90.5000,1800,2000,43.1800,939.8000,1041.4000,0.0453,0.9675,1.0000,9.6880,17868.4000
abo_baseline_b,476,DISPLAY_SHELF,,137.7548,20.3144,42.9355,117.4405,0.8640,0.3634,400,1200,1800,355.6000,558.8000,1828.8000,0.2555,0.3338,1.0000,9.5580,17853.7000
abo_baseline_b,477,CHAIR_STOOL,STANDARD_CHAIR,29.3161,2.9630,25.9018,26.3531,0.4320,0.6112,600,600,1200,711.2000,914.4000,939.8000,0.7563,0.9159,1.0000,9.3260,17824.3000
abo_baseline_b,478,SOFA,L_SHAPED_SOFA,157.7376,15.6722,47.1539,142.0653,5.1840,2.0113,900,1800,3200,965.2000,965.2000,2159.0000,0.4673,0.5670,1.0000,11.0040,18217.8000
abo_baseline_b,479,SOFA,TWIN_SOFA,7.7959,26.9254,9.3647,-19.1295,1.8000,1.9522,900,1000,2000,838.2000,965.2000,2413.0000,0.4623,0.4830,1.0000,10.6410,18118.7000
abo_baseline_b,480,CHAIR_STOOL,STANDARD_CHAIR,34.3046,33.2756,26.3086,1.0290,0.4320,0.6576,600,600,1200,812.8000,838.2000,965.2000,0.5561,0.5855,1.0000,16.8380,19159.8000
abo_baseline_b,481,CHAIR_STOOL,STANDARD_CHAIR,205.1187,11.0414,46.9087,194.0773,0.4320,0.1416,600,600,1200,406.4000,508.0000,685.8000,0.4937,0.7007,1.0000,14.4480,18800.5000
abo_baseline_b,482,SOFA,TWIN_SOFA,11.9960,7.3249,3.9323,4.6711,1.8000,1.6072,900,1000,2000,820.0000,980.0000,2000.0000,0.4562,0.5065,1.0000,10.8520,18167.9000
abo_baseline_b,483,SOFA,L_SHAPED_SOFA,3217.9724,32.8001,232.5525,3185.1723,5.1840,0.1562,900,1800,3200,400.0000,420.0000,930.0000,0.5752,0.5955,1.0000,11.5670,18436.0000
abo_baseline_b,484,CHAIR_STOOL,STANDARD_CHAIR,42.8968,13.5144,15.3971,29.3824,0.4320,0.3023,600,600,1200,590.0000,610.0000,840.0000,0.6117,0.6237,1.0000,9.8280,18024.1000
abo_baseline_b,485,SOFA,L_SHAPED_SOFA,182.8366,17.6136,43.4361,165.2231,5.1840,1.8329,900,1800,3200,787.4000,1041.4000,2235.2000,0.2999,0.5608,1.0000,10.1050,18026.3000
abo_baseline_b,486,BED,BUNK_BED,35.6647,31.2141,18.7341,4.4506,1.6362,2.5433,454.5000,1800,2000,800.0000,1622.0000,1960.0000,0.2273,0.9774,1.0000,9.7340,17963.6000
abo_baseline_b,487,CHAIR_STOOL,STANDARD_CHAIR,58.4872,26.2722,30.2087,32.2150,0.4320,1.0406,600,600,1200,914.4000,1066.8000,1066.8000,0.6267,0.7435,1.0000,19.3460,19342.5000
abo_baseline_b,488,SOFA,L_SHAPED_SOFA,256.6323,31.6832,55.5203,224.9491,5.1840,1.4536,900,1800,3200,711.2000,914.4000,2235.2000,0.3246,0.6601,1.0000,11.0540,18224.2000
abo_baseline_b,489,SOFA,TWIN_SOFA,12.2394,3.3475,5.0247,8.8918,1.8000,1.6037,900,1000,2000,878.8400,899.1600,2029.4600,0.4384,0.4672,1.0000,10.4960,18096.7000
abo_baseline_b,491,SOFA,TWIN_SOFA,11.7643,0.4599,3.8282,11.3044,1.8000,1.6105,900,1000,2000,830.0000,990.0000,1960.0000,0.4254,0.5028,1.0000,10.4880,18095.4000
abo_baseline_b,492,SOFA,TWIN_SOFA,4.0221,6.9081,2.6625,-2.8860,1.8000,1.7304,900,1000,2000,869.9500,1020.0640,1949.9580,0.4158,0.4864,1.0000,11.4450,18270.5000
abo_baseline_b,493,CHAIR_STOOL,STANDARD_CHAIR,53.4466,16.7684,25.0739,36.6782,0.4320,0.9280,600,600,1200,838.2000,990.6000,1117.6000,0.6118,0.7525,1.0000,18.5560,19379.2000
abo_baseline_b,494,BED,DOUBLE_BED,37.7220,1.0176,14.5887,36.7043,3.4702,5.5721,1239.4000,1400,2000,1422.4000,1676.4000,2336.8000,0.6197,0.7157,1.0000,13.1420,18614.0000
abo_baseline_b,495,DESK,L_SHAPED_DESK,219.3883,11.9033,47.4354,207.4850,1.3824,0.4328,720,1200,1600,495.3000,764.5400,1143.0000,0.4155,0.8006,1.0000,10.2570,18112.0000
abo_baseline_b,496,SOFA,L_SHAPED_SOFA,270.3534,12.8356,61.6715,257.5178,5.1840,1.3997,900,1800,3200,899.9220,960.1200,1620.0120,0.5219,0.7090,1.0000,11.1140,18222.3000
abo_baseline_b,497,SOFA,L_SHAPED_SOFA,255.0074,2.1509,58.5878,252.8565,5.1840,1.4603,900,1800,3200,889.0000,965.2000,1701.8000,0.5334,0.5796,1.0000,12.7890,18540.9000
abo_baseline_b,498,CHAIR_STOOL,STANDARD_CHAIR,15.2050,8.4168,10.9874,6.7882,0.4320,0.3750,600,600,1200,620.0140,629.9200,960.1200,0.5703,0.6223,1.0000,10.1590,18056.9000
abo_baseline_b,499,CHAIR_STOOL,STANDARD_CHAIR,92.9199,9.5090,24.6207,83.4110,0.4320,0.2239,600,600,1200,460.0000,474.0000,1027.0000,0.4271,0.5279,1.0000,8.3620,17598.5000
