sample_id,category,img_path,mask_path,model_path,dim_small,dim_mid,dim_large,latency_seconds,vram_peak_mb,success,error
0,CHAIR_STOOL,/home/rladlems1031/Isajjim-AI/experiments/benchmark/data/abo/images/f1/f16be173.jpg,/home/rladlems1031/Isajjim-AI/experiments/benchmark/data/abo/masks/B07K7K8YF9.png,/home/rladlems1031/Isajjim-AI/experiments/benchmark/data/abo/meshes/9/B07K7K8YF9.glb,0.43639734403485003,0.5170714491468158,1.0,8.442,17634.9,True,
1,DRAWER,/home/rladlems1031/Isajjim-AI/experiments/benchmark/data/abo/images/69/69416ca0.jpg,/home/rladlems1031/Isajjim-AI/experiments/benchmark/data/abo/masks/B07B4VXZZC.png,/home/rladlems1031/Isajjim-AI/experiments/benchmark/data/abo/meshes/C/B07B4VXZZC.glb,0.5808450317892685,0.9937602296327571,1.0,9.439,17902.9,True,
2,CABINET,/home/rladlems1031/Isajjim-AI/experiments/benchmark/data/abo/images/3f/3f16c92e.jpg,/home/rladlems1031/Isajjim-AI/experiments/benchmark/data/abo/masks/B015IPNVFW.png,/home/rladlems1031/Isajjim-AI/experiments/benchmark/data/abo/meshes/W/B015IPNVFW.glb,0.25629065880296253,0.4252967745901703,1.0,9.475,18092.3,True,
3,CHAIR_STOOL,/home/rladlems1031/Isajjim-AI/experiments/benchmark/data/abo/images/48/4810039e.jpg,/home/rladlems1031/Isajjim-AI/experiments/benchmark/data/abo/masks/B07DYJ43BZ.png,/home/rladlems1031/Isajjim-AI/experiments/benchmark/data/abo/meshes/Z/B07DYJ43BZ.glb,0.6216839567310961,0.6249241915473284,1.0,10.347,18129.1,True,
4,SOFA,/home/rladlems1031/Isajjim-AI/experiments/benchmark/data/abo/images/a5/a553d527.jpg,/home/rladlems1031/Isajjim-AI/experiments/benchmark/data/abo/masks/B07HPSSN7H.png,/home/rladlems1031/Isajjim-AI/experiments/benchmark/data/abo/meshes/H/B07HPSSN7H.glb,0.45590833106705586,0.517490599322874,1.0,10.251,18050.9,True,
5,CHAIR_STOOL,/home/rladlems1031/Isajjim-AI/experiments/benchmark/data/abo/images/ac/ac5cc0ac.jpg,/home/rladlems1031/Isajjim-AI/experiments/benchmark/data/abo/masks/B07Q3WM678.png,/home/rladlems1031/Isajjim-AI/experiments/benchmark/data/abo/meshes/8/B07Q3WM678.glb,0.5330238678402636,0.6194022857914575,1.0,16.882,19064.2,True,
6,BED,/home/rladlems1031/Isajjim-AI/experiments/benchmark/data/abo/images/c1/c185460a.jpg,/home/rladlems1031/Isajjim-AI/experiments/benchmark/data/abo/masks/B07RGR6XYT.png,/home/rladlems1031/Isajjim-AI/experiments/benchmark/data/abo/meshes/T/B07RGR6XYT.glb,0.6066108758113481,0.6265739116301317,1.0,13.147,18670.5,True,
7,CHAIR_STOOL,/home/rladlems1031/Isajjim-AI/experiments/benchmark/data/abo/images/fa/fa97ecd1.jpg,/home/rladlems1031/Isajjim-AI/experiments/benchmark/data/abo/masks/B07JVP2C7M.png,/home/rladlems1031/Isajjim-AI/experiments/benchmark/data/abo/meshes/M/B07JVP2C7M.glb,0.7585367829739983,0.7884783244344201,1.0,20.297,19598.8,True,
8,CHAIR_STOOL,/home/rladlems1031/Isajjim-AI/experiments/benchmark/data/abo/images/6d/6da6706c.jpg,/home/rladlems1031/Isajjim-AI/experiments/benchmark/data/abo/masks/B072PZKCMP.png,/home/rladlems1031/Isajjim-AI/experiments/benchmark/data/abo/meshes/P/B072PZKCMP.glb,0.6458840119347835,0.7711470557363896,1.0,16.54,19102.5,True,
9,DESK,/home/rladlems1031/Isajjim-AI/experiments/benchmark/data/abo/images/57/57ea093b.jpg,/home/rladlems1031/Isajjim-AI/experiments/benchmark/data/abo/masks/B07B7GXKCN.png,/home/rladlems1031/Isajjim-AI/experiments/benchmark/data/abo/meshes/N/B07B7GXKCN.glb,0.5375483727273179,0.680749791112172,1.0,10.074,18045.7,True,
10,CHAIR_STOOL,/home/rladlems1031/Isajjim-AI/experiments/benchmark/data/abo/images/21/21a779c6.jpg,/home/rladlems1031/Isajjim-AI/experiments/benchmark/data/abo/masks/B082VMRLM7.png,/home/rladlems1031/Isajjim-AI/experiments/benchmark/data/abo/meshes/7/B082VMRLM7.glb,0.7251563188013019,0.7743662886990098,1.0,15.343,18827.9,True,
11,CHAIR_STOOL,/home/rladlems1031/Isajjim-AI/experiments/benchmark/data/abo/images/ba/ba376083.jpg,/home/rladlems1031/Isajjim-AI/experiments/benchmark/data/abo/masks/B07JY32YJN.png,/home/rladlems1031/Isajjim-AI/experiments/benchmark/data/abo/meshes/N/B07JY32YJN.glb,0.6772482850659399,0.7135613839901283,1.0,23.217,19689.8,True,
12,CHAIR_STOOL,/home/rladlems1031/Isajjim-AI/experiments/benchmark/data/abo/images/9a/9aaba888.jpg,/home/rladlems1031/Isajjim-AI/experiments/benchmark/data/abo/masks/B07MNYTYQL.png,/home/rladlems1031/Isajjim-AI/experiments/benchmark/data/abo/meshes/L/B07MNYTYQL.glb,0.6724481692526062,0.6911598249712624,1.0,9.382,17777.5,True,
13,CHAIR_STOOL,/home/rladlems1031/Isajjim-AI/experiments/benchmark/data/abo/images/39/396f2e2c.jpg,/home/rladlems1031/Isajjim-AI/experiments/benchmark/data/abo/masks/B082Q955WS.png,/home/rladlems1031/Isajjim-AI/experiments/benchmark/data/abo/meshes/S/B082Q955WS.glb,0.8271589875567207,0.832305503570899,1.0,9.253,17785.9,True,
14,SOFA,/home/rladlems1031/Isajjim-AI/experiments/benchmark/data/abo/images/e5/e543887f.jpg,/home/rladlems1031/Isajjim-AI/experiments/benchmark/data/abo/masks/B07J2YB48B.png,/home/rladlems1031/Isajjim-AI/experiments/benchmark/data/abo/meshes/B/B07J2YB48B.glb,0.4406667900589176,0.5396266163774744,1.0,10.185,18015.7,True,
15,SOFA,/home/rladlems1031/Isajjim-AI/experiments/benchmark/data/abo/images/5d/5d4ab70e.jpg,/home/rladlems1031/Isajjim-AI/experiments/benchmark/data/abo/masks/B07ZTPL42H.png,/home/rladlems1031/Isajjim-AI/experiments/benchmark/data/abo/meshes/H/B07ZTPL42H.glb,0.33612001167627303,0.6510014899213964,1.0,9.581,17939.9,True,
16,CHAIR_STOOL,/home/rladlems1031/Isajjim-AI/experiments/benchmark/data/abo/images/cb/cbf00f9b.jpg,/home/rladlems1031/Isajjim-AI/experiments/benchmark/data/abo/masks/B075X65R4N.png,/home/rladlems1031/Isajjim-AI/experiments/benchmark/data/abo/meshes/N/B075X65R4N.glb,0.6445952066702849,0.8150253215500514,1.0,14.3,18753.9,True,
17,DESK,/home/rladlems1031/Isajjim-AI/experiments/benchmark/data/abo/images/18/18bc89ce.jpg,/home/rladlems1031/Isajjim-AI/experiments/benchmark/data/abo/masks/B07QJJXBV8.png,/home/rladlems1031/Isajjim-AI/experiments/benchmark/data/abo/meshes/8/B07QJJXBV8.glb,0.4121512890372356,0.63203755730336,1.0,8.652,17599.1,True,
18,SOFA,/home/rladlems1031/Isajjim-AI/experiments/benchmark/data/abo/images/2b/2b27363c.jpg,/home/rladlems1031/Isajjim-AI/experiments/benchmark/data/abo/masks/B07HPQJHN2.png,/home/rladlems1031/Isajjim-AI/experiments/benchmark/data/abo/meshes/2/B07HPQJHN2.glb,0.4029050027468197,0.4429485278035242,1.0,9.947,18043.2,True,
19,SOFA,/home/rladlems1031/Isajjim-AI/experiments/benchmark/data/abo/images/8a/8affed81.jpg,/home/rladlems1031/Isajjim-AI/experiments/benchmark/data/abo/masks/B082VLRCBX.png,/home/rladlems1031/Isajjim-AI/experiments/benchmark/data/abo/meshes/X/B082VLRCBX.glb,0.5621989063486359,0.7412384041053991,1.0,14.097,18735.5,True,
20,SOFA,/home/rladlems1031/Isajjim-AI/experiments/benchmark/data/abo/images/51/51a565be.jpg,/home/rladlems1031/Isajjim-AI/experiments/benchmark/data/abo/masks/B07P5LMFPN.png,/home/rladlems1031/Isajjim-AI/experiments/benchmark/data/abo/meshes/N/B07P5LMFPN.glb,0.6172707806739958,0.6767115219004315,1.0,14.462,18836.6,True,
21,SOFA,/home/rladlems1031/Isajjim-AI/experiments/benchmark/data/abo/images/5b/5b409a1e.jpg,/home/rladlems1031/Isajjim-AI/experiments/benchmark/data/abo/masks/B07BW8Q16K.png,/home/rladlems1031/Isajjim-AI/experiments/benchmark/data/abo/meshes/K/B07BW8Q16K.glb,0.26388794380720754,0.7209256525761587,1.0,11.168,18247.9,True,
22,CHAIR_STOOL,/home/rladlems1031/Isajjim-AI/experiments/benchmark/data/abo/images/01/01fb175e.jpg,/home/rladlems1031/Isajjim-AI/experiments/benchmark/data/abo/masks/B075X4N3QJ.png,/home/rladlems1031/Isajjim-AI/experiments/benchmark/data/abo/meshes/J/B075X4N3QJ.glb,0.7324298588013969,0.7362055484548026,1.0,18.873,19197.9,True,
23,CHAIR_STOOL,/home/rladlems1031/Isajjim-AI/experiments/benchmark/data/abo/images/84/84a4b148.jpg,/home/rladlems1031/Isajjim-AI/experiments/benchmark/data/abo/masks/B07QC85YBY.png,/home/rladlems1031/Isajjim-AI/experiments/benchmark/data/abo/meshes/Y/B07QC85YBY.glb,0.5754691018293633,0.6059667117682717,1.0,9.722,17904.4,True,
24,DRAWER,/home/rladlems1031/Isajjim-AI/experiments/benchmark/data/abo/images/df/dfd0e3cd.jpg,/home/rladlems1031/Isajjim-AI/experiments/benchmark/data/abo/masks/B01LYEG73K.png,/home/rladlems1031/Isajjim-AI/experiments/benchmark/data/abo/meshes/K/B01LYEG73K.glb,0.3173206051062983,0.5187306218060173,1.0,11.847,18442.7,True,
25,SOFA,/home/rladlems1031/Isajjim-AI/experiments/benchmark/data/abo/images/d6/d6c9a4af.jpg,/home/rladlems1031/Isajjim-AI/experiments/benchmark/data/abo/masks/B07R4TY73P.png,/home/rladlems1031/Isajjim-AI/experiments/benchmark/data/abo/meshes/P/B07R4TY73P.glb,0.3768395397101518,0.5259529656890879,1.0,9.208,17831.8,True,
26,SOFA,/home/rladlems1031/Isajjim-AI/experiments/benchmark/data/abo/images/22/22e33939.jpg,/home/rladlems1031/Isajjim-AI/experiments/benchmark/data/abo/masks/B075X4VQQ7.png,/home/rladlems1031/Isajjim-AI/experiments/benchmark/data/abo/meshes/7/B075X4VQQ7.glb,0.38367947303294225,0.4238987614931857,1.0,10.242,18046.0,True,
27,CHAIR_STOOL,/home/rladlems1031/Isajjim-AI/experiments/benchmark/data/abo/images/2c/2cfd0581.jpg,/home/rladlems1031/Isajjim-AI/experiments/benchmark/data/abo/masks/B0856G51ZG.png,/home/rladlems1031/Isajjim-AI/experiments/benchmark/data/abo/meshes/G/B0856G51ZG.glb,0.5062760042275962,0.7232244650187544,1.0,8.481,17613.3,True,
28,DISPLAY_SHELF,/home/rladlems1031/Isajjim-AI/experiments/benchmark/data/abo/images/de/de5c3467.jpg,/home/rladlems1031/Isajjim-AI/experiments/benchmark/data/abo/masks/B07HSMYNYJ.png,/home/rladlems1031/Isajjim-AI/experiments/benchmark/data/abo/meshes/J/B07HSMYNYJ.glb,0.22866242237754517,0.42706656797244624,1.0,9.878,17932.6,True,
29,CHAIR_STOOL,/home/rladlems1031/Isajjim-AI/experiments/benchmark/data/abo/images/dd/dd24653f.jpg,/home/rladlems1031/Isajjim-AI/experiments/benchmark/data/abo/masks/B07B78LXYF.png,/home/rladlems1031/Isajjim-AI/experiments/benchmark/data/abo/meshes/F/B07B78LXYF.glb,0.46932044866143674,0.6079774887914733,1.0,9.649,17950.3,True,
30,SOFA,/home/rladlems1031/Isajjim-AI/experiments/benchmark/data/abo/images/4d/4d3b92d5.jpg,/home/rladlems1031/Isajjim-AI/experiments/benchmark/data/abo/masks/B07QHYD94M.png,/home/rladlems1031/Isajjim-AI/experiments/benchmark/data/abo/meshes/M/B07QHYD94M.glb,0.460085654738072,0.5202011745113749,1.0,11.12,18242.9,True,
31,SOFA,/home/rladlems1031/Isajjim-AI/experiments/benchmark/data/abo/images/cf/cfc32ba4.jpg,/home/rladlems1031/Isajjim-AI/experiments/benchmark/data/abo/masks/B07PBZVP19.png,/home/rladlems1031/Isajjim-AI/experiments/benchmark/data/abo/meshes/9/B07PBZVP19.glb,0.4019696065955596,0.46029815601146035,1.0,10.266,18018.5,True,
32,SOFA,/home/rladlems1031/Isajjim-AI/experiments/benchmark/data/abo/images/40/403f313a.jpg,/home/rladlems1031/Isajjim-AI/experiments/benchmark/data/abo/masks/B07J2YWSF3.png,/home/rladlems1031/Isajjim-AI/experiments/benchmark/data/abo/meshes/3/B07J2YWSF3.glb,0.5439665116249307,0.728029816801253,1.0,15.208,18853.6,True,
33,BED,/home/rladlems1031/Isajjim-AI/experiments/benchmark/data/abo/images/9b/9be85353.jpg,/home/rladlems1031/Isajjim-AI/experiments/benchmark/data/abo/masks/B07R7XFD22.png,/home/rladlems1031/Isajjim-AI/experiments/benchmark/data/abo/meshes/2/B07R7XFD22.glb,0.2461517434014128,0.8918575962252128,1.0,8.87,17579.0,True,
34,DESK,/home/rladlems1031/Isajjim-AI/experiments/benchmark/data/abo/images/4a/4a5dd715.jpg,/home/rladlems1031/Isajjim-AI/experiments/benchmark/data/abo/masks/B07QC84LTR.png,/home/rladlems1031/Isajjim-AI/experiments/benchmark/data/abo/meshes/R/B07QC84LTR.glb,0.4348885860807142,0.6157122284382892,1.0,9.715,17912.9,True,
35,CHAIR_STOOL,/home/rladlems1031/Isajjim-AI/experiments/benchmark/data/abo/images/bb/bba6e05f.jpg,/home/rladlems1031/Isajjim-AI/experiments/benchmark/data/abo/masks/B07M7MMPWY.png,/home/rladlems1031/Isajjim-AI/experiments/benchmark/data/abo/meshes/Y/B07M7MMPWY.glb,0.5257748373357983,0.5538091330543574,1.0,10.937,18257.4,True,
36,CHAIR_STOOL,/home/rladlems1031/Isajjim-AI/experiments/benchmark/data/abo/images/5f/5f2fe41c.jpg,/home/rladlems1031/Isajjim-AI/experiments/benchmark/data/abo/masks/B0723H8D37.png,/home/rladlems1031/Isajjim-AI/experiments/benchmark/data/abo/meshes/7/B0723H8D37.glb,0.6053949857563309,0.6120833057436794,1.0,17.501,19128.1,True,
37,DESK,/home/rladlems1031/Isajjim-AI/experiments/benchmark/data/abo/images/bb/bb709b64.jpg,/home/rladlems1031/Isajjim-AI/experiments/benchmark/data/abo/masks/B07JXXR83F.png,/home/rladlems1031/Isajjim-AI/experiments/benchmark/data/abo/meshes/F/B07JXXR83F.glb,0.37940768530752816,0.6307844051642992,1.0,9.864,18058.6,True,
38,BED,/home/rladlems1031/Isajjim-AI/experiments/benchmark/data/abo/images/b6/b6da0eb0.jpg,/home/rladlems1031/Isajjim-AI/experiments/benchmark/data/abo/masks/B073WR5DGC.png,/home/rladlems1031/Isajjim-AI/experiments/benchmark/data/abo/meshes/C/B073WR5DGC.glb,0.368315550831869,0.982105668929316,1.0,11.651,18295.8,True,
39,CHAIR_STOOL,/home/rladlems1031/Isajjim-AI/experiments/benchmark/data/abo/images/a7/a73ca58a.jpg,/home/rladlems1031/Isajjim-AI/experiments/benchmark/data/abo/masks/B073GBFBR9.png,/home/rladlems1031/Isajjim-AI/experiments/benchmark/data/abo/meshes/9/B073GBFBR9.glb,0.6534348960094827,0.7480343496465,1.0,17.737,19151.7,True,
40,SOFA,/home/rladlems1031/Isajjim-AI/experiments/benchmark/data/abo/images/f1/f1328fec.jpg,/home/rladlems1031/Isajjim-AI/experiments/benchmark/data/abo/masks/B07G2FP9YJ.png,/home/rladlems1031/Isajjim-AI/experiments/benchmark/data/abo/meshes/J/B07G2FP9YJ.glb,0.4495166539957105,0.5174093759962224,1.0,11.007,18251.2,True,
41,SOFA,/home/rladlems1031/Isajjim-AI/experiments/benchmark/data/abo/images/cd/cd7d97d0.jpg,/home/rladlems1031/Isajjim-AI/experiments/benchmark/data/abo/masks/B07BWMQQ4D.png,/home/rladlems1031/Isajjim-AI/experiments/benchmark/data/abo/meshes/D/B07BWMQQ4D.glb,0.28334767436133795,0.6762442753710923,1.0,10.805,18142.4,True,
42,SOFA,/home/rladlems1031/Isajjim-AI/experiments/benchmark/data/abo/images/b6/b672b084.jpg,/home/rladlems1031/Isajjim-AI/experiments/benchmark/data/abo/masks/B07QCMB9HN.png,/home/rladlems1031/Isajjim-AI/experiments/benchmark/data/abo/meshes/N/B07QCMB9HN.glb,0.5005930521252675,0.652634079788052,1.0,14.274,18773.2,True,
43,BED,/home/rladlems1031/Isajjim-AI/experiments/benchmark/data/abo/images/6b/6ba45adb.jpg,/home/rladlems1031/Isajjim-AI/experiments/benchmark/data/abo/masks/B07B4W2H78.png,/home/rladlems1031/Isajjim-AI/experiments/benchmark/data/abo/meshes/8/B07B4W2H78.glb,0.5771510648450778,0.8356526009272383,1.0,12.996,18490.8,True,
44,BED,/home/rladlems1031/Isajjim-AI/experiments/benchmark/data/abo/images/37/37f3c993.jpg,/home/rladlems1031/Isajjim-AI/experiments/benchmark/data/abo/masks/B07B4YNHSN.png,/home/rladlems1031/Isajjim-AI/experiments/benchmark/data/abo/meshes/N/B07B4YNHSN.glb,0.6071278831526757,0.6862602720900857,1.0,13.03,18543.6,True,
45,CHAIR_STOOL,/home/rladlems1031/Isajjim-AI/experiments/benchmark/data/abo/images/bd/bd4d5886.jpg,/home/rladlems1031/Isajjim-AI/experiments/benchmark/data/abo/masks/B075YP3BFP.png,/home/rladlems1031/Isajjim-AI/experiments/benchmark/data/abo/meshes/P/B075YP3BFP.glb,0.4795934442476746,0.6218124888855334,1.0,9.809,17979.9,True,
46,CHAIR_STOOL,/home/rladlems1031/Isajjim-AI/experiments/benchmark/data/abo/images/94/94f1e103.jpg,/home/rladlems1031/Isajjim-AI/experiments/benchmark/data/abo/masks/B07B4MDG86.png,/home/rladlems1031/Isajjim-AI/experiments/benchmark/data/abo/meshes/6/B07B4MDG86.glb,0.4877071944566731,0.6686172494909731,1.0,11.546,18274.2,True,
47,SOFA,/home/rladlems1031/Isajjim-AI/experiments/benchmark/data/abo/images/e7/e7a2266c.jpg,/home/rladlems1031/Isajjim-AI/experiments/benchmark/data/abo/masks/B07PBZVP6Z.png,/home/rladlems1031/Isajjim-AI/experiments/benchmark/data/abo/meshes/Z/B07PBZVP6Z.glb,0.5152527114092352,0.5805728616469047,1.0,13.339,18594.0,True,
48,SOFA,/home/rladlems1031/Isajjim-AI/experiments/benchmark/data/abo/images/c1/c1c53294.jpg,/home/rladlems1031/Isajjim-AI/experiments/benchmark/data/abo/masks/B07BWM2CTH.png,/home/rladlems1031/Isajjim-AI/experiments/benchmark/data/abo/meshes/H/B07BWM2CTH.glb,0.3873639308896919,0.685373637728396,1.0,11.489,18299.1,True,
49,SOFA,/home/rladlems1031/Isajjim-AI/experiments/benchmark/data/abo/images/c1/c133d8ca.jpg,/home/rladlems1031/Isajjim-AI/experiments/benchmark/data/abo/masks/B07BW8PYZ9.png,/home/rladlems1031/Isajjim-AI/experiments/benchmark/data/abo/meshes/9/B07BW8PYZ9.glb,0.27672807013890927,0.6862123211563251,1.0,10.723,18153.2,True,
50,SOFA,/home/rladlems1031/Isajjim-AI/experiments/benchmark/data/abo/images/5a/5a75ad91.jpg,/home/rladlems1031/Isajjim-AI/experiments/benchmark/data/abo/masks/B07PC11RS2.png,/home/rladlems1031/Isajjim-AI/experiments/benchmark/data/abo/meshes/2/B07PC11RS2.glb,0.4932976987980682,0.5886693310637807,1.0,11.925,18412.3,True,
51,CHAIR_STOOL,/home/rladlems1031/Isajjim-AI/experiments/benchmark/data/abo/images/40/405d431b.jpg,/home/rladlems1031/Isajjim-AI/experiments/benchmark/data/abo/masks/B07DBGHY3F.png,/home/rladlems1031/Isajjim-AI/experiments/benchmark/data/abo/meshes/F/B07DBGHY3F.glb,0.7169230053161105,0.7645218037893667,1.0,21.098,19512.4,True,
52,DESK,/home/rladlems1031/Isajjim-AI/experiments/benchmark/data/abo/images/11/110a06c7.jpg,/home/rladlems1031/Isajjim-AI/experiments/benchmark/data/abo/masks/B07R1JT4JL.png,/home/rladlems1031/Isajjim-AI/experiments/benchmark/data/abo/meshes/L/B07R1JT4JL.glb,0.3926742430207639,0.6368748765396306,1.0,8.692,17620.1,True,
53,CHAIR_STOOL,/home/rladlems1031/Isajjim-AI/experiments/benchmark/data/abo/images/e4/e41ecbc4.jpg,/home/rladlems1031/Isajjim-AI/experiments/benchmark/data/abo/masks/B07B4CZRMJ.png,/home/rladlems1031/Isajjim-AI/experiments/benchmark/data/abo/meshes/J/B07B4CZRMJ.glb,0.6190473369808049,0.7590389280173359,1.0,18.075,19320.9,True,
54,DRAWER,/home/rladlems1031/Isajjim-AI/experiments/benchmark/data/abo/images/e0/e045423c.jpg,/home/rladlems1031/Isajjim-AI/experiments/benchmark/data/abo/masks/B07JWPM3HD.png,/home/rladlems1031/Isajjim-AI/experiments/benchmark/data/abo/meshes/D/B07JWPM3HD.glb,0.5397962700946703,0.7688422453063385,1.0,18.715,19259.7,True,
55,CHAIR_STOOL,/home/rladlems1031/Isajjim-AI/experiments/benchmark/data/abo/images/a0/a0dae437.jpg,/home/rladlems1031/Isajjim-AI/experiments/benchmark/data/abo/masks/B07P5LN1YJ.png,/home/rladlems1031/Isajjim-AI/experiments/benchmark/data/abo/meshes/J/B07P5LN1YJ.glb,0.820520428910773,0.8816140954981685,1.0,9.424,17842.4,True,
56,SOFA,/home/rladlems1031/Isajjim-AI/experiments/benchmark/data/abo/images/e7/e761e813.jpg,/home/rladlems1031/Isajjim-AI/experiments/benchmark/data/abo/masks/B07HZ8J1VF.png,/home/rladlems1031/Isajjim-AI/experiments/benchmark/data/abo/meshes/F/B07HZ8J1VF.glb,0.4725673714480792,0.5754101771811804,1.0,12.061,18434.5,True,
57,CHAIR_STOOL,/home/rladlems1031/Isajjim-AI/experiments/benchmark/data/abo/images/70/708c9a57.jpg,/home/rladlems1031/Isajjim-AI/experiments/benchmark/data/abo/masks/B07DB92L77.png,/home/rladlems1031/Isajjim-AI/experiments/benchmark/data/abo/meshes/7/B07DB92L77.glb,0.804261482563918,0.8509858216002126,1.0,18.746,19302.9,True,
58,SOFA,/home/rladlems1031/Isajjim-AI/experiments/benchmark/data/abo/images/c6/c6e302bc.jpg,/home/rladlems1031/Isajjim-AI/experiments/benchmark/data/abo/masks/B07R3T74LN.png,/home/rladlems1031/Isajjim-AI/experiments/benchmark/data/abo/meshes/N/B07R3T74LN.glb,0.360504413207879,0.5139500385367188,1.0,9.394,17895.2,True,
59,DISPLAY_SHELF,/home/rladlems1031/Isajjim-AI/experiments/benchmark/data/abo/images/3a/3a68d0a5.jpg,/home/rladlems1031/Isajjim-AI/experiments/benchmark/data/abo/masks/B07QTKCH2J.png,/home/rladlems1031/Isajjim-AI/experiments/benchmark/data/abo/meshes/J/B07QTKCH2J.glb,0.21094068859150042,0.24315685194670578,1.0,8.857,17703.2,True,
60,CHAIR_STOOL,/home/rladlems1031/Isajjim-AI/experiments/benchmark/data/abo/images/20/20bfda94.jpg,/home/rladlems1031/Isajjim-AI/experiments/benchmark/data/abo/masks/B07TF7Y3C1.png,/home/rladlems1031/Isajjim-AI/experiments/benchmark/data/abo/meshes/1/B07TF7Y3C1.glb,0.520452499385804,0.6283096553095862,1.0,9.609,17918.0,True,
61,CHAIR_STOOL,/home/rladlems1031/Isajjim-AI/experiments/benchmark/data/abo/images/89/89655857.jpg,/home/rladlems1031/Isajjim-AI/experiments/benchmark/data/abo/masks/B07QJ1WXCM.png,/home/rladlems1031/Isajjim-AI/experiments/benchmark/data/abo/meshes/M/B07QJ1WXCM.glb,0.5336725440681062,0.6488851165461029,1.0,10.488,18142.6,True,
62,CHAIR_STOOL,/home/rladlems1031/Isajjim-AI/experiments/benchmark/data/abo/images/05/05711261.jpg,/home/rladlems1031/Isajjim-AI/experiments/benchmark/data/abo/masks/B0853VY3JP.png,/home/rladlems1031/Isajjim-AI/experiments/benchmark/data/abo/meshes/P/B0853VY3JP.glb,0.7783100049563211,0.8264521178111078,1.0,9.516,17871.8,True,
63,CHAIR_STOOL,/home/rladlems1031/Isajjim-AI/experiments/benchmark/data/abo/images/bf/bfcf996e.jpg,/home/rladlems1031/Isajjim-AI/experiments/benchmark/data/abo/masks/B082VLR43G.png,/home/rladlems1031/Isajjim-AI/experiments/benchmark/data/abo/meshes/G/B082VLR43G.glb,0.6559273075838188,0.8635717786478578,1.0,22.612,19614.4,True,
64,SOFA,/home/rladlems1031/Isajjim-AI/experiments/benchmark/data/abo/images/87/8787c510.jpg,/home/rladlems1031/Isajjim-AI/experiments/benchmark/data/abo/masks/B07DBGQD5B.png,/home/rladlems1031/Isajjim-AI/experiments/benchmark/data/abo/meshes/B/B07DBGQD5B.glb,0.6008277570960036,0.93984630048447,1.0,13.403,18621.5,True,
65,SOFA,/home/rladlems1031/Isajjim-AI/experiments/benchmark/data/abo/images/76/760d1e2c.jpg,/home/rladlems1031/Isajjim-AI/experiments/benchmark/data/abo/masks/B07BKKF8NW.png,/home/rladlems1031/Isajjim-AI/experiments/benchmark/data/abo/meshes/W/B07BKKF8NW.glb,0.3873930219619251,0.4474827610563585,1.0,10.649,18149.4,True,
66,DESK,/home/rladlems1031/Isajjim-AI/experiments/benchmark/data/abo/images/e5/e5e2bf5b.jpg,/home/rladlems1031/Isajjim-AI/experiments/benchmark/data/abo/masks/B075ZBVZST.png,/home/rladlems1031/Isajjim-AI/experiments/benchmark/data/abo/meshes/T/B075ZBVZST.glb,0.5131115376656202,0.7174539733781189,1.0,9.151,17750.5,True,
67,CHAIR_STOOL,/home/rladlems1031/Isajjim-AI/experiments/benchmark/data/abo/images/4c/4c74dfff.jpg,/home/rladlems1031/Isajjim-AI/experiments/benchmark/data/abo/masks/B01D7P5QKS.png,/home/rladlems1031/Isajjim-AI/experiments/benchmark/data/abo/meshes/S/B01D7P5QKS.glb,0.4987434289155477,0.5030984181162167,1.0,8.561,17590.3,True,
68,CHAIR_STOOL,/home/rladlems1031/Isajjim-AI/experiments/benchmark/data/abo/images/8a/8a37b2c1.jpg,/home/rladlems1031/Isajjim-AI/experiments/benchmark/data/abo/masks/B07F4PXFWZ.png,/home/rladlems1031/Isajjim-AI/experiments/benchmark/data/abo/meshes/Z/B07F4PXFWZ.glb,0.5990704116639013,0.7024598308341553,1.0,13.301,18626.3,True,
69,CHAIR_STOOL,/home/rladlems1031/Isajjim-AI/experiments/benchmark/data/abo/images/66/662b8323.jpg,/home/rladlems1031/Isajjim-AI/experiments/benchmark/data/abo/masks/B07JKQBXKP.png,/home/rladlems1031/Isajjim-AI/experiments/benchmark/data/abo/meshes/P/B07JKQBXKP.glb,0.45075263234888424,0.5767765855532834,1.0,9.057,17876.4,True,
70,BED,/home/rladlems1031/Isajjim-AI/experiments/benchmark/data/abo/images/92/922775a7.jpg,/home/rladlems1031/Isajjim-AI/experiments/benchmark/data/abo/masks/B07B4Z7XVD.png,/home/rladlems1031/Isajjim-AI/experiments/benchmark/data/abo/meshes/D/B07B4Z7XVD.glb,0.6117714769135284,0.7105897804366262,1.0,13.33,18625.6,True,
71,CHAIR_STOOL,/home/rladlems1031/Isajjim-AI/experiments/benchmark/data/abo/images/5d/5dd5e343.jpg,/home/rladlems1031/Isajjim-AI/experiments/benchmark/data/abo/masks/B07B4MR6YG.png,/home/rladlems1031/Isajjim-AI/experiments/benchmark/data/abo/meshes/G/B07B4MR6YG.glb,0.6088647588617541,0.6589487525304639,1.0,13.221,18603.1,True,
72,DESK,/home/rladlems1031/Isajjim-AI/experiments/benchmark/data/abo/images/cc/cc3664a2.jpg,/home/rladlems1031/Isajjim-AI/experiments/benchmark/data/abo/masks/B079HXWXXD.png,/home/rladlems1031/Isajjim-AI/experiments/benchmark/data/abo/meshes/D/B079HXWXXD.glb,0.14342985849119322,0.32994176058848684,1.0,9.027,17712.5,True,
73,CHAIR_STOOL,/home/rladlems1031/Isajjim-AI/experiments/benchmark/data/abo/images/af/afb9a7dc.jpg,/home/rladlems1031/Isajjim-AI/experiments/benchmark/data/abo/masks/B07JQTGKS7.png,/home/rladlems1031/Isajjim-AI/experiments/benchmark/data/abo/meshes/7/B07JQTGKS7.glb,0.6451667321724444,0.7508357405986663,1.0,21.056,19516.5,True,
74,CHAIR_STOOL,/home/rladlems1031/Isajjim-AI/experiments/benchmark/data/abo/images/f8/f814a26e.jpg,/home/rladlems1031/Isajjim-AI/experiments/benchmark/data/abo/masks/B07HSJSH2Q.png,/home/rladlems1031/Isajjim-AI/experiments/benchmark/data/abo/meshes/Q/B07HSJSH2Q.glb,0.511744594985933,0.7016774241135642,1.0,9.782,17993.7,True,
75,CHAIR_STOOL,/home/rladlems1031/Isajjim-AI/experiments/benchmark/data/abo/images/d5/d59c5cc8.jpg,/home/rladlems1031/Isajjim-AI/experiments/benchmark/data/abo/masks/B07Q44L76B.png,/home/rladlems1031/Isajjim-AI/experiments/benchmark/data/abo/meshes/B/B07Q44L76B.glb,0.5198797293341029,0.5539996122640848,1.0,8.993,17717.2,True,
76,BED,/home/rladlems1031/Isajjim-AI/experiments/benchmark/data/abo/images/f3/f33f195d.jpg,/home/rladlems1031/Isajjim-AI/experiments/benchmark/data/abo/masks/B07B4SC3LS.png,/home/rladlems1031/Isajjim-AI/experiments/benchmark/data/abo/meshes/S/B07B4SC3LS.glb,0.6121325424672984,0.7112482284882947,1.0,12.792,18509.3,True,
77,SOFA,/home/rladlems1031/Isajjim-AI/experiments/benchmark/data/abo/images/e5/e5fde8ba.jpg,/home/rladlems1031/Isajjim-AI/experiments/benchmark/data/abo/masks/B07HZ782FC.png,/home/rladlems1031/Isajjim-AI/experiments/benchmark/data/abo/meshes/C/B07HZ782FC.glb,0.45494636710989694,0.5758449945933278,1.0,10.802,18186.9,True,
78,DISPLAY_SHELF,/home/rladlems1031/Isajjim-AI/experiments/benchmark/data/abo/images/50/50f364cf.jpg,/home/rladlems1031/Isajjim-AI/experiments/benchmark/data/abo/masks/B07B7J2VCD.png,/home/rladlems1031/Isajjim-AI/experiments/benchmark/data/abo/meshes/D/B07B7J2VCD.glb,0.2703937354286186,0.45109922443062084,1.0,10.056,18036.1,True,
79,SOFA,/home/rladlems1031/Isajjim-AI/experiments/benchmark/data/abo/images/a1/a191f1e1.jpg,/home/rladlems1031/Isajjim-AI/experiments/benchmark/data/abo/masks/B071FMSMD4.png,/home/rladlems1031/Isajjim-AI/experiments/benchmark/data/abo/meshes/4/B071FMSMD4.glb,0.35785253650145593,0.7092782258263028,1.0,13.347,18611.6,True,
80,SOFA,/home/rladlems1031/Isajjim-AI/experiments/benchmark/data/abo/images/32/32c92087.jpg,/home/rladlems1031/Isajjim-AI/experiments/benchmark/data/abo/masks/B07BW8PWHT.png,/home/rladlems1031/Isajjim-AI/experiments/benchmark/data/abo/meshes/T/B07BW8PWHT.glb,0.4325873288350608,0.4715792722709933,1.0,10.026,18055.6,True,
81,SOFA,/home/rladlems1031/Isajjim-AI/experiments/benchmark/data/abo/images/40/40752813.jpg,/home/rladlems1031/Isajjim-AI/experiments/benchmark/data/abo/masks/B0723H8NLD.png,/home/rladlems1031/Isajjim-AI/experiments/benchmark/data/abo/meshes/D/B0723H8NLD.glb,0.6415584129861026,0.6867099518608699,1.0,14.16,18752.8,True,
82,CABINET,/home/rladlems1031/Isajjim-AI/experiments/benchmark/data/abo/images/fa/fa66c66f.jpg,/home/rladlems1031/Isajjim-AI/experiments/benchmark/data/abo/masks/B07LC9HXSF.png,/home/rladlems1031/Isajjim-AI/experiments/benchmark/data/abo/meshes/F/B07LC9HXSF.glb,0.549370931977154,0.828756831355318,1.0,12.282,18366.0,True,
83,DESK,/home/rladlems1031/Isajjim-AI/experiments/benchmark/data/abo/images/99/99e26d01.jpg,/home/rladlems1031/Isajjim-AI/experiments/benchmark/data/abo/masks/B07GF5DCK2.png,/home/rladlems1031/Isajjim-AI/experiments/benchmark/data/abo/meshes/2/B07GF5DCK2.glb,0.3536074149145673,0.6345842152860084,1.0,8.609,17675.1,True,
84,CHAIR_STOOL,/home/rladlems1031/Isajjim-AI/experiments/benchmark/data/abo/images/54/540f2b9c.jpg,/home/rladlems1031/Isajjim-AI/experiments/benchmark/data/abo/masks/B07QCQ1H1V.png,/home/rladlems1031/Isajjim-AI/experiments/benchmark/data/abo/meshes/V/B07QCQ1H1V.glb,0.46706387962159274,0.6357602628801063,1.0,9.863,17965.0,True,
85,DESK,/home/rladlems1031/Isajjim-AI/experiments/benchmark/data/abo/images/de/dee78d86.jpg,/home/rladlems1031/Isajjim-AI/experiments/benchmark/data/abo/masks/B07K6N5FVX.png,/home/rladlems1031/Isajjim-AI/experiments/benchmark/data/abo/meshes/X/B07K6N5FVX.glb,0.4577467349404806,0.7810851756832803,1.0,11.394,18352.6,True,
86,CHAIR_STOOL,/home/rladlems1031/Isajjim-AI/experiments/benchmark/data/abo/images/ff/fff35f66.jpg,/home/rladlems1031/Isajjim-AI/experiments/benchmark/data/abo/masks/B07GNF6Q9L.png,/home/rladlems1031/Isajjim-AI/experiments/benchmark/data/abo/meshes/L/B07GNF6Q9L.glb,0.43543496950708294,0.5036919686609551,1.0,8.788,17606.6,True,
87,CHAIR_STOOL,/home/rladlems1031/Isajjim-AI/experiments/benchmark/data/abo/images/ff/ff0e8967.jpg,/home/rladlems1031/Isajjim-AI/experiments/benchmark/data/abo/masks/B071J7Q39G.png,/home/rladlems1031/Isajjim-AI/experiments/benchmark/data/abo/meshes/G/B071J7Q39G.glb,0.8279803202260904,0.9643362415399629,1.0,9.253,17806.0,True,
88,CHAIR_STOOL,/home/rladlems1031/Isajjim-AI/experiments/benchmark/data/abo/images/21/21617a97.jpg,/home/rladlems1031/Isajjim-AI/experiments/benchmark/data/abo/masks/B07HSBRXD4.png,/home/rladlems1031/Isajjim-AI/experiments/benchmark/data/abo/meshes/4/B07HSBRXD4.glb,0.5121024499403383,0.5776997884768285,1.0,9.887,17970.2,True,
89,CHAIR_STOOL,/home/rladlems1031/Isajjim-AI/experiments/benchmark/data/abo/images/45/45573415.jpg,/home/rladlems1031/Isajjim-AI/experiments/benchmark/data/abo/masks/B075YN3HN9.png,/home/rladlems1031/Isajjim-AI/experiments/benchmark/data/abo/meshes/9/B075YN3HN9.glb,0.5562910408287854,0.6541362495232194,1.0,8.756,17611.5,True,
90,CHAIR_STOOL,/home/rladlems1031/Isajjim-AI/experiments/benchmark/data/abo/images/0e/0e3c207a.jpg,/home/rladlems1031/Isajjim-AI/experiments/benchmark/data/abo/masks/B07QBMQ75T.png,/home/rladlems1031/Isajjim-AI/experiments/benchmark/data/abo/meshes/T/B07QBMQ75T.glb,0.5951654254648678,0.6649084122771124,1.0,17.409,19182.7,True,
91,SOFA,/home/rladlems1031/Isajjim-AI/experiments/benchmark/data/abo/images/f7/f79fd80e.jpg,/home/rladlems1031/Isajjim-AI/experiments/benchmark/data/abo/masks/B07P6JVMJL.png,/home/rladlems1031/Isajjim-AI/experiments/benchmark/data/abo/meshes/L/B07P6JVMJL.glb,0.5868799648523414,0.6895589287656034,1.0,13.684,18688.4,True,
93,SOFA,/home/rladlems1031/Isajjim-AI/experiments/benchmark/data/abo/images/1e/1eec2415.jpg,/home/rladlems1031/Isajjim-AI/experiments/benchmark/data/abo/masks/B07HZ5XRNC.png,/home/rladlems1031/Isajjim-AI/experiments/benchmark/data/abo/meshes/C/B07HZ5XRNC.glb,0.4050201358236004,0.45766224342595463,1.0,10.558,18075.0,True,
94,CHAIR_STOOL,/home/rladlems1031/Isajjim-AI/experiments/benchmark/data/abo/images/75/75d23843.jpg,/home/rladlems1031/Isajjim-AI/experiments/benchmark/data/abo/masks/B07TN1PGY3.png,/home/rladlems1031/Isajjim-AI/experiments/benchmark/data/abo/meshes/3/B07TN1PGY3.glb,0.5063605093437611,0.5555555429098222,1.0,9.335,17841.2,True,
95,CHAIR_STOOL,/home/rladlems1031/Isajjim-AI/experiments/benchmark/data/abo/images/3e/3eb6ad74.jpg,/home/rladlems1031/Isajjim-AI/experiments/benchmark/data/abo/masks/B084W368LX.png,/home/rladlems1031/Isajjim-AI/experiments/benchmark/data/abo/meshes/X/B084W368LX.glb,0.5585469158751777,0.6280474942272951,1.0,10.038,18016.3,True,
96,CHAIR_STOOL,/home/rladlems1031/Isajjim-AI/experiments/benchmark/data/abo/images/8a/8aa0e28d.jpg,/home/rladlems1031/Isajjim-AI/experiments/benchmark/data/abo/masks/B07JY2KT4G.png,/home/rladlems1031/Isajjim-AI/experiments/benchmark/data/abo/meshes/G/B07JY2KT4G.glb,0.7237432134631543,0.756095816883074,1.0,18.461,19282.6,True,
97,DESK,/home/rladlems1031/Isajjim-AI/experiments/benchmark/data/abo/images/b7/b7e6ad31.jpg,/home/rladlems1031/Isajjim-AI/experiments/benchmark/data/abo/masks/B07TP5MKP3.png,/home/rladlems1031/Isajjim-AI/experiments/benchmark/data/abo/meshes/3/B07TP5MKP3.glb,0.43872504020906705,0.5217321845140152,1.0,9.221,17873.5,True,
98,SOFA,/home/rladlems1031/Isajjim-AI/experiments/benchmark/data/abo/images/af/aff41e76.jpg,/home/rladlems1031/Isajjim-AI/experiments/benchmark/data/abo/masks/B07SHXMRCC.png,/home/rladlems1031/Isajjim-AI/experiments/benchmark/data/abo/meshes/C/B07SHXMRCC.glb,0.6293790633272707,0.6777178516116283,1.0,17.498,19201.7,True,
99,CHAIR_STOOL,/home/rladlems1031/Isajjim-AI/experiments/benchmark/data/abo/images/d6/d64b548d.jpg,/home/rladlems1031/Isajjim-AI/experiments/benchmark/data/abo/masks/B075X543WV.png,/home/rladlems1031/Isajjim-AI/experiments/benchmark/data/abo/meshes/V/B075X543WV.glb,0.6059493886080151,0.6280270965323025,1.0,15.407,18932.0,True,
100,CHAIR_STOOL,/home/rladlems1031/Isajjim-AI/experiments/benchmark/data/abo/images/d0/d0c67dd4.jpg,/home/rladlems1031/Isajjim-AI/experiments/benchmark/data/abo/masks/B07TPMXMBF.png,/home/rladlems1031/Isajjim-AI/experiments/benchmark/data/abo/meshes/F/B07TPMXMBF.glb,0.6498378077172198,0.7507190271135321,1.0,9.435,17837.7,True,
101,CHAIR_STOOL,/home/rladlems1031/Isajjim-AI/experiments/benchmark/data/abo/images/74/74e3daf5.jpg,/home/rladlems1031/Isajjim-AI/experiments/benchmark/data/abo/masks/B07R3CZMB4.png,/home/rladlems1031/Isajjim-AI/experiments/benchmark/data/abo/meshes/4/B07R3CZMB4.glb,0.5512620021373749,0.8848828369121233,1.0,16.056,18976.0,True,
102,SOFA,/home/rladlems1031/Isajjim-AI/experiments/benchmark/data/abo/images/8e/8e149831.jpg,/home/rladlems1031/Isajjim-AI/experiments/benchmark/data/abo/masks/B07R3CYQ4Q.png,/home/rladlems1031/Isajjim-AI/experiments/benchmark/data/abo/meshes/Q/B07R3CYQ4Q.glb,0.3909627006713895,0.5519541788950081,1.0,9.438,17884.0,True,
103,CHAIR_STOOL,/home/rladlems1031/Isajjim-AI/experiments/benchmark/data/abo/images/86/86b95c59.jpg,/home/rladlems1031/Isajjim-AI/experiments/benchmark/data/abo/masks/B071W5VCVB.png,/home/rladlems1031/Isajjim-AI/experiments/benchmark/data/abo/meshes/B/B071W5VCVB.glb,0.7339746756989955,0.7577380725383361,1.0,17.164,19144.8,True,
104,CABINET,/home/rladlems1031/Isajjim-AI/experiments/benchmark/data/abo/images/f1/f1418017.jpg,/home/rladlems1031/Isajjim-AI/experiments/benchmark/data/abo/masks/B0154WJZH2.png,/home/rladlems1031/Isajjim-AI/experiments/benchmark/data/abo/meshes/2/B0154WJZH2.glb,0.3540329577561506,0.7073558817054425,1.0,15.259,18931.1,True,
105,SOFA,/home/rladlems1031/Isajjim-AI/experiments/benchmark/data/abo/images/9f/9f57894a.jpg,/home/rladlems1031/Isajjim-AI/experiments/benchmark/data/abo/masks/B07P5LP2LQ.png,/home/rladlems1031/Isajjim-AI/experiments/benchmark/data/abo/meshes/Q/B07P5LP2LQ.glb,0.39769730918360774,0.44220205696264736,1.0,10.284,18137.2,True,
106,CHAIR_STOOL,/home/rladlems1031/Isajjim-AI/experiments/benchmark/data/abo/images/c4/c4d1152a.jpg,/home/rladlems1031/Isajjim-AI/experiments/benchmark/data/abo/masks/B07HYYGLZ8.png,/home/rladlems1031/Isajjim-AI/experiments/benchmark/data/abo/meshes/8/B07HYYGLZ8.glb,0.5585083681288412,0.7546632594290491,1.0,15.584,18989.7,True,
107,CHAIR_STOOL,/home/rladlems1031/Isajjim-AI/experiments/benchmark/data/abo/images/89/8919454c.jpg,/home/rladlems1031/Isajjim-AI/experiments/benchmark/data/abo/masks/B07B4MDK2G.png,/home/rladlems1031/Isajjim-AI/experiments/benchmark/data/abo/meshes/G/B07B4MDK2G.glb,0.8756304755086616,0.9347156367133873,1.0,9.47,17883.0,True,
108,SOFA,/home/rladlems1031/Isajjim-AI/experiments/benchmark/data/abo/images/6b/6b415947.jpg,/home/rladlems1031/Isajjim-AI/experiments/benchmark/data/abo/masks/B07P6JWDCR.png,/home/rladlems1031/Isajjim-AI/experiments/benchmark/data/abo/meshes/R/B07P6JWDCR.glb,0.5033517853898429,0.554577960287957,1.0,11.214,18301.2,True,
109,DRAWER,/home/rladlems1031/Isajjim-AI/experiments/benchmark/data/abo/images/19/1926b3ed.jpg,/home/rladlems1031/Isajjim-AI/experiments/benchmark/data/abo/masks/B079VKDKC1.png,/home/rladlems1031/Isajjim-AI/experiments/benchmark/data/abo/meshes/1/B079VKDKC1.glb,0.7891657715197095,0.8535824609355952,1.0,9.255,17962.1,True,
110,CHAIR_STOOL,/home/rladlems1031/Isajjim-AI/experiments/benchmark/data/abo/images/b7/b79371f7.jpg,/home/rladlems1031/Isajjim-AI/experiments/benchmark/data/abo/masks/B0723H97GH.png,/home/rladlems1031/Isajjim-AI/experiments/benchmark/data/abo/meshes/H/B0723H97GH.glb,0.0,0.0,0.0,21.304,20407.3,False,"OOM: CUDA out of memory. Tried to allocate 3.26 GiB. GPU 0 has a total capacity of 22.05 GiB of which 759.94 MiB is free. Including non-PyTorch memory, this process has 21.29 GiB memory in use. Of the allocated memory 13.46 GiB is allocated by PyTorch, and 7.57 GiB is reserved by PyTorch but unallocated. If reserved but unallocated memory is large try setting PYTORCH_CUDA_ALLOC_CONF=expandable_segments:True to avoid fragmentation.  See documentation for Memory Management  (https://pytorch.org/docs/stable/notes/cuda.html#environment-variables)"
111,SOFA,/home/rladlems1031/Isajjim-AI/experiments/benchmark/data/abo/images/b6/b62f4e5b.jpg,/home/rladlems1031/Isajjim-AI/experiments/benchmark/data/abo/masks/B07PC1PDXG.png,/home/rladlems1031/Isajjim-AI/experiments/benchmark/data/abo/meshes/G/B07PC1PDXG.glb,0.4755841042434937,0.5334396408291963,1.0,11.827,18442.7,True,
112,SOFA,/home/rladlems1031/Isajjim-AI/experiments/benchmark/data/abo/images/d9/d96e999a.jpg,/home/rladlems1031/Isajjim-AI/experiments/benchmark/data/abo/masks/B071J7Q3JM.png,/home/rladlems1031/Isajjim-AI/experiments/benchmark/data/abo/meshes/M/B071J7Q3JM.glb,0.4645223549844249,0.4987895959640337,1.0,10.473,18127.7,True,
113,SOFA,/home/rladlems1031/Isajjim-AI/experiments/benchmark/data/abo/images/e6/e69be7ac.jpg,/home/rladlems1031/Isajjim-AI/experiments/benchmark/data/abo/masks/B07VQSWN2F.png,/home/rladlems1031/Isajjim-AI/experiments/benchmark/data/abo/meshes/F/B07VQSWN2F.glb,0.40515532640482327,0.45767689106776205,1.0,10.303,18090.5,True,
114,SOFA,/home/rladlems1031/Isajjim-AI/experiments/benchmark/data/abo/images/56/56ec6cca.jpg,/home/rladlems1031/Isajjim-AI/experiments/benchmark/data/abo/masks/B07B4G47XW.png,/home/rladlems1031/Isajjim-AI/experiments/benchmark/data/abo/meshes/W/B07B4G47XW.glb,0.31925976846115084,0.676891798399603,1.0,10.429,18090.7,True,
115,CHAIR_STOOL,/home/rladlems1031/Isajjim-AI/experiments/benchmark/data/abo/images/94/94a1f66b.jpg,/home/rladlems1031/Isajjim-AI/experiments/benchmark/data/abo/masks/B07QBMQ75C.png,/home/rladlems1031/Isajjim-AI/experiments/benchmark/data/abo/meshes/C/B07QBMQ75C.glb,0.6692211528982255,0.701938818040996,1.0,20.728,19490.8,True,
116,SOFA,/home/rladlems1031/Isajjim-AI/experiments/benchmark/data/abo/images/2e/2e2def55.jpg,/home/rladlems1031/Isajjim-AI/experiments/benchmark/data/abo/masks/B07VSV4783.png,/home/rladlems1031/Isajjim-AI/experiments/benchmark/data/abo/meshes/3/B07VSV4783.glb,0.43946234528740197,0.4975176359462728,1.0,11.183,18271.1,True,
117,SOFA,/home/rladlems1031/Isajjim-AI/experiments/benchmark/data/abo/images/3c/3c12a472.jpg,/home/rladlems1031/Isajjim-AI/experiments/benchmark/data/abo/masks/B07HPJ8S3K.png,/home/rladlems1031/Isajjim-AI/experiments/benchmark/data/abo/meshes/K/B07HPJ8S3K.glb,0.43370781475279285,0.5211380209556069,1.0,10.451,18120.0,True,
118,CHAIR_STOOL,/home/rladlems1031/Isajjim-AI/experiments/benchmark/data/abo/images/27/27758e1e.jpg,/home/rladlems1031/Isajjim-AI/experiments/benchmark/data/abo/masks/B07JK86YC4.png,/home/rladlems1031/Isajjim-AI/experiments/benchmark/data/abo/meshes/4/B07JK86YC4.glb,0.5762162724000262,0.6738953061853935,1.0,9.569,17963.8,True,
119,CHAIR_STOOL,/home/rladlems1031/Isajjim-AI/experiments/benchmark/data/abo/images/d4/d422b995.jpg,/home/rladlems1031/Isajjim-AI/experiments/benchmark/data/abo/masks/B07DBHJ9YF.png,/home/rladlems1031/Isajjim-AI/experiments/benchmark/data/abo/meshes/F/B07DBHJ9YF.glb,0.6282717558664141,0.6704329166552867,1.0,14.56,18798.4,True,
120,BED,/home/rladlems1031/Isajjim-AI/experiments/benchmark/data/abo/images/f2/f2ca58fb.jpg,/home/rladlems1031/Isajjim-AI/experiments/benchmark/data/abo/masks/B07B4VY12X.png,/home/rladlems1031/Isajjim-AI/experiments/benchmark/data/abo/meshes/X/B07B4VY12X.glb,0.6405247304209696,0.8036412622989025,1.0,16.32,18928.0,True,
121,SOFA,/home/rladlems1031/Isajjim-AI/experiments/benchmark/data/abo/images/98/98be3bd9.jpg,/home/rladlems1031/Isajjim-AI/experiments/benchmark/data/abo/masks/B07K94M78Y.png,/home/rladlems1031/Isajjim-AI/experiments/benchmark/data/abo/meshes/Y/B07K94M78Y.glb,0.3664844794229519,0.4132046021589314,1.0,9.284,17882.5,True,
122,SOFA,/home/rladlems1031/Isajjim-AI/experiments/benchmark/data/abo/images/98/98536de6.jpg,/home/rladlems1031/Isajjim-AI/experiments/benchmark/data/abo/masks/B082VMDG18.png,/home/rladlems1031/Isajjim-AI/experiments/benchmark/data/abo/meshes/8/B082VMDG18.glb,0.4493033021523007,0.449334886383638,1.0,10.373,18034.7,True,
123,SOFA,/home/rladlems1031/Isajjim-AI/experiments/benchmark/data/abo/images/19/1935be6e.jpg,/home/rladlems1031/Isajjim-AI/experiments/benchmark/data/abo/masks/B07K9JL76J.png,/home/rladlems1031/Isajjim-AI/experiments/benchmark/data/abo/meshes/J/B07K9JL76J.glb,0.4545612694996958,0.5344775930761723,1.0,9.926,18026.9,True,
124,CHAIR_STOOL,/home/rladlems1031/Isajjim-AI/experiments/benchmark/data/abo/images/1b/1b322564.jpg,/home/rladlems1031/Isajjim-AI/experiments/benchmark/data/abo/masks/B07PC5G5D3.png,/home/rladlems1031/Isajjim-AI/experiments/benchmark/data/abo/meshes/3/B07PC5G5D3.glb,0.41986904804097674,0.5986112758897539,1.0,10.147,18035.3,True,
125,CHAIR_STOOL,/home/rladlems1031/Isajjim-AI/experiments/benchmark/data/abo/images/9f/9f7f6b88.jpg,/home/rladlems1031/Isajjim-AI/experiments/benchmark/data/abo/masks/B07Y5Y1264.png,/home/rladlems1031/Isajjim-AI/experiments/benchmark/data/abo/meshes/4/B07Y5Y1264.glb,0.5700792098523917,0.7054176983574361,1.0,8.74,17706.6,True,
126,CHAIR_STOOL,/home/rladlems1031/Isajjim-AI/experiments/benchmark/data/abo/images/75/751b3b84.jpg,/home/rladlems1031/Isajjim-AI/experiments/benchmark/data/abo/masks/B0856G288H.png,/home/rladlems1031/Isajjim-AI/experiments/benchmark/data/abo/meshes/H/B0856G288H.glb,0.5071602340619199,0.7410838834621551,1.0,8.513,17624.0,True,
127,CHAIR_STOOL,/home/rladlems1031/Isajjim-AI/experiments/benchmark/data/abo/images/70/709526a1.jpg,/home/rladlems1031/Isajjim-AI/experiments/benchmark/data/abo/masks/B07Q3WM673.png,/home/rladlems1031/Isajjim-AI/experiments/benchmark/data/abo/meshes/3/B07Q3WM673.glb,0.6044363373005619,0.6387027143861898,1.0,13.136,18559.4,True,
129,SOFA,/home/rladlems1031/Isajjim-AI/experiments/benchmark/data/abo/images/48/483bc74a.jpg,/home/rladlems1031/Isajjim-AI/experiments/benchmark/data/abo/masks/B07DB95WHM.png,/home/rladlems1031/Isajjim-AI/experiments/benchmark/data/abo/meshes/M/B07DB95WHM.glb,0.46292094393274097,0.5470415738002892,1.0,11.958,18471.4,True,
130,SOFA,/home/rladlems1031/Isajjim-AI/experiments/benchmark/data/abo/images/03/03c9c45a.jpg,/home/rladlems1031/Isajjim-AI/experiments/benchmark/data/abo/masks/B07HZ751KR.png,/home/rladlems1031/Isajjim-AI/experiments/benchmark/data/abo/meshes/R/B07HZ751KR.glb,0.3860840895181162,0.6755965554059958,1.0,11.517,18252.6,True,
131,CABINET,/home/rladlems1031/Isajjim-AI/experiments/benchmark/data/abo/images/83/834f4247.jpg,/home/rladlems1031/Isajjim-AI/experiments/benchmark/data/abo/masks/B07B78G1BW.png,/home/rladlems1031/Isajjim-AI/experiments/benchmark/data/abo/meshes/W/B07B78G1BW.glb,0.35464746082451165,0.5782496598781376,1.0,11.146,18230.8,True,
132,CHAIR_STOOL,/home/rladlems1031/Isajjim-AI/experiments/benchmark/data/abo/images/a6/a66c5c3d.jpg,/home/rladlems1031/Isajjim-AI/experiments/benchmark/data/abo/masks/B0853L3W72.png,/home/rladlems1031/Isajjim-AI/experiments/benchmark/data/abo/meshes/2/B0853L3W72.glb,0.5024204800492216,0.6383329681944981,1.0,9.627,17920.3,True,
133,CHAIR_STOOL,/home/rladlems1031/Isajjim-AI/experiments/benchmark/data/abo/images/42/426c5fd3.jpg,/home/rladlems1031/Isajjim-AI/experiments/benchmark/data/abo/masks/B07CDRN3SB.png,/home/rladlems1031/Isajjim-AI/experiments/benchmark/data/abo/meshes/B/B07CDRN3SB.glb,0.72644792857963,0.7563408057777469,1.0,17.054,19129.0,True,
134,CHAIR_STOOL,/home/rladlems1031/Isajjim-AI/experiments/benchmark/data/abo/images/68/684d65ae.jpg,/home/rladlems1031/Isajjim-AI/experiments/benchmark/data/abo/masks/B07QPTP9Z7.png,/home/rladlems1031/Isajjim-AI/experiments/benchmark/data/abo/meshes/7/B07QPTP9Z7.glb,0.5608507767466956,0.6052632207786797,1.0,10.085,18018.9,True,
135,CHAIR_STOOL,/home/rladlems1031/Isajjim-AI/experiments/benchmark/data/abo/images/e1/e13de6bc.jpg,/home/rladlems1031/Isajjim-AI/experiments/benchmark/data/abo/masks/B075X5VCPW.png,/home/rladlems1031/Isajjim-AI/experiments/benchmark/data/abo/meshes/W/B075X5VCPW.glb,0.6223826529639009,0.6814794228190489,1.0,16.447,18988.6,True,
136,DRAWER,/home/rladlems1031/Isajjim-AI/experiments/benchmark/data/abo/images/ef/efd91dc0.jpg,/home/rladlems1031/Isajjim-AI/experiments/benchmark/data/abo/masks/B07H8JRYSB.png,/home/rladlems1031/Isajjim-AI/experiments/benchmark/data/abo/meshes/B/B07H8JRYSB.glb,0.49529603793613214,0.8416524085435773,1.0,20.326,19370.4,True,
137,CHAIR_STOOL,/home/rladlems1031/Isajjim-AI/experiments/benchmark/data/abo/images/2a/2acc3604.jpg,/home/rladlems1031/Isajjim-AI/experiments/benchmark/data/abo/masks/B0853VFWYX.png,/home/rladlems1031/Isajjim-AI/experiments/benchmark/data/abo/meshes/X/B0853VFWYX.glb,0.678586717603728,0.6876649472621147,1.0,17.966,19160.1,True,
138,CHAIR_STOOL,/home/rladlems1031/Isajjim-AI/experiments/benchmark/data/abo/images/65/65bf9594.jpg,/home/rladlems1031/Isajjim-AI/experiments/benchmark/data/abo/masks/B07HZ782D9.png,/home/rladlems1031/Isajjim-AI/experiments/benchmark/data/abo/meshes/9/B07HZ782D9.glb,0.6774715175611843,0.9949311744890338,1.0,9.571,17867.7,True,
139,DRAWER,/home/rladlems1031/Isajjim-AI/experiments/benchmark/data/abo/images/0e/0e0a67d9.jpg,/home/rladlems1031/Isajjim-AI/experiments/benchmark/data/abo/masks/B075X2PC3L.png,/home/rladlems1031/Isajjim-AI/experiments/benchmark/data/abo/meshes/L/B075X2PC3L.glb,0.38846554566432207,0.6167672674393498,1.0,11.228,18306.8,True,
140,CHAIR_STOOL,/home/rladlems1031/Isajjim-AI/experiments/benchmark/data/abo/images/5a/5ad534e4.jpg,/home/rladlems1031/Isajjim-AI/experiments/benchmark/data/abo/masks/B07B4CXSF3.png,/home/rladlems1031/Isajjim-AI/experiments/benchmark/data/abo/meshes/3/B07B4CXSF3.glb,0.6793555636851177,0.6983658367095071,1.0,18.098,19253.1,True,
141,BED,/home/rladlems1031/Isajjim-AI/experiments/benchmark/data/abo/images/6e/6e36618f.jpg,/home/rladlems1031/Isajjim-AI/experiments/benchmark/data/abo/masks/B07SQXH1YJ.png,/home/rladlems1031/Isajjim-AI/experiments/benchmark/data/abo/meshes/J/B07SQXH1YJ.glb,0.6247103304871744,0.8095807609310349,1.0,8.765,17792.9,True,
142,DISPLAY_SHELF,/home/rladlems1031/Isajjim-AI/experiments/benchmark/data/abo/images/ba/bae5c671.jpg,/home/rladlems1031/Isajjim-AI/experiments/benchmark/data/abo/masks/B07HSKW3D6.png,/home/rladlems1031/Isajjim-AI/experiments/benchmark/data/abo/meshes/6/B07HSKW3D6.glb,0.36049312610506307,0.434320053809406,1.0,9.937,18006.5,True,
143,CHAIR_STOOL,/home/rladlems1031/Isajjim-AI/experiments/benchmark/data/abo/images/5c/5cc0501a.jpg,/home/rladlems1031/Isajjim-AI/experiments/benchmark/data/abo/masks/B085559VGM.png,/home/rladlems1031/Isajjim-AI/experiments/benchmark/data/abo/meshes/M/B085559VGM.glb,0.645084410798561,0.6547870563566537,1.0,9.401,17853.6,True,
144,SOFA,/home/rladlems1031/Isajjim-AI/experiments/benchmark/data/abo/images/42/42c68866.jpg,/home/rladlems1031/Isajjim-AI/experiments/benchmark/data/abo/masks/B07BWMSQ6Q.png,/home/rladlems1031/Isajjim-AI/experiments/benchmark/data/abo/meshes/Q/B07BWMSQ6Q.glb,0.31428004842602786,0.6674583157584613,1.0,10.585,18117.6,True,
145,CHAIR_STOOL,/home/rladlems1031/Isajjim-AI/experiments/benchmark/data/abo/images/a8/a848db52.jpg,/home/rladlems1031/Isajjim-AI/experiments/benchmark/data/abo/masks/B07B4CZMNQ.png,/home/rladlems1031/Isajjim-AI/experiments/benchmark/data/abo/meshes/Q/B07B4CZMNQ.glb,0.8643666574550966,0.975861781260569,1.0,20.021,19318.5,True,
146,CHAIR_STOOL,/home/rladlems1031/Isajjim-AI/experiments/benchmark/data/abo/images/c0/c096fa8d.jpg,/home/rladlems1031/Isajjim-AI/experiments/benchmark/data/abo/masks/B07HZ1RYNT.png,/home/rladlems1031/Isajjim-AI/experiments/benchmark/data/abo/meshes/T/B07HZ1RYNT.glb,0.6892600339107479,0.8270601453002759,1.0,15.791,18982.4,True,
147,CHAIR_STOOL,/home/rladlems1031/Isajjim-AI/experiments/benchmark/data/abo/images/9a/9ad2ed7a.jpg,/home/rladlems1031/Isajjim-AI/experiments/benchmark/data/abo/masks/B07B7B6PL8.png,/home/rladlems1031/Isajjim-AI/experiments/benchmark/data/abo/meshes/8/B07B7B6PL8.glb,0.4705689849887633,0.6825388272215072,1.0,9.976,18023.3,True,
148,SOFA,/home/rladlems1031/Isajjim-AI/experiments/benchmark/data/abo/images/e0/e0302e96.jpg,/home/rladlems1031/Isajjim-AI/experiments/benchmark/data/abo/masks/B07HZ6ZCW7.png,/home/rladlems1031/Isajjim-AI/experiments/benchmark/data/abo/meshes/7/B07HZ6ZCW7.glb,0.5364561999737625,0.540622586386579,1.0,10.831,18235.9,True,
149,CHAIR_STOOL,/home/rladlems1031/Isajjim-AI/experiments/benchmark/data/abo/images/7d/7dddcff5.jpg,/home/rladlems1031/Isajjim-AI/experiments/benchmark/data/abo/masks/B07DBHBCXQ.png,/home/rladlems1031/Isajjim-AI/experiments/benchmark/data/abo/meshes/Q/B07DBHBCXQ.glb,0.6275049494473639,0.671253876278792,1.0,14.204,18785.4,True,
150,CHAIR_STOOL,/home/rladlems1031/Isajjim-AI/experiments/benchmark/data/abo/images/a1/a1157c2d.jpg,/home/rladlems1031/Isajjim-AI/experiments/benchmark/data/abo/masks/B07QFRSN22.png,/home/rladlems1031/Isajjim-AI/experiments/benchmark/data/abo/meshes/2/B07QFRSN22.glb,0.7056739267393263,0.8041699737846174,1.0,12.92,18599.6,True,
151,CHAIR_STOOL,/home/rladlems1031/Isajjim-AI/experiments/benchmark/data/abo/images/f0/f07e3fb6.jpg,/home/rladlems1031/Isajjim-AI/experiments/benchmark/data/abo/masks/B07QJ23JZG.png,/home/rladlems1031/Isajjim-AI/experiments/benchmark/data/abo/meshes/G/B07QJ23JZG.glb,0.5189562616857079,0.6684519683081606,1.0,10.7,18132.1,True,
152,CHAIR_STOOL,/home/rladlems1031/Isajjim-AI/experiments/benchmark/data/abo/images/6f/6fb47beb.jpg,/home/rladlems1031/Isajjim-AI/experiments/benchmark/data/abo/masks/B07HZ5P7P9.png,/home/rladlems1031/Isajjim-AI/experiments/benchmark/data/abo/meshes/9/B07HZ5P7P9.glb,0.7858407372323456,0.9268212118803254,1.0,9.055,17850.0,True,
153,CHAIR_STOOL,/home/rladlems1031/Isajjim-AI/experiments/benchmark/data/abo/images/d7/d7524ac3.jpg,/home/rladlems1031/Isajjim-AI/experiments/benchmark/data/abo/masks/B07QKW6KWK.png,/home/rladlems1031/Isajjim-AI/experiments/benchmark/data/abo/meshes/K/B07QKW6KWK.glb,0.561718642311066,0.615912831637189,1.0,9.305,17807.3,True,
154,CHAIR_STOOL,/home/rladlems1031/Isajjim-AI/experiments/benchmark/data/abo/images/d3/d3c115a0.jpg,/home/rladlems1031/Isajjim-AI/experiments/benchmark/data/abo/masks/B07DBLN3VG.png,/home/rladlems1031/Isajjim-AI/experiments/benchmark/data/abo/meshes/G/B07DBLN3VG.glb,0.6729592477985139,0.6907893635725307,1.0,11.165,18277.4,True,
155,SOFA,/home/rladlems1031/Isajjim-AI/experiments/benchmark/data/abo/images/62/625e27dd.jpg,/home/rladlems1031/Isajjim-AI/experiments/benchmark/data/abo/masks/B07BWK59G9.png,/home/rladlems1031/Isajjim-AI/experiments/benchmark/data/abo/meshes/9/B07BWK59G9.glb,0.2799189185265078,0.693585595333008,1.0,10.93,18208.8,True,
156,BED,/home/rladlems1031/Isajjim-AI/experiments/benchmark/data/abo/images/94/94de5623.jpg,/home/rladlems1031/Isajjim-AI/experiments/benchmark/data/abo/masks/B084ZB8Z79.png,/home/rladlems1031/Isajjim-AI/experiments/benchmark/data/abo/meshes/9/B084ZB8Z79.glb,0.19929390063278868,0.7452527755488838,1.0,8.488,17640.8,True,
157,SOFA,/home/rladlems1031/Isajjim-AI/experiments/benchmark/data/abo/images/f3/f3f600ab.jpg,/home/rladlems1031/Isajjim-AI/experiments/benchmark/data/abo/masks/B07HZ6BJVN.png,/home/rladlems1031/Isajjim-AI/experiments/benchmark/data/abo/meshes/N/B07HZ6BJVN.glb,0.49883907051979415,0.5645877716079152,1.0,11.182,18243.1,True,
158,DESK,/home/rladlems1031/Isajjim-AI/experiments/benchmark/data/abo/images/38/38ccb28b.jpg,/home/rladlems1031/Isajjim-AI/experiments/benchmark/data/abo/masks/B07GFLD57T.png,/home/rladlems1031/Isajjim-AI/experiments/benchmark/data/abo/meshes/T/B07GFLD57T.glb,0.5764954095568565,0.6016502317711437,1.0,9.576,17988.2,True,
159,CHAIR_STOOL,/home/rladlems1031/Isajjim-AI/experiments/benchmark/data/abo/images/e0/e0f84ad9.jpg,/home/rladlems1031/Isajjim-AI/experiments/benchmark/data/abo/masks/B0857JM2NC.png,/home/rladlems1031/Isajjim-AI/experiments/benchmark/data/abo/meshes/C/B0857JM2NC.glb,0.6915580456438518,0.9818420315140294,1.0,9.847,18009.1,True,
160,CABINET,/home/rladlems1031/Isajjim-AI/experiments/benchmark/data/abo/images/84/84888300.jpg,/home/rladlems1031/Isajjim-AI/experiments/benchmark/data/abo/masks/B075Z8628K.png,/home/rladlems1031/Isajjim-AI/experiments/benchmark/data/abo/meshes/K/B075Z8628K.glb,0.39453466684722793,0.5845555255047923,1.0,11.352,18306.6,True,
161,CHAIR_STOOL,/home/rladlems1031/Isajjim-AI/experiments/benchmark/data/abo/images/32/32f37fd5.jpg,/home/rladlems1031/Isajjim-AI/experiments/benchmark/data/abo/masks/B085554J7Q.png,/home/rladlems1031/Isajjim-AI/experiments/benchmark/data/abo/meshes/Q/B085554J7Q.glb,0.485629129893414,0.6389721449439819,1.0,9.17,17795.4,True,
162,SOFA,/home/rladlems1031/Isajjim-AI/experiments/benchmark/data/abo/images/0b/0b85644f.jpg,/home/rladlems1031/Isajjim-AI/experiments/benchmark/data/abo/masks/B07BWJMB8Q.png,/home/rladlems1031/Isajjim-AI/experiments/benchmark/data/abo/meshes/Q/B07BWJMB8Q.glb,0.3123587681716977,0.5349907661285223,1.0,9.552,17866.9,True,
163,SOFA,/home/rladlems1031/Isajjim-AI/experiments/benchmark/data/abo/images/58/5879c84d.jpg,/home/rladlems1031/Isajjim-AI/experiments/benchmark/data/abo/masks/B07B4MSPD2.png,/home/rladlems1031/Isajjim-AI/experiments/benchmark/data/abo/meshes/2/B07B4MSPD2.glb,0.5205410373788405,0.526614246588942,1.0,12.328,18454.9,True,
164,CABINET,/home/rladlems1031/Isajjim-AI/experiments/benchmark/data/abo/images/b6/b6d02d5b.jpg,/home/rladlems1031/Isajjim-AI/experiments/benchmark/data/abo/masks/B082JH42QQ.png,/home/rladlems1031/Isajjim-AI/experiments/benchmark/data/abo/meshes/Q/B082JH42QQ.glb,0.7863753720623896,0.7905947162791389,1.0,9.297,17899.9,True,
165,CABINET,/home/rladlems1031/Isajjim-AI/experiments/benchmark/data/abo/images/30/30683c12.jpg,/home/rladlems1031/Isajjim-AI/experiments/benchmark/data/abo/masks/B07GFRKNR1.png,/home/rladlems1031/Isajjim-AI/experiments/benchmark/data/abo/meshes/1/B07GFRKNR1.glb,0.385462705692715,0.5803375390907731,1.0,13.477,18586.5,True,
166,CHAIR_STOOL,/home/rladlems1031/Isajjim-AI/experiments/benchmark/data/abo/images/41/41ddae35.jpg,/home/rladlems1031/Isajjim-AI/experiments/benchmark/data/abo/masks/B086JJCP47.png,/home/rladlems1031/Isajjim-AI/experiments/benchmark/data/abo/meshes/7/B086JJCP47.glb,0.4464686486927057,0.6235361976988298,1.0,9.735,17996.2,True,
167,BED,/home/rladlems1031/Isajjim-AI/experiments/benchmark/data/abo/images/d2/d2d1613c.jpg,/home/rladlems1031/Isajjim-AI/experiments/benchmark/data/abo/masks/B07B4ZM575.png,/home/rladlems1031/Isajjim-AI/experiments/benchmark/data/abo/meshes/5/B07B4ZM575.glb,0.6038267246926966,0.7011837544727114,1.0,14.539,18735.5,True,
168,DISPLAY_SHELF,/home/rladlems1031/Isajjim-AI/experiments/benchmark/data/abo/images/28/2869a1f1.jpg,/home/rladlems1031/Isajjim-AI/experiments/benchmark/data/abo/masks/B07TTY39K8.png,/home/rladlems1031/Isajjim-AI/experiments/benchmark/data/abo/meshes/8/B07TTY39K8.glb,0.5146793329710833,0.5536101103751565,1.0,11.021,18400.0,True,
169,CHAIR_STOOL,/home/rladlems1031/Isajjim-AI/experiments/benchmark/data/abo/images/d6/d6702eab.jpg,/home/rladlems1031/Isajjim-AI/experiments/benchmark/data/abo/masks/B016ID34BO.png,/home/rladlems1031/Isajjim-AI/experiments/benchmark/data/abo/meshes/O/B016ID34BO.glb,0.5703390709444748,0.6374720178903373,1.0,8.885,17735.7,True,
170,CHAIR_STOOL,/home/rladlems1031/Isajjim-AI/experiments/benchmark/data/abo/images/ce/ce71c44b.jpg,/home/rladlems1031/Isajjim-AI/experiments/benchmark/data/abo/masks/B07HZ72LZ9.png,/home/rladlems1031/Isajjim-AI/experiments/benchmark/data/abo/meshes/9/B07HZ72LZ9.glb,0.7478208625143108,0.9587003487423394,1.0,9.415,17838.6,True,
171,CABINET,/home/rladlems1031/Isajjim-AI/experiments/benchmark/data/abo/images/12/123a1b5e.jpg,/home/rladlems1031/Isajjim-AI/experiments/benchmark/data/abo/masks/B07B813LW1.png,/home/rladlems1031/Isajjim-AI/experiments/benchmark/data/abo/meshes/1/B07B813LW1.glb,0.5076045133972001,0.8427395007028655,1.0,14.311,18664.5,True,
172,CHAIR_STOOL,/home/rladlems1031/Isajjim-AI/experiments/benchmark/data/abo/images/01/013f3a77.jpg,/home/rladlems1031/Isajjim-AI/experiments/benchmark/data/abo/masks/B07B4LZP9Q.png,/home/rladlems1031/Isajjim-AI/experiments/benchmark/data/abo/meshes/Q/B07B4LZP9Q.glb,0.6749532066503323,0.7100550046246801,1.0,23.082,19687.8,True,
173,DESK,/home/rladlems1031/Isajjim-AI/experiments/benchmark/data/abo/images/c7/c7cc0dac.jpg,/home/rladlems1031/Isajjim-AI/experiments/benchmark/data/abo/masks/B075Z93NHP.png,/home/rladlems1031/Isajjim-AI/experiments/benchmark/data/abo/meshes/P/B075Z93NHP.glb,0.3980429819179048,0.4747818258932598,1.0,11.87,18371.5,True,
174,DISPLAY_SHELF,/home/rladlems1031/Isajjim-AI/experiments/benchmark/data/abo/images/42/42b9b667.jpg,/home/rladlems1031/Isajjim-AI/experiments/benchmark/data/abo/masks/B07QY2XJ5J.png,/home/rladlems1031/Isajjim-AI/experiments/benchmark/data/abo/meshes/J/B07QY2XJ5J.glb,0.17439496871513438,0.6456361721222469,1.0,9.06,17780.0,True,
175,CHAIR_STOOL,/home/rladlems1031/Isajjim-AI/experiments/benchmark/data/abo/images/57/577340eb.jpg,/home/rladlems1031/Isajjim-AI/experiments/benchmark/data/abo/masks/B07DBF3V6X.png,/home/rladlems1031/Isajjim-AI/experiments/benchmark/data/abo/meshes/X/B07DBF3V6X.glb,0.6221872473642307,0.8082908755314171,1.0,18.39,19237.4,True,
176,CHAIR_STOOL,/home/rladlems1031/Isajjim-AI/experiments/benchmark/data/abo/images/76/761e9f8e.jpg,/home/rladlems1031/Isajjim-AI/experiments/benchmark/data/abo/masks/B082QC5N35.png,/home/rladlems1031/Isajjim-AI/experiments/benchmark/data/abo/meshes/5/B082QC5N35.glb,0.7008987277183292,0.7636578897337813,1.0,16.009,18994.8,True,
177,SOFA,/home/rladlems1031/Isajjim-AI/experiments/benchmark/data/abo/images/98/98be3bd9.jpg,/home/rladlems1031/Isajjim-AI/experiments/benchmark/data/abo/masks/B075NP5K3L.png,/home/rladlems1031/Isajjim-AI/experiments/benchmark/data/abo/meshes/L/B075NP5K3L.glb,0.3664413670998276,0.4131554896805909,1.0,9.244,17882.5,True,
178,SOFA,/home/rladlems1031/Isajjim-AI/experiments/benchmark/data/abo/images/98/98c5ed44.jpg,/home/rladlems1031/Isajjim-AI/experiments/benchmark/data/abo/masks/B07BWK59TF.png,/home/rladlems1031/Isajjim-AI/experiments/benchmark/data/abo/meshes/F/B07BWK59TF.glb,0.3743160862743427,0.6934444606791396,1.0,12.313,18448.2,True,
179,SOFA,/home/rladlems1031/Isajjim-AI/experiments/benchmark/data/abo/images/da/dadba684.jpg,/home/rladlems1031/Isajjim-AI/experiments/benchmark/data/abo/masks/B07CB5GSZ2.png,/home/rladlems1031/Isajjim-AI/experiments/benchmark/data/abo/meshes/2/B07CB5GSZ2.glb,0.3065515624097693,0.5423691758881225,1.0,9.956,17953.7,True,
180,SOFA,/home/rladlems1031/Isajjim-AI/experiments/benchmark/data/abo/images/ab/abb299be.jpg,/home/rladlems1031/Isajjim-AI/experiments/benchmark/data/abo/masks/B07DBF3L36.png,/home/rladlems1031/Isajjim-AI/experiments/benchmark/data/abo/meshes/6/B07DBF3L36.glb,0.43197165882231986,0.5047418184011071,1.0,10.325,18049.0,True,
181,CHAIR_STOOL,/home/rladlems1031/Isajjim-AI/experiments/benchmark/data/abo/images/91/912a391c.jpg,/home/rladlems1031/Isajjim-AI/experiments/benchmark/data/abo/masks/B07HJ66BLL.png,/home/rladlems1031/Isajjim-AI/experiments/benchmark/data/abo/meshes/L/B07HJ66BLL.glb,0.5033474546203103,0.5071315506067481,1.0,9.464,17895.0,True,
182,SOFA,/home/rladlems1031/Isajjim-AI/experiments/benchmark/data/abo/images/6b/6bc1f478.jpg,/home/rladlems1031/Isajjim-AI/experiments/benchmark/data/abo/masks/B07QFP4ZN5.png,/home/rladlems1031/Isajjim-AI/experiments/benchmark/data/abo/meshes/5/B07QFP4ZN5.glb,0.47436864344333374,0.4954858141607938,1.0,11.009,18214.9,True,
183,CHAIR_STOOL,/home/rladlems1031/Isajjim-AI/experiments/benchmark/data/abo/images/a3/a3e705af.jpg,/home/rladlems1031/Isajjim-AI/experiments/benchmark/data/abo/masks/B075YV7SQY.png,/home/rladlems1031/Isajjim-AI/experiments/benchmark/data/abo/meshes/Y/B075YV7SQY.glb,0.7101188163771743,0.721913372090019,1.0,12.447,18492.4,True,
184,CHAIR_STOOL,/home/rladlems1031/Isajjim-AI/experiments/benchmark/data/abo/images/1e/1e865f49.jpg,/home/rladlems1031/Isajjim-AI/experiments/benchmark/data/abo/masks/B01D7P5NI8.png,/home/rladlems1031/Isajjim-AI/experiments/benchmark/data/abo/meshes/8/B01D7P5NI8.glb,0.4973439489332919,0.5015164613935799,1.0,8.53,17598.7,True,
185,BED,/home/rladlems1031/Isajjim-AI/experiments/benchmark/data/abo/images/e7/e768e1a0.jpg,/home/rladlems1031/Isajjim-AI/experiments/benchmark/data/abo/masks/B07LC84ZYV.png,/home/rladlems1031/Isajjim-AI/experiments/benchmark/data/abo/meshes/V/B07LC84ZYV.glb,0.435401633792462,0.9646893011867609,1.0,12.807,18546.9,True,
186,BED,/home/rladlems1031/Isajjim-AI/experiments/benchmark/data/abo/images/de/dec7df64.jpg,/home/rladlems1031/Isajjim-AI/experiments/benchmark/data/abo/masks/B07GFS1QPL.png,/home/rladlems1031/Isajjim-AI/experiments/benchmark/data/abo/meshes/L/B07GFS1QPL.glb,0.43428943464057734,0.8000826108068523,1.0,9.237,17840.2,True,
187,CHAIR_STOOL,/home/rladlems1031/Isajjim-AI/experiments/benchmark/data/abo/images/dd/dd5469dd.jpg,/home/rladlems1031/Isajjim-AI/experiments/benchmark/data/abo/masks/B075NR8HWJ.png,/home/rladlems1031/Isajjim-AI/experiments/benchmark/data/abo/meshes/J/B075NR8HWJ.glb,0.814194976461071,0.9796843869364232,1.0,18.27,19195.5,True,
188,SOFA,/home/rladlems1031/Isajjim-AI/experiments/benchmark/data/abo/images/08/08db4962.jpg,/home/rladlems1031/Isajjim-AI/experiments/benchmark/data/abo/masks/B075X4R4LM.png,/home/rladlems1031/Isajjim-AI/experiments/benchmark/data/abo/meshes/M/B075X4R4LM.glb,0.39202530668220154,0.4598744236741138,1.0,10.985,18270.6,True,
189,CABINET,/home/rladlems1031/Isajjim-AI/experiments/benchmark/data/abo/images/0b/0b5ac752.jpg,/home/rladlems1031/Isajjim-AI/experiments/benchmark/data/abo/masks/B07HSH22K8.png,/home/rladlems1031/Isajjim-AI/experiments/benchmark/data/abo/meshes/8/B07HSH22K8.glb,0.5908294965578204,0.8631708906326202,1.0,16.369,18979.5,True,
190,CHAIR_STOOL,/home/rladlems1031/Isajjim-AI/experiments/benchmark/data/abo/images/63/63dd632f.jpg,/home/rladlems1031/Isajjim-AI/experiments/benchmark/data/abo/masks/B07PC427H1.png,/home/rladlems1031/Isajjim-AI/experiments/benchmark/data/abo/meshes/1/B07PC427H1.glb,0.4339154312296433,0.5753474596888254,1.0,9.861,17996.8,True,
191,SOFA,/home/rladlems1031/Isajjim-AI/experiments/benchmark/data/abo/images/02/028176e1.jpg,/home/rladlems1031/Isajjim-AI/experiments/benchmark/data/abo/masks/B07P6JTZ1R.png,/home/rladlems1031/Isajjim-AI/experiments/benchmark/data/abo/meshes/R/B07P6JTZ1R.glb,0.6060015286400038,0.7364285807483321,1.0,15.428,18928.0,True,
192,SOFA,/home/rladlems1031/Isajjim-AI/experiments/benchmark/data/abo/images/63/638ca4e3.jpg,/home/rladlems1031/Isajjim-AI/experiments/benchmark/data/abo/masks/B07BWMQQDR.png,/home/rladlems1031/Isajjim-AI/experiments/benchmark/data/abo/meshes/R/B07BWMQQDR.glb,0.556059287018212,0.5602836468031556,1.0,12.107,18461.5,True,
193,CABINET,/home/rladlems1031/Isajjim-AI/experiments/benchmark/data/abo/images/8f/8f897a64.jpg,/home/rladlems1031/Isajjim-AI/experiments/benchmark/data/abo/masks/B07MBMJS1B.png,/home/rladlems1031/Isajjim-AI/experiments/benchmark/data/abo/meshes/B/B07MBMJS1B.glb,0.4715967556904627,0.9697750924492795,1.0,12.145,18434.6,True,
194,CHAIR_STOOL,/home/rladlems1031/Isajjim-AI/experiments/benchmark/data/abo/images/2b/2b8d0fa1.jpg,/home/rladlems1031/Isajjim-AI/experiments/benchmark/data/abo/masks/B07B7DMMTH.png,/home/rladlems1031/Isajjim-AI/experiments/benchmark/data/abo/meshes/H/B07B7DMMTH.glb,0.6329612288732641,0.6650133120930318,1.0,10.404,18076.4,True,
195,CHAIR_STOOL,/home/rladlems1031/Isajjim-AI/experiments/benchmark/data/abo/images/94/940107f2.jpg,/home/rladlems1031/Isajjim-AI/experiments/benchmark/data/abo/masks/B075YPTG6H.png,/home/rladlems1031/Isajjim-AI/experiments/benchmark/data/abo/meshes/H/B075YPTG6H.glb,0.5137687565970452,0.6630982121046838,1.0,9.079,17767.0,True,
196,CHAIR_STOOL,/home/rladlems1031/Isajjim-AI/experiments/benchmark/data/abo/images/67/678ec9d2.jpg,/home/rladlems1031/Isajjim-AI/experiments/benchmark/data/abo/masks/B07HSL2HJZ.png,/home/rladlems1031/Isajjim-AI/experiments/benchmark/data/abo/meshes/Z/B07HSL2HJZ.glb,0.6769605481595417,0.6994533141683624,1.0,12.533,18477.5,True,
197,SOFA,/home/rladlems1031/Isajjim-AI/experiments/benchmark/data/abo/images/2f/2ffef77c.jpg,/home/rladlems1031/Isajjim-AI/experiments/benchmark/data/abo/masks/B07P9Y6W9P.png,/home/rladlems1031/Isajjim-AI/experiments/benchmark/data/abo/meshes/P/B07P9Y6W9P.glb,0.44621686527381704,0.529766998488896,1.0,11.23,18313.0,True,
198,CHAIR_STOOL,/home/rladlems1031/Isajjim-AI/experiments/benchmark/data/abo/images/88/88519c66.jpg,/home/rladlems1031/Isajjim-AI/experiments/benchmark/data/abo/masks/B07QCQ1J95.png,/home/rladlems1031/Isajjim-AI/experiments/benchmark/data/abo/meshes/5/B07QCQ1J95.glb,0.47962721626753885,0.6666260831348934,1.0,10.065,18060.9,True,
199,CHAIR_STOOL,/home/rladlems1031/Isajjim-AI/experiments/benchmark/data/abo/images/57/57648cb2.jpg,/home/rladlems1031/Isajjim-AI/experiments/benchmark/data/abo/masks/B084W2T4QR.png,/home/rladlems1031/Isajjim-AI/experiments/benchmark/data/abo/meshes/R/B084W2T4QR.glb,0.4697432705085421,0.6004477382431757,1.0,9.945,18008.0,True,
200,DESK,/home/rladlems1031/Isajjim-AI/experiments/benchmark/data/abo/images/ca/ca397feb.jpg,/home/rladlems1031/Isajjim-AI/experiments/benchmark/data/abo/masks/B01FK3FWNG.png,/home/rladlems1031/Isajjim-AI/experiments/benchmark/data/abo/meshes/G/B01FK3FWNG.glb,0.7173575124885023,0.887395005790443,1.0,8.748,17665.8,True,
201,DISPLAY_SHELF,/home/rladlems1031/Isajjim-AI/experiments/benchmark/data/abo/images/f7/f740f55b.jpg,/home/rladlems1031/Isajjim-AI/experiments/benchmark/data/abo/masks/B07HSGBB2D.png,/home/rladlems1031/Isajjim-AI/experiments/benchmark/data/abo/meshes/D/B07HSGBB2D.glb,0.22196907905574478,0.3588022804871532,1.0,9.341,17841.7,True,
202,SOFA,/home/rladlems1031/Isajjim-AI/experiments/benchmark/data/abo/images/d5/d55f521d.jpg,/home/rladlems1031/Isajjim-AI/experiments/benchmark/data/abo/masks/B07BWJD1NC.png,/home/rladlems1031/Isajjim-AI/experiments/benchmark/data/abo/meshes/C/B07BWJD1NC.glb,0.26201831924653285,0.7279340002885879,1.0,11.067,18226.1,True,
203,CHAIR_STOOL,/home/rladlems1031/Isajjim-AI/experiments/benchmark/data/abo/images/06/06c11098.jpg,/home/rladlems1031/Isajjim-AI/experiments/benchmark/data/abo/masks/B075Z6S8FF.png,/home/rladlems1031/Isajjim-AI/experiments/benchmark/data/abo/meshes/F/B075Z6S8FF.glb,0.5264064315881081,0.6352556287826493,1.0,9.949,17962.8,True,
204,SOFA,/home/rladlems1031/Isajjim-AI/experiments/benchmark/data/abo/images/d4/d4b7f44a.jpg,/home/rladlems1031/Isajjim-AI/experiments/benchmark/data/abo/masks/B07HZ7PFVL.png,/home/rladlems1031/Isajjim-AI/experiments/benchmark/data/abo/meshes/L/B07HZ7PFVL.glb,0.41942910746876916,0.7129886886049859,1.0,12.178,18430.4,True,
205,DESK,/home/rladlems1031/Isajjim-AI/experiments/benchmark/data/abo/images/ca/ca96a498.jpg,/home/rladlems1031/Isajjim-AI/experiments/benchmark/data/abo/masks/B07K77KZ7T.png,/home/rladlems1031/Isajjim-AI/experiments/benchmark/data/abo/meshes/T/B07K77KZ7T.glb,0.3937763605996741,0.6033894596633681,1.0,10.884,18219.5,True,
206,CABINET,/home/rladlems1031/Isajjim-AI/experiments/benchmark/data/abo/images/c0/c0eae26a.jpg,/home/rladlems1031/Isajjim-AI/experiments/benchmark/data/abo/masks/B07GFFPKFV.png,/home/rladlems1031/Isajjim-AI/experiments/benchmark/data/abo/meshes/V/B07GFFPKFV.glb,0.38079683296435207,0.5796912254201828,1.0,13.789,18665.9,True,
207,CABINET,/home/rladlems1031/Isajjim-AI/experiments/benchmark/data/abo/images/28/28c08aa4.jpg,/home/rladlems1031/Isajjim-AI/experiments/benchmark/data/abo/masks/B07GG2X2MX.png,/home/rladlems1031/Isajjim-AI/experiments/benchmark/data/abo/meshes/X/B07GG2X2MX.glb,0.13382718839505728,0.28401822072197497,1.0,9.02,17738.9,True,
208,CHAIR_STOOL,/home/rladlems1031/Isajjim-AI/experiments/benchmark/data/abo/images/25/259054f2.jpg,/home/rladlems1031/Isajjim-AI/experiments/benchmark/data/abo/masks/B07B4CXTRY.png,/home/rladlems1031/Isajjim-AI/experiments/benchmark/data/abo/meshes/Y/B07B4CXTRY.glb,0.7078539801022473,0.7107775676276196,1.0,19.362,19336.8,True,
209,SOFA,/home/rladlems1031/Isajjim-AI/experiments/benchmark/data/abo/images/15/15709191.jpg,/home/rladlems1031/Isajjim-AI/experiments/benchmark/data/abo/masks/B07B4D88DY.png,/home/rladlems1031/Isajjim-AI/experiments/benchmark/data/abo/meshes/Y/B07B4D88DY.glb,0.3133589661216226,0.6178594438755384,1.0,10.499,18091.4,True,
210,CHAIR_STOOL,/home/rladlems1031/Isajjim-AI/experiments/benchmark/data/abo/images/71/7144fba2.jpg,/home/rladlems1031/Isajjim-AI/experiments/benchmark/data/abo/masks/B0723H8JNR.png,/home/rladlems1031/Isajjim-AI/experiments/benchmark/data/abo/meshes/R/B0723H8JNR.glb,0.6881546804148786,0.7219418016933324,1.0,16.074,19001.2,True,
211,CHAIR_STOOL,/home/rladlems1031/Isajjim-AI/experiments/benchmark/data/abo/images/34/34f81ba9.jpg,/home/rladlems1031/Isajjim-AI/experiments/benchmark/data/abo/masks/B07N2YYSXK.png,/home/rladlems1031/Isajjim-AI/experiments/benchmark/data/abo/meshes/K/B07N2YYSXK.glb,0.0,0.0,0.0,19.678,20038.5,False,"OOM: CUDA out of memory. Tried to allocate 3.08 GiB. GPU 0 has a total capacity of 22.05 GiB of which 1.21 GiB is free. Including non-PyTorch memory, this process has 20.83 GiB memory in use. Of the allocated memory 16.54 GiB is allocated by PyTorch, and 4.02 GiB is reserved by PyTorch but unallocated. If reserved but unallocated memory is large try setting PYTORCH_CUDA_ALLOC_CONF=expandable_segments:True to avoid fragmentation.  See documentation for Memory Management  (https://pytorch.org/docs/stable/notes/cuda.html#environment-variables)"
213,SOFA,/home/rladlems1031/Isajjim-AI/experiments/benchmark/data/abo/images/38/38f44e74.jpg,/home/rladlems1031/Isajjim-AI/experiments/benchmark/data/abo/masks/B07SHYRLMK.png,/home/rladlems1031/Isajjim-AI/experiments/benchmark/data/abo/meshes/K/B07SHYRLMK.glb,0.6691588952385574,0.8141027280078909,1.0,19.824,19387.1,True,
214,CHAIR_STOOL,/home/rladlems1031/Isajjim-AI/experiments/benchmark/data/abo/images/91/91724554.jpg,/home/rladlems1031/Isajjim-AI/experiments/benchmark/data/abo/masks/B075X33SBH.png,/home/rladlems1031/Isajjim-AI/experiments/benchmark/data/abo/meshes/H/B075X33SBH.glb,0.6216314593970825,0.6836486781526845,1.0,16.407,18985.9,True,
215,CHAIR_STOOL,/home/rladlems1031/Isajjim-AI/experiments/benchmark/data/abo/images/80/80c3345b.jpg,/home/rladlems1031/Isajjim-AI/experiments/benchmark/data/abo/masks/B07QBQCG77.png,/home/rladlems1031/Isajjim-AI/experiments/benchmark/data/abo/meshes/7/B07QBQCG77.glb,0.643384320182055,0.8308309130692803,1.0,12.432,18466.8,True,
216,CABINET,/home/rladlems1031/Isajjim-AI/experiments/benchmark/data/abo/images/d4/d4c55995.jpg,/home/rladlems1031/Isajjim-AI/experiments/benchmark/data/abo/masks/B07RMYJWLS.png,/home/rladlems1031/Isajjim-AI/experiments/benchmark/data/abo/meshes/S/B07RMYJWLS.glb,0.5082331991633942,0.5770086866487709,1.0,12.769,18474.7,True,
217,CABINET,/home/rladlems1031/Isajjim-AI/experiments/benchmark/data/abo/images/bf/bfbffc3b.jpg,/home/rladlems1031/Isajjim-AI/experiments/benchmark/data/abo/masks/B07JH147WZ.png,/home/rladlems1031/Isajjim-AI/experiments/benchmark/data/abo/meshes/Z/B07JH147WZ.glb,0.32410464877403505,0.6419080771546394,1.0,14.81,18892.0,True,
218,DISPLAY_SHELF,/home/rladlems1031/Isajjim-AI/experiments/benchmark/data/abo/images/0f/0f617b4a.jpg,/home/rladlems1031/Isajjim-AI/experiments/benchmark/data/abo/masks/B07PSZHDNK.png,/home/rladlems1031/Isajjim-AI/experiments/benchmark/data/abo/meshes/K/B07PSZHDNK.glb,0.21414466068717694,0.3697747430720639,1.0,8.586,17505.4,True,
219,SOFA,/home/rladlems1031/Isajjim-AI/experiments/benchmark/data/abo/images/b1/b1ac8c1c.jpg,/home/rladlems1031/Isajjim-AI/experiments/benchmark/data/abo/masks/B07BWJFQVG.png,/home/rladlems1031/Isajjim-AI/experiments/benchmark/data/abo/meshes/G/B07BWJFQVG.glb,0.30204874175029767,0.5377934964314643,1.0,9.606,17876.4,True,
220,CHAIR_STOOL,/home/rladlems1031/Isajjim-AI/experiments/benchmark/data/abo/images/a2/a2d0a5fd.jpg,/home/rladlems1031/Isajjim-AI/experiments/benchmark/data/abo/masks/B075X4JB1L.png,/home/rladlems1031/Isajjim-AI/experiments/benchmark/data/abo/meshes/L/B075X4JB1L.glb,0.6703638574753997,0.7961107350269797,1.0,12.719,18504.4,True,
221,CHAIR_STOOL,/home/rladlems1031/Isajjim-AI/experiments/benchmark/data/abo/images/1a/1adc0bdb.jpg,/home/rladlems1031/Isajjim-AI/experiments/benchmark/data/abo/masks/B07QGSZ38G.png,/home/rladlems1031/Isajjim-AI/experiments/benchmark/data/abo/meshes/G/B07QGSZ38G.glb,0.7394491852005962,0.7933143512726107,1.0,16.344,18994.3,True,
222,DRAWER,/home/rladlems1031/Isajjim-AI/experiments/benchmark/data/abo/images/dc/dcfb0172.jpg,/home/rladlems1031/Isajjim-AI/experiments/benchmark/data/abo/masks/B07HSH4WFB.png,/home/rladlems1031/Isajjim-AI/experiments/benchmark/data/abo/meshes/B/B07HSH4WFB.glb,0.5363126045060137,0.8291987389888225,1.0,18.413,19211.4,True,
223,DRAWER,/home/rladlems1031/Isajjim-AI/experiments/benchmark/data/abo/images/6b/6bec7919.jpg,/home/rladlems1031/Isajjim-AI/experiments/benchmark/data/abo/masks/B07FM83Z21.png,/home/rladlems1031/Isajjim-AI/experiments/benchmark/data/abo/meshes/1/B07FM83Z21.glb,0.3420504113195171,0.6297221524160385,1.0,12.191,18484.9,True,
224,CHAIR_STOOL,/home/rladlems1031/Isajjim-AI/experiments/benchmark/data/abo/images/3d/3dd9b2d9.jpg,/home/rladlems1031/Isajjim-AI/experiments/benchmark/data/abo/masks/B07B4LZPBV.png,/home/rladlems1031/Isajjim-AI/experiments/benchmark/data/abo/meshes/V/B07B4LZPBV.glb,0.6179881721539907,0.7842879434798112,1.0,22.617,19585.9,True,
225,CHAIR_STOOL,/home/rladlems1031/Isajjim-AI/experiments/benchmark/data/abo/images/2c/2cd8311f.jpg,/home/rladlems1031/Isajjim-AI/experiments/benchmark/data/abo/masks/B082BLFMRC.png,/home/rladlems1031/Isajjim-AI/experiments/benchmark/data/abo/meshes/C/B082BLFMRC.glb,0.5931036129525646,0.6836875771326019,1.0,9.609,17849.1,True,
226,SOFA,/home/rladlems1031/Isajjim-AI/experiments/benchmark/data/abo/images/86/8620c78d.jpg,/home/rladlems1031/Isajjim-AI/experiments/benchmark/data/abo/masks/B07ZTQDCLY.png,/home/rladlems1031/Isajjim-AI/experiments/benchmark/data/abo/meshes/Y/B07ZTQDCLY.glb,0.35996265791659865,0.6886018425987955,1.0,9.939,18052.2,True,
227,SOFA,/home/rladlems1031/Isajjim-AI/experiments/benchmark/data/abo/images/ec/ec8171db.jpg,/home/rladlems1031/Isajjim-AI/experiments/benchmark/data/abo/masks/B07BWJD1V4.png,/home/rladlems1031/Isajjim-AI/experiments/benchmark/data/abo/meshes/4/B07BWJD1V4.glb,0.5436510041085703,0.6422186647656731,1.0,12.363,18473.1,True,
228,CHAIR_STOOL,/home/rladlems1031/Isajjim-AI/experiments/benchmark/data/abo/images/6e/6ec92e00.jpg,/home/rladlems1031/Isajjim-AI/experiments/benchmark/data/abo/masks/B07P8STB67.png,/home/rladlems1031/Isajjim-AI/experiments/benchmark/data/abo/meshes/7/B07P8STB67.glb,0.6753093270655468,0.9479215255227943,1.0,9.211,17798.5,True,
229,SOFA,/home/rladlems1031/Isajjim-AI/experiments/benchmark/data/abo/images/52/5288d1cb.jpg,/home/rladlems1031/Isajjim-AI/experiments/benchmark/data/abo/masks/B07DBDWXM8.png,/home/rladlems1031/Isajjim-AI/experiments/benchmark/data/abo/meshes/8/B07DBDWXM8.glb,0.4587085890976987,0.5649343163633572,1.0,11.674,18365.5,True,
230,CHAIR_STOOL,/home/rladlems1031/Isajjim-AI/experiments/benchmark/data/abo/images/08/082ef6e5.jpg,/home/rladlems1031/Isajjim-AI/experiments/benchmark/data/abo/masks/B0853L1KQ9.png,/home/rladlems1031/Isajjim-AI/experiments/benchmark/data/abo/meshes/9/B0853L1KQ9.glb,0.4502583786970809,0.6311101666229456,1.0,9.996,17998.6,True,
231,CHAIR_STOOL,/home/rladlems1031/Isajjim-AI/experiments/benchmark/data/abo/images/c3/c3b841db.jpg,/home/rladlems1031/Isajjim-AI/experiments/benchmark/data/abo/masks/B0853KZW7Z.png,/home/rladlems1031/Isajjim-AI/experiments/benchmark/data/abo/meshes/Z/B0853KZW7Z.glb,0.52888791991127,0.6517671392660266,1.0,9.64,17928.4,True,
232,DISPLAY_SHELF,/home/rladlems1031/Isajjim-AI/experiments/benchmark/data/abo/images/9d/9d479210.jpg,/home/rladlems1031/Isajjim-AI/experiments/benchmark/data/abo/masks/B07QY2ZN7X.png,/home/rladlems1031/Isajjim-AI/experiments/benchmark/data/abo/meshes/X/B07QY2ZN7X.glb,0.5164996539506657,0.8695652020976709,1.0,18.737,19398.7,True,
233,SOFA,/home/rladlems1031/Isajjim-AI/experiments/benchmark/data/abo/images/c8/c8334a39.jpg,/home/rladlems1031/Isajjim-AI/experiments/benchmark/data/abo/masks/B07VMLFZCD.png,/home/rladlems1031/Isajjim-AI/experiments/benchmark/data/abo/meshes/D/B07VMLFZCD.glb,0.41623582975840523,0.48741456712306314,1.0,11.692,18400.2,True,
235,SOFA,/home/rladlems1031/Isajjim-AI/experiments/benchmark/data/abo/images/66/6608dcfe.jpg,/home/rladlems1031/Isajjim-AI/experiments/benchmark/data/abo/masks/B07J2JGXD7.png,/home/rladlems1031/Isajjim-AI/experiments/benchmark/data/abo/meshes/7/B07J2JGXD7.glb,0.44078516785129535,0.5401179672166355,1.0,10.182,18010.2,True,
236,CHAIR_STOOL,/home/rladlems1031/Isajjim-AI/experiments/benchmark/data/abo/images/b0/b0869816.jpg,/home/rladlems1031/Isajjim-AI/experiments/benchmark/data/abo/masks/B07K7SDQS6.png,/home/rladlems1031/Isajjim-AI/experiments/benchmark/data/abo/meshes/6/B07K7SDQS6.glb,0.4308198933842385,0.5779364316710714,1.0,8.898,17625.1,True,
237,CHAIR_STOOL,/home/rladlems1031/Isajjim-AI/experiments/benchmark/data/abo/images/e7/e7650f7b.jpg,/home/rladlems1031/Isajjim-AI/experiments/benchmark/data/abo/masks/B07QL23R78.png,/home/rladlems1031/Isajjim-AI/experiments/benchmark/data/abo/meshes/8/B07QL23R78.glb,0.6544931548643514,0.6864086348213313,1.0,9.175,17754.0,True,
238,SOFA,/home/rladlems1031/Isajjim-AI/experiments/benchmark/data/abo/images/88/88fda520.jpg,/home/rladlems1031/Isajjim-AI/experiments/benchmark/data/abo/masks/B07G33RYW3.png,/home/rladlems1031/Isajjim-AI/experiments/benchmark/data/abo/meshes/3/B07G33RYW3.glb,0.4402357219156624,0.45801778609334654,1.0,10.014,18109.2,True,
239,SOFA,/home/rladlems1031/Isajjim-AI/experiments/benchmark/data/abo/images/22/22a51f2d.jpg,/home/rladlems1031/Isajjim-AI/experiments/benchmark/data/abo/masks/B07BWMSQ7S.png,/home/rladlems1031/Isajjim-AI/experiments/benchmark/data/abo/meshes/S/B07BWMSQ7S.glb,0.3160986969812021,0.5390634973108083,1.0,9.462,17935.6,True,
240,CHAIR_STOOL,/home/rladlems1031/Isajjim-AI/experiments/benchmark/data/abo/images/76/768f5b89.jpg,/home/rladlems1031/Isajjim-AI/experiments/benchmark/data/abo/masks/B07QJXK4CD.png,/home/rladlems1031/Isajjim-AI/experiments/benchmark/data/abo/meshes/D/B07QJXK4CD.glb,0.5803256180190832,0.6260017613103769,1.0,11.576,18330.8,True,
241,DISPLAY_SHELF,/home/rladlems1031/Isajjim-AI/experiments/benchmark/data/abo/images/c3/c3249cb5.jpg,/home/rladlems1031/Isajjim-AI/experiments/benchmark/data/abo/masks/B07HSCJZQM.png,/home/rladlems1031/Isajjim-AI/experiments/benchmark/data/abo/meshes/M/B07HSCJZQM.glb,0.23584480797914806,0.3291155339098335,1.0,8.932,17583.1,True,
242,DRAWER,/home/rladlems1031/Isajjim-AI/experiments/benchmark/data/abo/images/06/06e7730c.jpg,/home/rladlems1031/Isajjim-AI/experiments/benchmark/data/abo/masks/B079VPLVH5.png,/home/rladlems1031/Isajjim-AI/experiments/benchmark/data/abo/meshes/5/B079VPLVH5.glb,0.8619867739713318,0.9047109579168215,1.0,8.97,17877.9,True,
243,DISPLAY_SHELF,/home/rladlems1031/Isajjim-AI/experiments/benchmark/data/abo/images/90/906d9be4.jpg,/home/rladlems1031/Isajjim-AI/experiments/benchmark/data/abo/masks/B07H8P1N9T.png,/home/rladlems1031/Isajjim-AI/experiments/benchmark/data/abo/meshes/T/B07H8P1N9T.glb,0.31397199317174007,0.729403028720485,1.0,12.461,18421.1,True,
244,DISPLAY_SHELF,/home/rladlems1031/Isajjim-AI/experiments/benchmark/data/abo/images/27/272a9843.jpg,/home/rladlems1031/Isajjim-AI/experiments/benchmark/data/abo/masks/B07QY2XJD6.png,/home/rladlems1031/Isajjim-AI/experiments/benchmark/data/abo/meshes/6/B07QY2XJD6.glb,0.5179886843923361,0.8733095332429398,1.0,20.766,19435.3,True,
245,BED,/home/rladlems1031/Isajjim-AI/experiments/benchmark/data/abo/images/80/80725e3d.jpg,/home/rladlems1031/Isajjim-AI/experiments/benchmark/data/abo/masks/B07B4ZQQL3.png,/home/rladlems1031/Isajjim-AI/experiments/benchmark/data/abo/meshes/3/B07B4ZQQL3.glb,0.6144307459665255,0.6774141286983083,1.0,12.404,18418.0,True,
246,SOFA,/home/rladlems1031/Isajjim-AI/experiments/benchmark/data/abo/images/5e/5e2ceb4f.jpg,/home/rladlems1031/Isajjim-AI/experiments/benchmark/data/abo/masks/B07B4D84TW.png,/home/rladlems1031/Isajjim-AI/experiments/benchmark/data/abo/meshes/W/B07B4D84TW.glb,0.32893561278286065,0.6767193858968473,1.0,10.513,18107.1,True,
247,DESK,/home/rladlems1031/Isajjim-AI/experiments/benchmark/data/abo/images/92/92dc6b2c.jpg,/home/rladlems1031/Isajjim-AI/experiments/benchmark/data/abo/masks/B07TLDMQS2.png,/home/rladlems1031/Isajjim-AI/experiments/benchmark/data/abo/meshes/2/B07TLDMQS2.glb,0.5558103944917502,0.78742848156012,1.0,10.149,18153.4,True,
248,CABINET,/home/rladlems1031/Isajjim-AI/experiments/benchmark/data/abo/images/9a/9a153ecd.jpg,/home/rladlems1031/Isajjim-AI/experiments/benchmark/data/abo/masks/B07C41C1C8.png,/home/rladlems1031/Isajjim-AI/experiments/benchmark/data/abo/meshes/8/B07C41C1C8.glb,0.15952322297653496,0.269779596454662,1.0,8.872,17709.7,True,
249,CHAIR_STOOL,/home/rladlems1031/Isajjim-AI/experiments/benchmark/data/abo/images/99/994c9ab9.jpg,/home/rladlems1031/Isajjim-AI/experiments/benchmark/data/abo/masks/B082QDKRCP.png,/home/rladlems1031/Isajjim-AI/experiments/benchmark/data/abo/meshes/P/B082QDKRCP.glb,0.7715863797837818,0.8083287619038237,1.0,16.055,18852.5,True,
250,CHAIR_STOOL,/home/rladlems1031/Isajjim-AI/experiments/benchmark/data/abo/images/37/37441040.jpg,/home/rladlems1031/Isajjim-AI/experiments/benchmark/data/abo/masks/B07QGSZ4LN.png,/home/rladlems1031/Isajjim-AI/experiments/benchmark/data/abo/meshes/N/B07QGSZ4LN.glb,0.6020876343989878,0.6952103648380494,1.0,16.821,19017.6,True,
251,CHAIR_STOOL,/home/rladlems1031/Isajjim-AI/experiments/benchmark/data/abo/images/75/75986949.jpg,/home/rladlems1031/Isajjim-AI/experiments/benchmark/data/abo/masks/B07QFP5TNM.png,/home/rladlems1031/Isajjim-AI/experiments/benchmark/data/abo/meshes/M/B07QFP5TNM.glb,0.6665230973059899,0.7428180966457367,1.0,9.487,17878.9,True,
252,DRAWER,/home/rladlems1031/Isajjim-AI/experiments/benchmark/data/abo/images/3c/3ceb02d8.jpg,/home/rladlems1031/Isajjim-AI/experiments/benchmark/data/abo/masks/B077NZFT6C.png,/home/rladlems1031/Isajjim-AI/experiments/benchmark/data/abo/meshes/C/B077NZFT6C.glb,0.5578258778455304,0.8086035845955523,1.0,22.08,19551.0,True,
253,BED,/home/rladlems1031/Isajjim-AI/experiments/benchmark/data/abo/images/58/586d7ff6.jpg,/home/rladlems1031/Isajjim-AI/experiments/benchmark/data/abo/masks/B07B4YXRLC.png,/home/rladlems1031/Isajjim-AI/experiments/benchmark/data/abo/meshes/C/B07B4YXRLC.glb,0.6067433649563113,0.706136460085046,1.0,14.486,18739.9,True,
254,SOFA,/home/rladlems1031/Isajjim-AI/experiments/benchmark/data/abo/images/93/939beb01.jpg,/home/rladlems1031/Isajjim-AI/experiments/benchmark/data/abo/masks/B07B4D86J6.png,/home/rladlems1031/Isajjim-AI/experiments/benchmark/data/abo/meshes/6/B07B4D86J6.glb,0.4985624828184346,0.6151516560670683,1.0,11.414,18270.9,True,
255,DESK,/home/rladlems1031/Isajjim-AI/experiments/benchmark/data/abo/images/65/6595284e.jpg,/home/rladlems1031/Isajjim-AI/experiments/benchmark/data/abo/masks/B07GFRCLMN.png,/home/rladlems1031/Isajjim-AI/experiments/benchmark/data/abo/meshes/N/B07GFRCLMN.glb,0.5091175474678692,0.7756167482853435,1.0,11.685,18432.1,True,
256,SOFA,/home/rladlems1031/Isajjim-AI/experiments/benchmark/data/abo/images/6a/6ab3b1b0.jpg,/home/rladlems1031/Isajjim-AI/experiments/benchmark/data/abo/masks/B0831X3864.png,/home/rladlems1031/Isajjim-AI/experiments/benchmark/data/abo/meshes/4/B0831X3864.glb,0.4228818215916937,0.43908424624779085,1.0,9.958,18009.7,True,
257,CHAIR_STOOL,/home/rladlems1031/Isajjim-AI/experiments/benchmark/data/abo/images/5f/5f2c6072.jpg,/home/rladlems1031/Isajjim-AI/experiments/benchmark/data/abo/masks/B07JKTRKT3.png,/home/rladlems1031/Isajjim-AI/experiments/benchmark/data/abo/meshes/3/B07JKTRKT3.glb,0.6023666521844804,0.6526927181164156,1.0,9.692,17978.0,True,
258,DRAWER,/home/rladlems1031/Isajjim-AI/experiments/benchmark/data/abo/images/63/63783923.jpg,/home/rladlems1031/Isajjim-AI/experiments/benchmark/data/abo/masks/B07HSHYZKN.png,/home/rladlems1031/Isajjim-AI/experiments/benchmark/data/abo/meshes/N/B07HSHYZKN.glb,0.5170941337761493,0.9998657089991001,1.0,24.242,19719.6,True,
260,DISPLAY_SHELF,/home/rladlems1031/Isajjim-AI/experiments/benchmark/data/abo/images/8b/8b5f7b3b.jpg,/home/rladlems1031/Isajjim-AI/experiments/benchmark/data/abo/masks/B088HBRF7Y.png,/home/rladlems1031/Isajjim-AI/experiments/benchmark/data/abo/meshes/Y/B088HBRF7Y.glb,0.13633562050550713,0.3375383198341433,1.0,8.875,17607.5,True,
261,SOFA,/home/rladlems1031/Isajjim-AI/experiments/benchmark/data/abo/images/ee/ee4bca4d.jpg,/home/rladlems1031/Isajjim-AI/experiments/benchmark/data/abo/masks/B07HPNB4HQ.png,/home/rladlems1031/Isajjim-AI/experiments/benchmark/data/abo/meshes/Q/B07HPNB4HQ.glb,0.4313052463555846,0.47600889838732957,1.0,10.594,18203.3,True,
262,DISPLAY_SHELF,/home/rladlems1031/Isajjim-AI/experiments/benchmark/data/abo/images/c3/c32293e8.jpg,/home/rladlems1031/Isajjim-AI/experiments/benchmark/data/abo/masks/B088HCYH1D.png,/home/rladlems1031/Isajjim-AI/experiments/benchmark/data/abo/meshes/D/B088HCYH1D.glb,0.2777486286790788,0.3026512037894488,1.0,9.093,17687.6,True,
263,SOFA,/home/rladlems1031/Isajjim-AI/experiments/benchmark/data/abo/images/89/898e7f8b.jpg,/home/rladlems1031/Isajjim-AI/experiments/benchmark/data/abo/masks/B072C8Q9S8.png,/home/rladlems1031/Isajjim-AI/experiments/benchmark/data/abo/meshes/8/B072C8Q9S8.glb,0.5226416033684669,0.5653801476232366,1.0,12.257,18517.6,True,
264,DRAWER,/home/rladlems1031/Isajjim-AI/experiments/benchmark/data/abo/images/2f/2f3da4c2.jpg,/home/rladlems1031/Isajjim-AI/experiments/benchmark/data/abo/masks/B079TZ7JZJ.png,/home/rladlems1031/Isajjim-AI/experiments/benchmark/data/abo/meshes/J/B079TZ7JZJ.glb,0.7128922484624545,0.8321222385945896,1.0,8.788,17777.8,True,
265,BED,/home/rladlems1031/Isajjim-AI/experiments/benchmark/data/abo/images/34/348c52d6.jpg,/home/rladlems1031/Isajjim-AI/experiments/benchmark/data/abo/masks/B07B4W2MD8.png,/home/rladlems1031/Isajjim-AI/experiments/benchmark/data/abo/meshes/8/B07B4W2MD8.glb,0.6086066703326861,0.8221678161482375,1.0,13.288,18604.6,True,
266,CHAIR_STOOL,/home/rladlems1031/Isajjim-AI/experiments/benchmark/data/abo/images/a5/a5c76213.jpg,/home/rladlems1031/Isajjim-AI/experiments/benchmark/data/abo/masks/B07B4MH9QF.png,/home/rladlems1031/Isajjim-AI/experiments/benchmark/data/abo/meshes/F/B07B4MH9QF.glb,0.8828738047538839,0.9262529160263228,1.0,9.504,17882.7,True,
267,DRAWER,/home/rladlems1031/Isajjim-AI/experiments/benchmark/data/abo/images/d1/d12b659b.jpg,/home/rladlems1031/Isajjim-AI/experiments/benchmark/data/abo/masks/B07PYKJYLQ.png,/home/rladlems1031/Isajjim-AI/experiments/benchmark/data/abo/meshes/Q/B07PYKJYLQ.glb,0.2354760467421319,0.8963240022443578,1.0,11.695,18554.4,True,
268,CHAIR_STOOL,/home/rladlems1031/Isajjim-AI/experiments/benchmark/data/abo/images/85/858403cf.jpg,/home/rladlems1031/Isajjim-AI/experiments/benchmark/data/abo/masks/B07QDNRFKJ.png,/home/rladlems1031/Isajjim-AI/experiments/benchmark/data/abo/meshes/J/B07QDNRFKJ.glb,0.4975206838491459,0.6575372954671372,1.0,10.455,18078.2,True,
269,CHAIR_STOOL,/home/rladlems1031/Isajjim-AI/experiments/benchmark/data/abo/images/cf/cf0bfaca.jpg,/home/rladlems1031/Isajjim-AI/experiments/benchmark/data/abo/masks/B07QJZ2N42.png,/home/rladlems1031/Isajjim-AI/experiments/benchmark/data/abo/meshes/2/B07QJZ2N42.glb,0.6290350295411054,0.6884375839037354,1.0,17.024,19127.3,True,
271,SOFA,/home/rladlems1031/Isajjim-AI/experiments/benchmark/data/abo/images/c1/c1cce06f.jpg,/home/rladlems1031/Isajjim-AI/experiments/benchmark/data/abo/masks/B07G2H9MSQ.png,/home/rladlems1031/Isajjim-AI/experiments/benchmark/data/abo/meshes/Q/B07G2H9MSQ.glb,0.40420259054210694,0.461790237630621,1.0,10.317,18090.9,True,
272,SOFA,/home/rladlems1031/Isajjim-AI/experiments/benchmark/data/abo/images/45/451186a6.jpg,/home/rladlems1031/Isajjim-AI/experiments/benchmark/data/abo/masks/B0831Y1G6B.png,/home/rladlems1031/Isajjim-AI/experiments/benchmark/data/abo/meshes/B/B0831Y1G6B.glb,0.31553399655241016,0.6489339060657199,1.0,11.644,18336.0,True,
273,CHAIR_STOOL,/home/rladlems1031/Isajjim-AI/experiments/benchmark/data/abo/images/62/623cc271.jpg,/home/rladlems1031/Isajjim-AI/experiments/benchmark/data/abo/masks/B07J2R9Y4W.png,/home/rladlems1031/Isajjim-AI/experiments/benchmark/data/abo/meshes/W/B07J2R9Y4W.glb,0.9575007402379511,0.9639307265593771,1.0,20.168,19400.3,True,
274,SOFA,/home/rladlems1031/Isajjim-AI/experiments/benchmark/data/abo/images/1e/1ebaf0cb.jpg,/home/rladlems1031/Isajjim-AI/experiments/benchmark/data/abo/masks/B07BWLMJ8J.png,/home/rladlems1031/Isajjim-AI/experiments/benchmark/data/abo/meshes/J/B07BWLMJ8J.glb,0.28660710559165603,0.6725775526241752,1.0,10.499,18121.5,True,
275,DISPLAY_SHELF,/home/rladlems1031/Isajjim-AI/experiments/benchmark/data/abo/images/4c/4cd65359.jpg,/home/rladlems1031/Isajjim-AI/experiments/benchmark/data/abo/masks/B07TZ9BMJG.png,/home/rladlems1031/Isajjim-AI/experiments/benchmark/data/abo/meshes/G/B07TZ9BMJG.glb,0.3519274520056495,0.4861807781073125,1.0,9.501,17964.1,True,
276,SOFA,/home/rladlems1031/Isajjim-AI/experiments/benchmark/data/abo/images/10/10a9bfaa.jpg,/home/rladlems1031/Isajjim-AI/experiments/benchmark/data/abo/masks/B07J2KL8RY.png,/home/rladlems1031/Isajjim-AI/experiments/benchmark/data/abo/meshes/Y/B07J2KL8RY.glb,0.35772245214802356,0.48361745410731083,1.0,10.516,18057.0,True,
277,DRAWER,/home/rladlems1031/Isajjim-AI/experiments/benchmark/data/abo/images/ee/ee985bca.jpg,/home/rladlems1031/Isajjim-AI/experiments/benchmark/data/abo/masks/B07FFWSBBF.png,/home/rladlems1031/Isajjim-AI/experiments/benchmark/data/abo/meshes/F/B07FFWSBBF.glb,0.33954994076306033,0.867421145224058,1.0,16.042,18965.6,True,
278,SOFA,/home/rladlems1031/Isajjim-AI/experiments/benchmark/data/abo/images/b6/b61dd7d7.jpg,/home/rladlems1031/Isajjim-AI/experiments/benchmark/data/abo/masks/B075X2WNWG.png,/home/rladlems1031/Isajjim-AI/experiments/benchmark/data/abo/meshes/G/B075X2WNWG.glb,0.4007759375846168,0.4197763371813299,1.0,10.056,17980.7,True,
279,CHAIR_STOOL,/home/rladlems1031/Isajjim-AI/experiments/benchmark/data/abo/images/11/11ecebc7.jpg,/home/rladlems1031/Isajjim-AI/experiments/benchmark/data/abo/masks/B07QGWLBBC.png,/home/rladlems1031/Isajjim-AI/experiments/benchmark/data/abo/meshes/C/B07QGWLBBC.glb,0.5530816041964601,0.6567766134449784,1.0,10.93,18201.5,True,
280,SOFA,/home/rladlems1031/Isajjim-AI/experiments/benchmark/data/abo/images/a8/a8246134.jpg,/home/rladlems1031/Isajjim-AI/experiments/benchmark/data/abo/masks/B075X4VM7F.png,/home/rladlems1031/Isajjim-AI/experiments/benchmark/data/abo/meshes/F/B075X4VM7F.glb,0.37280815705572806,0.39116384875314925,1.0,9.81,17921.5,True,
281,DISPLAY_SHELF,/home/rladlems1031/Isajjim-AI/experiments/benchmark/data/abo/images/07/07abd730.jpg,/home/rladlems1031/Isajjim-AI/experiments/benchmark/data/abo/masks/B07PNG6XLV.png,/home/rladlems1031/Isajjim-AI/experiments/benchmark/data/abo/meshes/V/B07PNG6XLV.glb,0.17466445792678,0.4034603816292798,1.0,8.719,17519.1,True,
282,SOFA,/home/rladlems1031/Isajjim-AI/experiments/benchmark/data/abo/images/64/64a1b160.jpg,/home/rladlems1031/Isajjim-AI/experiments/benchmark/data/abo/masks/B07G34GPYH.png,/home/rladlems1031/Isajjim-AI/experiments/benchmark/data/abo/meshes/H/B07G34GPYH.glb,0.44249132590454465,0.4774568846705803,1.0,10.015,18034.3,True,
283,SOFA,/home/rladlems1031/Isajjim-AI/experiments/benchmark/data/abo/images/4e/4ed5e182.jpg,/home/rladlems1031/Isajjim-AI/experiments/benchmark/data/abo/masks/B072PZ4LVN.png,/home/rladlems1031/Isajjim-AI/experiments/benchmark/data/abo/meshes/N/B072PZ4LVN.glb,0.4630932224511697,0.4862431342073393,1.0,10.551,18153.2,True,
284,CHAIR_STOOL,/home/rladlems1031/Isajjim-AI/experiments/benchmark/data/abo/images/8f/8f3bf68c.jpg,/home/rladlems1031/Isajjim-AI/experiments/benchmark/data/abo/masks/B07QDL57B8.png,/home/rladlems1031/Isajjim-AI/experiments/benchmark/data/abo/meshes/8/B07QDL57B8.glb,0.6479919966666641,0.7039318734100308,1.0,19.356,19364.4,True,
285,CHAIR_STOOL,/home/rladlems1031/Isajjim-AI/experiments/benchmark/data/abo/images/e2/e23d2a53.jpg,/home/rladlems1031/Isajjim-AI/experiments/benchmark/data/abo/masks/B084T7K1P4.png,/home/rladlems1031/Isajjim-AI/experiments/benchmark/data/abo/meshes/4/B084T7K1P4.glb,0.606530100465395,0.636541364246248,1.0,8.658,17649.6,True,
286,SOFA,/home/rladlems1031/Isajjim-AI/experiments/benchmark/data/abo/images/24/24179d45.jpg,/home/rladlems1031/Isajjim-AI/experiments/benchmark/data/abo/masks/B07P8SRVPN.png,/home/rladlems1031/Isajjim-AI/experiments/benchmark/data/abo/meshes/N/B07P8SRVPN.glb,0.6401851698506182,0.6598118370595075,1.0,14.091,18716.1,True,
287,SOFA,/home/rladlems1031/Isajjim-AI/experiments/benchmark/data/abo/images/36/36a75f55.jpg,/home/rladlems1031/Isajjim-AI/experiments/benchmark/data/abo/masks/B07SHYNBDG.png,/home/rladlems1031/Isajjim-AI/experiments/benchmark/data/abo/meshes/G/B07SHYNBDG.glb,0.529138889770561,0.82055555532412,1.0,12.589,18510.4,True,
288,CHAIR_STOOL,/home/rladlems1031/Isajjim-AI/experiments/benchmark/data/abo/images/40/402ee0d5.jpg,/home/rladlems1031/Isajjim-AI/experiments/benchmark/data/abo/masks/B07DC1LJFV.png,/home/rladlems1031/Isajjim-AI/experiments/benchmark/data/abo/meshes/V/B07DC1LJFV.glb,0.5199467572879138,0.584698797912452,1.0,9.479,17920.3,True,
289,DRAWER,/home/rladlems1031/Isajjim-AI/experiments/benchmark/data/abo/images/24/24538384.jpg,/home/rladlems1031/Isajjim-AI/experiments/benchmark/data/abo/masks/B079TXCC1J.png,/home/rladlems1031/Isajjim-AI/experiments/benchmark/data/abo/meshes/J/B079TXCC1J.glb,0.7749916911680119,0.9039113717399796,1.0,8.786,17828.0,True,
290,SOFA,/home/rladlems1031/Isajjim-AI/experiments/benchmark/data/abo/images/dc/dc778a39.jpg,/home/rladlems1031/Isajjim-AI/experiments/benchmark/data/abo/masks/B07G33Z52Z.png,/home/rladlems1031/Isajjim-AI/experiments/benchmark/data/abo/meshes/Z/B07G33Z52Z.glb,0.45241397721237436,0.5050524393658121,1.0,10.496,18095.3,True,
291,CHAIR_STOOL,/home/rladlems1031/Isajjim-AI/experiments/benchmark/data/abo/images/e7/e7c81729.jpg,/home/rladlems1031/Isajjim-AI/experiments/benchmark/data/abo/masks/B075YN3HB3.png,/home/rladlems1031/Isajjim-AI/experiments/benchmark/data/abo/meshes/3/B075YN3HB3.glb,0.5546356611072845,0.665527597068974,1.0,10.678,18121.4,True,
292,CHAIR_STOOL,/home/rladlems1031/Isajjim-AI/experiments/benchmark/data/abo/images/0c/0ca97a05.jpg,/home/rladlems1031/Isajjim-AI/experiments/benchmark/data/abo/masks/B07HSBD6TF.png,/home/rladlems1031/Isajjim-AI/experiments/benchmark/data/abo/meshes/F/B07HSBD6TF.glb,0.5354844563154707,0.5984096987714397,1.0,9.281,17851.5,True,
293,SOFA,/home/rladlems1031/Isajjim-AI/experiments/benchmark/data/abo/images/d5/d5eadb09.jpg,/home/rladlems1031/Isajjim-AI/experiments/benchmark/data/abo/masks/B072M1WJ8S.png,/home/rladlems1031/Isajjim-AI/experiments/benchmark/data/abo/meshes/S/B072M1WJ8S.glb,0.47411835956219406,0.5094405168626037,1.0,10.868,18292.0,True,
294,CHAIR_STOOL,/home/rladlems1031/Isajjim-AI/experiments/benchmark/data/abo/images/c0/c067f963.jpg,/home/rladlems1031/Isajjim-AI/experiments/benchmark/data/abo/masks/B082QDSXL6.png,/home/rladlems1031/Isajjim-AI/experiments/benchmark/data/abo/meshes/6/B082QDSXL6.glb,0.6620504849572362,0.9426634721349134,1.0,13.723,18626.7,True,
295,CHAIR_STOOL,/home/rladlems1031/Isajjim-AI/experiments/benchmark/data/abo/images/d6/d6bcb121.jpg,/home/rladlems1031/Isajjim-AI/experiments/benchmark/data/abo/masks/B07HPCBT5Z.png,/home/rladlems1031/Isajjim-AI/experiments/benchmark/data/abo/meshes/Z/B07HPCBT5Z.glb,0.4544767208485899,0.5605121030380152,1.0,8.965,17808.5,True,
296,CHAIR_STOOL,/home/rladlems1031/Isajjim-AI/experiments/benchmark/data/abo/images/60/60716d39.jpg,/home/rladlems1031/Isajjim-AI/experiments/benchmark/data/abo/masks/B0857JZKYB.png,/home/rladlems1031/Isajjim-AI/experiments/benchmark/data/abo/meshes/B/B0857JZKYB.glb,0.5189159374652855,0.6769463331917032,1.0,8.915,17765.8,True,
297,DRAWER,/home/rladlems1031/Isajjim-AI/experiments/benchmark/data/abo/images/dd/dd8947bb.jpg,/home/rladlems1031/Isajjim-AI/experiments/benchmark/data/abo/masks/B00838756S.png,/home/rladlems1031/Isajjim-AI/experiments/benchmark/data/abo/meshes/S/B00838756S.glb,0.44307994757350605,0.7875399171348999,1.0,16.081,19010.5,True,
298,CHAIR_STOOL,/home/rladlems1031/Isajjim-AI/experiments/benchmark/data/abo/images/12/1227cda0.jpg,/home/rladlems1031/Isajjim-AI/experiments/benchmark/data/abo/masks/B07P5LMFMT.png,/home/rladlems1031/Isajjim-AI/experiments/benchmark/data/abo/meshes/T/B07P5LMFMT.glb,0.748629881464592,0.9637406130385718,1.0,9.366,17818.8,True,
299,CHAIR_STOOL,/home/rladlems1031/Isajjim-AI/experiments/benchmark/data/abo/images/9e/9e975c75.jpg,/home/rladlems1031/Isajjim-AI/experiments/benchmark/data/abo/masks/B075YN3GVN.png,/home/rladlems1031/Isajjim-AI/experiments/benchmark/data/abo/meshes/N/B075YN3GVN.glb,0.503411193093301,0.6109004673788375,1.0,9.81,17963.1,True,
300,CHAIR_STOOL,/home/rladlems1031/Isajjim-AI/experiments/benchmark/data/abo/images/34/34ea5f75.jpg,/home/rladlems1031/Isajjim-AI/experiments/benchmark/data/abo/masks/B082QCY5SV.png,/home/rladlems1031/Isajjim-AI/experiments/benchmark/data/abo/meshes/V/B082QCY5SV.glb,0.7439691959263863,0.7547524575107051,1.0,14.575,18772.4,True,
301,CHAIR_STOOL,/home/rladlems1031/Isajjim-AI/experiments/benchmark/data/abo/images/10/1054e7da.jpg,/home/rladlems1031/Isajjim-AI/experiments/benchmark/data/abo/masks/B07TZRKLXL.png,/home/rladlems1031/Isajjim-AI/experiments/benchmark/data/abo/meshes/L/B07TZRKLXL.glb,0.5604234183570653,0.6574458628665308,1.0,10.796,18157.8,True,
302,BED,/home/rladlems1031/Isajjim-AI/experiments/benchmark/data/abo/images/c1/c1ab9976.jpg,/home/rladlems1031/Isajjim-AI/experiments/benchmark/data/abo/masks/B07B4W31CX.png,/home/rladlems1031/Isajjim-AI/experiments/benchmark/data/abo/meshes/X/B07B4W31CX.glb,0.6357790355358923,0.7435628749611539,1.0,10.444,18105.6,True,
303,SOFA,/home/rladlems1031/Isajjim-AI/experiments/benchmark/data/abo/images/7a/7aafb6ec.jpg,/home/rladlems1031/Isajjim-AI/experiments/benchmark/data/abo/masks/B07QGSZ3FP.png,/home/rladlems1031/Isajjim-AI/experiments/benchmark/data/abo/meshes/P/B07QGSZ3FP.glb,0.4566381347611548,0.6508240165891305,1.0,12.104,18409.1,True,
304,CABINET,/home/rladlems1031/Isajjim-AI/experiments/benchmark/data/abo/images/b5/b5269505.jpg,/home/rladlems1031/Isajjim-AI/experiments/benchmark/data/abo/masks/B07H8JWNQH.png,/home/rladlems1031/Isajjim-AI/experiments/benchmark/data/abo/meshes/H/B07H8JWNQH.glb,0.49355344317278915,0.8460709849663376,1.0,8.864,17741.0,True,
305,SOFA,/home/rladlems1031/Isajjim-AI/experiments/benchmark/data/abo/images/84/840a1c49.jpg,/home/rladlems1031/Isajjim-AI/experiments/benchmark/data/abo/masks/B07P5LN1M4.png,/home/rladlems1031/Isajjim-AI/experiments/benchmark/data/abo/meshes/4/B07P5LN1M4.glb,0.46723197437156677,0.6624044545703159,1.0,11.45,18283.0,True,
306,CHAIR_STOOL,/home/rladlems1031/Isajjim-AI/experiments/benchmark/data/abo/images/2f/2fc08576.jpg,/home/rladlems1031/Isajjim-AI/experiments/benchmark/data/abo/masks/B082QCSFK7.png,/home/rladlems1031/Isajjim-AI/experiments/benchmark/data/abo/meshes/7/B082QCSFK7.glb,0.6888582500563835,0.950171428797523,1.0,16.311,18878.8,True,
307,CHAIR_STOOL,/home/rladlems1031/Isajjim-AI/experiments/benchmark/data/abo/images/85/85524f85.jpg,/home/rladlems1031/Isajjim-AI/experiments/benchmark/data/abo/masks/B07DBDZ3WW.png,/home/rladlems1031/Isajjim-AI/experiments/benchmark/data/abo/meshes/W/B07DBDZ3WW.glb,0.5692287085669245,0.6683828674587341,1.0,13.778,18697.0,True,
308,CHAIR_STOOL,/home/rladlems1031/Isajjim-AI/experiments/benchmark/data/abo/images/f3/f326e5ad.jpg,/home/rladlems1031/Isajjim-AI/experiments/benchmark/data/abo/masks/B07THSQFHW.png,/home/rladlems1031/Isajjim-AI/experiments/benchmark/data/abo/meshes/W/B07THSQFHW.glb,0.6139510966532467,0.630328656209934,1.0,20.647,19537.1,True,
309,SOFA,/home/rladlems1031/Isajjim-AI/experiments/benchmark/data/abo/images/aa/aa38e6e8.jpg,/home/rladlems1031/Isajjim-AI/experiments/benchmark/data/abo/masks/B07HZ7TKQH.png,/home/rladlems1031/Isajjim-AI/experiments/benchmark/data/abo/meshes/H/B07HZ7TKQH.glb,0.47818573880493087,0.5468130971836317,1.0,11.822,18416.8,True,
310,SOFA,/home/rladlems1031/Isajjim-AI/experiments/benchmark/data/abo/images/f9/f92dd577.jpg,/home/rladlems1031/Isajjim-AI/experiments/benchmark/data/abo/masks/B07B4MHCDR.png,/home/rladlems1031/Isajjim-AI/experiments/benchmark/data/abo/meshes/R/B07B4MHCDR.glb,0.40435889050277435,0.44434914279257465,1.0,10.317,18064.9,True,
311,SOFA,/home/rladlems1031/Isajjim-AI/experiments/benchmark/data/abo/images/0c/0cc81d38.jpg,/home/rladlems1031/Isajjim-AI/experiments/benchmark/data/abo/masks/B0723H8JVJ.png,/home/rladlems1031/Isajjim-AI/experiments/benchmark/data/abo/meshes/J/B0723H8JVJ.glb,0.5549299759632079,0.6881340374682853,1.0,15.112,18904.7,True,
312,CHAIR_STOOL,/home/rladlems1031/Isajjim-AI/experiments/benchmark/data/abo/images/75/757aae99.jpg,/home/rladlems1031/Isajjim-AI/experiments/benchmark/data/abo/masks/B075YMXWZM.png,/home/rladlems1031/Isajjim-AI/experiments/benchmark/data/abo/meshes/M/B075YMXWZM.glb,0.5799757039536524,0.7084649195323774,1.0,9.184,17767.9,True,
313,CHAIR_STOOL,/home/rladlems1031/Isajjim-AI/experiments/benchmark/data/abo/images/0a/0a1d9a07.jpg,/home/rladlems1031/Isajjim-AI/experiments/benchmark/data/abo/masks/B07K7LVRMZ.png,/home/rladlems1031/Isajjim-AI/experiments/benchmark/data/abo/meshes/Z/B07K7LVRMZ.glb,0.4938766391962604,0.6233533898275228,1.0,8.519,17655.3,True,
314,CHAIR_STOOL,/home/rladlems1031/Isajjim-AI/experiments/benchmark/data/abo/images/42/42d0eead.jpg,/home/rladlems1031/Isajjim-AI/experiments/benchmark/data/abo/masks/B07JQWZX4T.png,/home/rladlems1031/Isajjim-AI/experiments/benchmark/data/abo/meshes/T/B07JQWZX4T.glb,0.723813161222776,0.7742355417389578,1.0,20.194,19462.9,True,
315,DESK,/home/rladlems1031/Isajjim-AI/experiments/benchmark/data/abo/images/12/12937c45.jpg,/home/rladlems1031/Isajjim-AI/experiments/benchmark/data/abo/masks/B07QWZDK9S.png,/home/rladlems1031/Isajjim-AI/experiments/benchmark/data/abo/meshes/S/B07QWZDK9S.glb,0.7427992189999918,0.8222868978976886,1.0,20.465,19450.1,True,
316,CHAIR_STOOL,/home/rladlems1031/Isajjim-AI/experiments/benchmark/data/abo/images/7a/7a6f425c.jpg,/home/rladlems1031/Isajjim-AI/experiments/benchmark/data/abo/masks/B075NRDS91.png,/home/rladlems1031/Isajjim-AI/experiments/benchmark/data/abo/meshes/1/B075NRDS91.glb,0.700075263273138,0.8481000486649273,1.0,17.261,19114.8,True,
317,SOFA,/home/rladlems1031/Isajjim-AI/experiments/benchmark/data/abo/images/24/24003013.jpg,/home/rladlems1031/Isajjim-AI/experiments/benchmark/data/abo/masks/B07J2YWSJN.png,/home/rladlems1031/Isajjim-AI/experiments/benchmark/data/abo/meshes/N/B07J2YWSJN.glb,0.4102527090888707,0.551723983878745,1.0,9.976,17992.4,True,
318,CHAIR_STOOL,/home/rladlems1031/Isajjim-AI/experiments/benchmark/data/abo/images/46/466d849d.jpg,/home/rladlems1031/Isajjim-AI/experiments/benchmark/data/abo/masks/B07TJVTZNR.png,/home/rladlems1031/Isajjim-AI/experiments/benchmark/data/abo/meshes/R/B07TJVTZNR.glb,0.5226875941836101,0.5780751244695741,1.0,9.1,17765.7,True,
319,SOFA,/home/rladlems1031/Isajjim-AI/experiments/benchmark/data/abo/images/b0/b007200c.jpg,/home/rladlems1031/Isajjim-AI/experiments/benchmark/data/abo/masks/B07B4M6CFN.png,/home/rladlems1031/Isajjim-AI/experiments/benchmark/data/abo/meshes/N/B07B4M6CFN.glb,0.33478972234992255,0.6545624530502022,1.0,10.433,18095.9,True,
320,CHAIR_STOOL,/home/rladlems1031/Isajjim-AI/experiments/benchmark/data/abo/images/4d/4dd3d731.jpg,/home/rladlems1031/Isajjim-AI/experiments/benchmark/data/abo/masks/B07DBDV64G.png,/home/rladlems1031/Isajjim-AI/experiments/benchmark/data/abo/meshes/G/B07DBDV64G.glb,0.6678308406275673,0.7157939665387412,1.0,14.581,18856.8,True,
321,DESK,/home/rladlems1031/Isajjim-AI/experiments/benchmark/data/abo/images/9a/9a133261.jpg,/home/rladlems1031/Isajjim-AI/experiments/benchmark/data/abo/masks/B07GFT67NJ.png,/home/rladlems1031/Isajjim-AI/experiments/benchmark/data/abo/meshes/J/B07GFT67NJ.glb,0.5247440552589031,0.7902971213175053,1.0,12.225,18531.3,True,
322,CABINET,/home/rladlems1031/Isajjim-AI/experiments/benchmark/data/abo/images/69/69fe044f.jpg,/home/rladlems1031/Isajjim-AI/experiments/benchmark/data/abo/masks/B07B8NBQQP.png,/home/rladlems1031/Isajjim-AI/experiments/benchmark/data/abo/meshes/P/B07B8NBQQP.glb,0.4563182319999614,0.9178701733605134,1.0,18.429,19175.6,True,
323,BED,/home/rladlems1031/Isajjim-AI/experiments/benchmark/data/abo/images/b6/b6da0eb0.jpg,/home/rladlems1031/Isajjim-AI/experiments/benchmark/data/abo/masks/B073WRF56P.png,/home/rladlems1031/Isajjim-AI/experiments/benchmark/data/abo/meshes/P/B073WRF56P.glb,0.368514710512223,0.982065055504868,1.0,11.621,18295.8,True,
324,BED,/home/rladlems1031/Isajjim-AI/experiments/benchmark/data/abo/images/8b/8b546e2b.jpg,/home/rladlems1031/Isajjim-AI/experiments/benchmark/data/abo/masks/B07K7NSKQ3.png,/home/rladlems1031/Isajjim-AI/experiments/benchmark/data/abo/meshes/3/B07K7NSKQ3.glb,0.49431791678497017,0.8713779733288387,1.0,12.854,18571.3,True,
325,CHAIR_STOOL,/home/rladlems1031/Isajjim-AI/experiments/benchmark/data/abo/images/82/829925e9.jpg,/home/rladlems1031/Isajjim-AI/experiments/benchmark/data/abo/masks/B076NKJCRN.png,/home/rladlems1031/Isajjim-AI/experiments/benchmark/data/abo/meshes/N/B076NKJCRN.glb,0.5224465793058704,0.6232299572618323,1.0,10.663,18170.1,True,
326,DESK,/home/rladlems1031/Isajjim-AI/experiments/benchmark/data/abo/images/45/45ae89d5.jpg,/home/rladlems1031/Isajjim-AI/experiments/benchmark/data/abo/masks/B07QC85X9C.png,/home/rladlems1031/Isajjim-AI/experiments/benchmark/data/abo/meshes/C/B07QC85X9C.glb,0.2002060947264764,0.42011780542338567,1.0,9.162,17779.4,True,
327,CHAIR_STOOL,/home/rladlems1031/Isajjim-AI/experiments/benchmark/data/abo/images/14/14be7067.jpg,/home/rladlems1031/Isajjim-AI/experiments/benchmark/data/abo/masks/B07K7NXX2K.png,/home/rladlems1031/Isajjim-AI/experiments/benchmark/data/abo/meshes/K/B07K7NXX2K.glb,0.5199177908066531,0.657636430064814,1.0,8.691,17645.3,True,
328,CHAIR_STOOL,/home/rladlems1031/Isajjim-AI/experiments/benchmark/data/abo/images/81/81699525.jpg,/home/rladlems1031/Isajjim-AI/experiments/benchmark/data/abo/masks/B07QFP4WG2.png,/home/rladlems1031/Isajjim-AI/experiments/benchmark/data/abo/meshes/2/B07QFP4WG2.glb,0.7419504244826903,0.8083590862948499,1.0,18.49,19236.1,True,
329,CHAIR_STOOL,/home/rladlems1031/Isajjim-AI/experiments/benchmark/data/abo/images/94/9488f4b3.jpg,/home/rladlems1031/Isajjim-AI/experiments/benchmark/data/abo/masks/B07QFP52NG.png,/home/rladlems1031/Isajjim-AI/experiments/benchmark/data/abo/meshes/G/B07QFP52NG.glb,0.7302267003098617,0.7787250454186476,1.0,16.533,19118.3,True,
330,CHAIR_STOOL,/home/rladlems1031/Isajjim-AI/experiments/benchmark/data/abo/images/87/87b5de32.jpg,/home/rladlems1031/Isajjim-AI/experiments/benchmark/data/abo/masks/B075X33T21.png,/home/rladlems1031/Isajjim-AI/experiments/benchmark/data/abo/meshes/1/B075X33T21.glb,0.5872826612212624,0.6505334426239341,1.0,13.712,18657.5,True,
331,CHAIR_STOOL,/home/rladlems1031/Isajjim-AI/experiments/benchmark/data/abo/images/46/462398f4.jpg,/home/rladlems1031/Isajjim-AI/experiments/benchmark/data/abo/masks/B075X4VWKK.png,/home/rladlems1031/Isajjim-AI/experiments/benchmark/data/abo/meshes/K/B075X4VWKK.glb,0.6331837346266941,0.7303871524729088,1.0,18.518,19204.3,True,
332,CHAIR_STOOL,/home/rladlems1031/Isajjim-AI/experiments/benchmark/data/abo/images/01/0145e777.jpg,/home/rladlems1031/Isajjim-AI/experiments/benchmark/data/abo/masks/B075X2WP1H.png,/home/rladlems1031/Isajjim-AI/experiments/benchmark/data/abo/meshes/H/B075X2WP1H.glb,0.49574499158534563,0.6757620319861889,1.0,13.918,18740.7,True,
333,CABINET,/home/rladlems1031/Isajjim-AI/experiments/benchmark/data/abo/images/87/87cb63a3.jpg,/home/rladlems1031/Isajjim-AI/experiments/benchmark/data/abo/masks/B07H8V7P3H.png,/home/rladlems1031/Isajjim-AI/experiments/benchmark/data/abo/meshes/H/B07H8V7P3H.glb,0.3458129000491384,0.5546769356604719,1.0,11.105,18276.3,True,
334,CHAIR_STOOL,/home/rladlems1031/Isajjim-AI/experiments/benchmark/data/abo/images/36/362339e7.jpg,/home/rladlems1031/Isajjim-AI/experiments/benchmark/data/abo/masks/B07SRYMNXF.png,/home/rladlems1031/Isajjim-AI/experiments/benchmark/data/abo/meshes/F/B07SRYMNXF.glb,0.5283375446906937,0.6724416485334556,1.0,9.187,17778.2,True,
335,SOFA,/home/rladlems1031/Isajjim-AI/experiments/benchmark/data/abo/images/bd/bd9426ab.jpg,/home/rladlems1031/Isajjim-AI/experiments/benchmark/data/abo/masks/B075X43FD2.png,/home/rladlems1031/Isajjim-AI/experiments/benchmark/data/abo/meshes/2/B075X43FD2.glb,0.477916870189866,0.5766840733353461,1.0,10.928,18189.5,True,
336,CABINET,/home/rladlems1031/Isajjim-AI/experiments/benchmark/data/abo/images/65/6552ccdd.jpg,/home/rladlems1031/Isajjim-AI/experiments/benchmark/data/abo/masks/B07RR3RFHT.png,/home/rladlems1031/Isajjim-AI/experiments/benchmark/data/abo/meshes/T/B07RR3RFHT.glb,0.3080764986335126,0.3106934830169032,1.0,9.151,17778.9,True,
337,CHAIR_STOOL,/home/rladlems1031/Isajjim-AI/experiments/benchmark/data/abo/images/ba/baf28afd.jpg,/home/rladlems1031/Isajjim-AI/experiments/benchmark/data/abo/masks/B07HSJ3G5Q.png,/home/rladlems1031/Isajjim-AI/experiments/benchmark/data/abo/meshes/Q/B07HSJ3G5Q.glb,0.5014085173340281,0.5613894467846862,1.0,9.478,17871.2,True,
338,DISPLAY_SHELF,/home/rladlems1031/Isajjim-AI/experiments/benchmark/data/abo/images/e5/e5c56a51.jpg,/home/rladlems1031/Isajjim-AI/experiments/benchmark/data/abo/masks/B07TVYR62P.png,/home/rladlems1031/Isajjim-AI/experiments/benchmark/data/abo/meshes/P/B07TVYR62P.glb,0.2402689024226583,0.3576363071847486,1.0,9.263,17815.6,True,
339,CHAIR_STOOL,/home/rladlems1031/Isajjim-AI/experiments/benchmark/data/abo/images/d6/d67145b9.jpg,/home/rladlems1031/Isajjim-AI/experiments/benchmark/data/abo/masks/B082SVGL8Y.png,/home/rladlems1031/Isajjim-AI/experiments/benchmark/data/abo/meshes/Y/B082SVGL8Y.glb,0.6105036534216093,0.6931617827941792,1.0,14.542,18780.9,True,
340,SOFA,/home/rladlems1031/Isajjim-AI/experiments/benchmark/data/abo/images/cf/cf768f1a.jpg,/home/rladlems1031/Isajjim-AI/experiments/benchmark/data/abo/masks/B07P8STD4T.png,/home/rladlems1031/Isajjim-AI/experiments/benchmark/data/abo/meshes/T/B07P8STD4T.glb,0.5358823833936004,0.5872276459212723,1.0,11.793,18412.5,True,
341,BED,/home/rladlems1031/Isajjim-AI/experiments/benchmark/data/abo/images/74/7411e307.jpg,/home/rladlems1031/Isajjim-AI/experiments/benchmark/data/abo/masks/B07B4W7X1Y.png,/home/rladlems1031/Isajjim-AI/experiments/benchmark/data/abo/meshes/Y/B07B4W7X1Y.glb,0.6707741983276878,0.7298824215562727,1.0,10.473,18036.7,True,
342,SOFA,/home/rladlems1031/Isajjim-AI/experiments/benchmark/data/abo/images/ee/ee31e6f2.jpg,/home/rladlems1031/Isajjim-AI/experiments/benchmark/data/abo/masks/B082VMJ233.png,/home/rladlems1031/Isajjim-AI/experiments/benchmark/data/abo/meshes/3/B082VMJ233.glb,0.44541770547901727,0.45633445446318655,1.0,10.417,18062.6,True,
343,SOFA,/home/rladlems1031/Isajjim-AI/experiments/benchmark/data/abo/images/39/390a0126.jpg,/home/rladlems1031/Isajjim-AI/experiments/benchmark/data/abo/masks/B07BWL4C2Y.png,/home/rladlems1031/Isajjim-AI/experiments/benchmark/data/abo/meshes/Y/B07BWL4C2Y.glb,0.3214272913994843,0.5377938754073709,1.0,10.145,18021.8,True,
344,CHAIR_STOOL,/home/rladlems1031/Isajjim-AI/experiments/benchmark/data/abo/images/7d/7dee7eb2.jpg,/home/rladlems1031/Isajjim-AI/experiments/benchmark/data/abo/masks/B07HSF3Y4B.png,/home/rladlems1031/Isajjim-AI/experiments/benchmark/data/abo/meshes/B/B07HSF3Y4B.glb,0.5002093507541555,0.574551130937107,1.0,10.105,18067.8,True,
345,CHAIR_STOOL,/home/rladlems1031/Isajjim-AI/experiments/benchmark/data/abo/images/b8/b832f2b4.jpg,/home/rladlems1031/Isajjim-AI/experiments/benchmark/data/abo/masks/B07P7NVGB4.png,/home/rladlems1031/Isajjim-AI/experiments/benchmark/data/abo/meshes/4/B07P7NVGB4.glb,0.8753510096873205,0.9045342881413638,1.0,9.531,17874.1,True,
346,BED,/home/rladlems1031/Isajjim-AI/experiments/benchmark/data/abo/images/a2/a2bcec5c.jpg,/home/rladlems1031/Isajjim-AI/experiments/benchmark/data/abo/masks/B07B4ZFR2V.png,/home/rladlems1031/Isajjim-AI/experiments/benchmark/data/abo/meshes/V/B07B4ZFR2V.glb,0.5973757686102017,0.6994470073121594,1.0,14.922,18812.2,True,
348,DISPLAY_SHELF,/home/rladlems1031/Isajjim-AI/experiments/benchmark/data/abo/images/e9/e9ae478f.jpg,/home/rladlems1031/Isajjim-AI/experiments/benchmark/data/abo/masks/B00I0VTOO4.png,/home/rladlems1031/Isajjim-AI/experiments/benchmark/data/abo/meshes/4/B00I0VTOO4.glb,0.221855238640048,0.5537194241549251,1.0,10.473,18135.5,True,
349,CHAIR_STOOL,/home/rladlems1031/Isajjim-AI/experiments/benchmark/data/abo/images/29/291f3e4f.jpg,/home/rladlems1031/Isajjim-AI/experiments/benchmark/data/abo/masks/B07HPDV36G.png,/home/rladlems1031/Isajjim-AI/experiments/benchmark/data/abo/meshes/G/B07HPDV36G.glb,0.6104492237120174,0.8901083618324813,1.0,9.65,17979.1,True,
350,SOFA,/home/rladlems1031/Isajjim-AI/experiments/benchmark/data/abo/images/0b/0bf1fbc0.jpg,/home/rladlems1031/Isajjim-AI/experiments/benchmark/data/abo/masks/B07P5LMCLD.png,/home/rladlems1031/Isajjim-AI/experiments/benchmark/data/abo/meshes/D/B07P5LMCLD.glb,0.5557769582660549,0.6638691833742886,1.0,13.286,18610.8,True,
351,CHAIR_STOOL,/home/rladlems1031/Isajjim-AI/experiments/benchmark/data/abo/images/1f/1f53f767.jpg,/home/rladlems1031/Isajjim-AI/experiments/benchmark/data/abo/masks/B075X4F593.png,/home/rladlems1031/Isajjim-AI/experiments/benchmark/data/abo/meshes/3/B075X4F593.glb,0.66027919551027,0.7652479694141653,1.0,13.582,18679.1,True,
352,SOFA,/home/rladlems1031/Isajjim-AI/experiments/benchmark/data/abo/images/20/203b0004.jpg,/home/rladlems1031/Isajjim-AI/experiments/benchmark/data/abo/masks/B075NMB3HR.png,/home/rladlems1031/Isajjim-AI/experiments/benchmark/data/abo/meshes/R/B075NMB3HR.glb,0.4366290507892996,0.6490491547601139,1.0,10.287,18087.6,True,
353,SOFA,/home/rladlems1031/Isajjim-AI/experiments/benchmark/data/abo/images/d6/d66a190f.jpg,/home/rladlems1031/Isajjim-AI/experiments/benchmark/data/abo/masks/B07HZ75R6L.png,/home/rladlems1031/Isajjim-AI/experiments/benchmark/data/abo/meshes/L/B07HZ75R6L.glb,0.5285023433383373,0.6421863950024242,1.0,11.808,18307.1,True,
354,CHAIR_STOOL,/home/rladlems1031/Isajjim-AI/experiments/benchmark/data/abo/images/b3/b37da0a3.jpg,/home/rladlems1031/Isajjim-AI/experiments/benchmark/data/abo/masks/B07HZ7S676.png,/home/rladlems1031/Isajjim-AI/experiments/benchmark/data/abo/meshes/6/B07HZ7S676.glb,0.7203840626088208,0.7901084365114344,1.0,9.302,17808.5,True,
355,SOFA,/home/rladlems1031/Isajjim-AI/experiments/benchmark/data/abo/images/46/46ad748c.jpg,/home/rladlems1031/Isajjim-AI/experiments/benchmark/data/abo/masks/B075X4R6CT.png,/home/rladlems1031/Isajjim-AI/experiments/benchmark/data/abo/meshes/T/B075X4R6CT.glb,0.4188319019855402,0.5391491772290196,1.0,11.347,18306.6,True,
356,SOFA,/home/rladlems1031/Isajjim-AI/experiments/benchmark/data/abo/images/6b/6bfdcd13.jpg,/home/rladlems1031/Isajjim-AI/experiments/benchmark/data/abo/masks/B082VLYQWX.png,/home/rladlems1031/Isajjim-AI/experiments/benchmark/data/abo/meshes/X/B082VLYQWX.glb,0.39451283971446294,0.4976890644404389,1.0,11.137,18232.4,True,
357,SOFA,/home/rladlems1031/Isajjim-AI/experiments/benchmark/data/abo/images/f0/f0dbf367.jpg,/home/rladlems1031/Isajjim-AI/experiments/benchmark/data/abo/masks/B07JD47NPD.png,/home/rladlems1031/Isajjim-AI/experiments/benchmark/data/abo/meshes/D/B07JD47NPD.glb,0.33763963405332315,0.4242422054979351,1.0,9.583,17844.4,True,
358,SOFA,/home/rladlems1031/Isajjim-AI/experiments/benchmark/data/abo/images/1d/1dd69fe0.jpg,/home/rladlems1031/Isajjim-AI/experiments/benchmark/data/abo/masks/B07B4FZNDG.png,/home/rladlems1031/Isajjim-AI/experiments/benchmark/data/abo/meshes/G/B07B4FZNDG.glb,0.33202810501578894,0.6799914310142293,1.0,10.453,18098.6,True,
359,CHAIR_STOOL,/home/rladlems1031/Isajjim-AI/experiments/benchmark/data/abo/images/e5/e5918308.jpg,/home/rladlems1031/Isajjim-AI/experiments/benchmark/data/abo/masks/B085686P5N.png,/home/rladlems1031/Isajjim-AI/experiments/benchmark/data/abo/meshes/N/B085686P5N.glb,0.49330892358466233,0.6734523476906615,1.0,10.214,18040.2,True,
360,CHAIR_STOOL,/home/rladlems1031/Isajjim-AI/experiments/benchmark/data/abo/images/6d/6dd03f04.jpg,/home/rladlems1031/Isajjim-AI/experiments/benchmark/data/abo/masks/B07HSJJDWG.png,/home/rladlems1031/Isajjim-AI/experiments/benchmark/data/abo/meshes/G/B07HSJJDWG.glb,0.6322344180450972,0.7825235438650644,1.0,11.362,18280.6,True,
361,SOFA,/home/rladlems1031/Isajjim-AI/experiments/benchmark/data/abo/images/34/34e34dab.jpg,/home/rladlems1031/Isajjim-AI/experiments/benchmark/data/abo/masks/B07BWJCPTC.png,/home/rladlems1031/Isajjim-AI/experiments/benchmark/data/abo/meshes/C/B07BWJCPTC.glb,0.5214566355459409,0.5584581785624733,1.0,12.407,18541.6,True,
362,SOFA,/home/rladlems1031/Isajjim-AI/experiments/benchmark/data/abo/images/82/823a9799.jpg,/home/rladlems1031/Isajjim-AI/experiments/benchmark/data/abo/masks/B07BWK7FXP.png,/home/rladlems1031/Isajjim-AI/experiments/benchmark/data/abo/meshes/P/B07BWK7FXP.glb,0.30799776167649867,0.5495362128489054,1.0,9.638,17896.8,True,
363,CHAIR_STOOL,/home/rladlems1031/Isajjim-AI/experiments/benchmark/data/abo/images/1e/1e48624a.jpg,/home/rladlems1031/Isajjim-AI/experiments/benchmark/data/abo/masks/B07B4MDGJZ.png,/home/rladlems1031/Isajjim-AI/experiments/benchmark/data/abo/meshes/Z/B07B4MDGJZ.glb,0.8165620748779155,0.9316680035342471,1.0,9.401,17819.3,True,
364,SOFA,/home/rladlems1031/Isajjim-AI/experiments/benchmark/data/abo/images/b4/b41c280c.jpg,/home/rladlems1031/Isajjim-AI/experiments/benchmark/data/abo/masks/B072635HS4.png,/home/rladlems1031/Isajjim-AI/experiments/benchmark/data/abo/meshes/4/B072635HS4.glb,0.3492182465004136,0.7006812214513961,1.0,11.78,18362.7,True,
365,CHAIR_STOOL,/home/rladlems1031/Isajjim-AI/experiments/benchmark/data/abo/images/ee/ee0753f0.jpg,/home/rladlems1031/Isajjim-AI/experiments/benchmark/data/abo/masks/B071W5VD5C.png,/home/rladlems1031/Isajjim-AI/experiments/benchmark/data/abo/meshes/C/B071W5VD5C.glb,0.6821754800103682,0.7340254423081085,1.0,15.416,18953.2,True,
366,SOFA,/home/rladlems1031/Isajjim-AI/experiments/benchmark/data/abo/images/90/909d2d11.jpg,/home/rladlems1031/Isajjim-AI/experiments/benchmark/data/abo/masks/B07G33Z53N.png,/home/rladlems1031/Isajjim-AI/experiments/benchmark/data/abo/meshes/N/B07G33Z53N.glb,0.4889759022056987,0.5367036767627598,1.0,10.547,18106.1,True,
367,SOFA,/home/rladlems1031/Isajjim-AI/experiments/benchmark/data/abo/images/89/8993b737.jpg,/home/rladlems1031/Isajjim-AI/experiments/benchmark/data/abo/masks/B07VKM698C.png,/home/rladlems1031/Isajjim-AI/experiments/benchmark/data/abo/meshes/C/B07VKM698C.glb,0.3730398446861182,0.5915524407200485,1.0,9.689,17905.2,True,
368,SOFA,/home/rladlems1031/Isajjim-AI/experiments/benchmark/data/abo/images/c7/c79e820b.jpg,/home/rladlems1031/Isajjim-AI/experiments/benchmark/data/abo/masks/B07B4D4964.png,/home/rladlems1031/Isajjim-AI/experiments/benchmark/data/abo/meshes/4/B07B4D4964.glb,0.30663088269447913,0.611716965739558,1.0,10.173,18022.6,True,
369,CHAIR_STOOL,/home/rladlems1031/Isajjim-AI/experiments/benchmark/data/abo/images/de/deed5050.jpg,/home/rladlems1031/Isajjim-AI/experiments/benchmark/data/abo/masks/B07B4G5R5H.png,/home/rladlems1031/Isajjim-AI/experiments/benchmark/data/abo/meshes/H/B07B4G5R5H.glb,0.6429268238246495,0.7729392072586356,1.0,18.295,19306.6,True,
370,BED,/home/rladlems1031/Isajjim-AI/experiments/benchmark/data/abo/images/78/7856af77.jpg,/home/rladlems1031/Isajjim-AI/experiments/benchmark/data/abo/masks/B07B4Z6PXF.png,/home/rladlems1031/Isajjim-AI/experiments/benchmark/data/abo/meshes/F/B07B4Z6PXF.glb,0.6115139126822307,0.7062532279341077,1.0,13.267,18610.3,True,
371,CHAIR_STOOL,/home/rladlems1031/Isajjim-AI/experiments/benchmark/data/abo/images/66/66f4f5cb.jpg,/home/rladlems1031/Isajjim-AI/experiments/benchmark/data/abo/masks/B07QHYF1L3.png,/home/rladlems1031/Isajjim-AI/experiments/benchmark/data/abo/meshes/3/B07QHYF1L3.glb,0.6165735078343317,0.7233809998025817,1.0,11.763,18306.7,True,
372,DESK,/home/rladlems1031/Isajjim-AI/experiments/benchmark/data/abo/images/8c/8c3c1a73.jpg,/home/rladlems1031/Isajjim-AI/experiments/benchmark/data/abo/masks/B07HSCYS4C.png,/home/rladlems1031/Isajjim-AI/experiments/benchmark/data/abo/meshes/C/B07HSCYS4C.glb,0.6782948723153422,0.7020031549842939,1.0,10.221,18058.9,True,
373,SOFA,/home/rladlems1031/Isajjim-AI/experiments/benchmark/data/abo/images/e4/e4e2db7f.jpg,/home/rladlems1031/Isajjim-AI/experiments/benchmark/data/abo/masks/B07DBB77BZ.png,/home/rladlems1031/Isajjim-AI/experiments/benchmark/data/abo/meshes/Z/B07DBB77BZ.glb,0.4380810663943829,0.5230736950456478,1.0,10.482,18090.7,True,
374,CABINET,/home/rladlems1031/Isajjim-AI/experiments/benchmark/data/abo/images/89/89c32f99.jpg,/home/rladlems1031/Isajjim-AI/experiments/benchmark/data/abo/masks/B07QFB1L2P.png,/home/rladlems1031/Isajjim-AI/experiments/benchmark/data/abo/meshes/P/B07QFB1L2P.glb,0.6421271514567889,0.7520456501210434,1.0,22.89,19661.8,True,
375,BED,/home/rladlems1031/Isajjim-AI/experiments/benchmark/data/abo/images/c1/c1ab9976.jpg,/home/rladlems1031/Isajjim-AI/experiments/benchmark/data/abo/masks/B07B4YZWSR.png,/home/rladlems1031/Isajjim-AI/experiments/benchmark/data/abo/meshes/R/B07B4YZWSR.glb,0.6357884950882533,0.7435441866466931,1.0,10.452,18105.6,True,
376,SOFA,/home/rladlems1031/Isajjim-AI/experiments/benchmark/data/abo/images/8c/8c163168.jpg,/home/rladlems1031/Isajjim-AI/experiments/benchmark/data/abo/masks/B07QGSZ7NV.png,/home/rladlems1031/Isajjim-AI/experiments/benchmark/data/abo/meshes/V/B07QGSZ7NV.glb,0.3565796488372003,0.6780310490518933,1.0,10.911,18205.1,True,
377,DISPLAY_SHELF,/home/rladlems1031/Isajjim-AI/experiments/benchmark/data/abo/images/fb/fb31564f.jpg,/home/rladlems1031/Isajjim-AI/experiments/benchmark/data/abo/masks/B088HDDTM7.png,/home/rladlems1031/Isajjim-AI/experiments/benchmark/data/abo/meshes/7/B088HDDTM7.glb,0.04724065167441415,0.30586736405554615,1.0,8.917,17473.9,True,
378,SOFA,/home/rladlems1031/Isajjim-AI/experiments/benchmark/data/abo/images/65/6511d244.jpg,/home/rladlems1031/Isajjim-AI/experiments/benchmark/data/abo/masks/B07VQSWPXR.png,/home/rladlems1031/Isajjim-AI/experiments/benchmark/data/abo/meshes/R/B07VQSWPXR.glb,0.4529034839698092,0.5723665157677202,1.0,9.736,17892.6,True,
379,SOFA,/home/rladlems1031/Isajjim-AI/experiments/benchmark/data/abo/images/1f/1fecda87.jpg,/home/rladlems1031/Isajjim-AI/experiments/benchmark/data/abo/masks/B07HPQQKYF.png,/home/rladlems1031/Isajjim-AI/experiments/benchmark/data/abo/meshes/F/B07HPQQKYF.glb,0.45627571307934406,0.5065474027913565,1.0,10.661,18167.9,True,
381,SOFA,/home/rladlems1031/Isajjim-AI/experiments/benchmark/data/abo/images/4c/4c0cd4e0.jpg,/home/rladlems1031/Isajjim-AI/experiments/benchmark/data/abo/masks/B071ZLY18Y.png,/home/rladlems1031/Isajjim-AI/experiments/benchmark/data/abo/meshes/Y/B071ZLY18Y.glb,0.6317362612784103,0.6827939176954312,1.0,13.9,18688.7,True,
382,SOFA,/home/rladlems1031/Isajjim-AI/experiments/benchmark/data/abo/images/cf/cf9cee69.jpg,/home/rladlems1031/Isajjim-AI/experiments/benchmark/data/abo/masks/B07G2RG94G.png,/home/rladlems1031/Isajjim-AI/experiments/benchmark/data/abo/meshes/G/B07G2RG94G.glb,0.45348883647178384,0.4845852975205155,1.0,10.285,18126.2,True,
383,DRAWER,/home/rladlems1031/Isajjim-AI/experiments/benchmark/data/abo/images/83/835777ce.jpg,/home/rladlems1031/Isajjim-AI/experiments/benchmark/data/abo/masks/B07HSLVMP2.png,/home/rladlems1031/Isajjim-AI/experiments/benchmark/data/abo/meshes/2/B07HSLVMP2.glb,0.3325312321838622,0.5188232993776667,1.0,10.363,18159.8,True,
384,CHAIR_STOOL,/home/rladlems1031/Isajjim-AI/experiments/benchmark/data/abo/images/a2/a2f5820a.jpg,/home/rladlems1031/Isajjim-AI/experiments/benchmark/data/abo/masks/B07BW8VJ4N.png,/home/rladlems1031/Isajjim-AI/experiments/benchmark/data/abo/meshes/N/B07BW8VJ4N.glb,0.2791326157679056,0.7199537483611098,1.0,11.635,18350.8,True,
385,CHAIR_STOOL,/home/rladlems1031/Isajjim-AI/experiments/benchmark/data/abo/images/cb/cbd4f237.jpg,/home/rladlems1031/Isajjim-AI/experiments/benchmark/data/abo/masks/B085GXH8YR.png,/home/rladlems1031/Isajjim-AI/experiments/benchmark/data/abo/meshes/R/B085GXH8YR.glb,0.5964156754793063,0.6525647261449664,1.0,24.245,20047.1,True,
386,CHAIR_STOOL,/home/rladlems1031/Isajjim-AI/experiments/benchmark/data/abo/images/78/780fd786.jpg,/home/rladlems1031/Isajjim-AI/experiments/benchmark/data/abo/masks/B072PZVYC2.png,/home/rladlems1031/Isajjim-AI/experiments/benchmark/data/abo/meshes/2/B072PZVYC2.glb,0.6456419661599587,0.7412358436467218,1.0,13.074,18560.4,True,
387,SOFA,/home/rladlems1031/Isajjim-AI/experiments/benchmark/data/abo/images/31/3174d5da.jpg,/home/rladlems1031/Isajjim-AI/experiments/benchmark/data/abo/masks/B075X4T5M6.png,/home/rladlems1031/Isajjim-AI/experiments/benchmark/data/abo/meshes/6/B075X4T5M6.glb,0.39384523805187527,0.4202313462942096,1.0,10.188,17972.1,True,
388,CHAIR_STOOL,/home/rladlems1031/Isajjim-AI/experiments/benchmark/data/abo/images/3e/3e925f49.jpg,/home/rladlems1031/Isajjim-AI/experiments/benchmark/data/abo/masks/B07QFRSJFK.png,/home/rladlems1031/Isajjim-AI/experiments/benchmark/data/abo/meshes/K/B07QFRSJFK.glb,0.5881178206027977,0.6997789440413575,1.0,11.342,18269.0,True,
389,DRAWER,/home/rladlems1031/Isajjim-AI/experiments/benchmark/data/abo/images/5f/5fbae41e.jpg,/home/rladlems1031/Isajjim-AI/experiments/benchmark/data/abo/masks/B084ZB8L8W.png,/home/rladlems1031/Isajjim-AI/experiments/benchmark/data/abo/meshes/W/B084ZB8L8W.glb,0.5005694182066015,0.5805329178368451,1.0,14.513,18775.3,True,
390,CHAIR_STOOL,/home/rladlems1031/Isajjim-AI/experiments/benchmark/data/abo/images/49/494872a6.jpg,/home/rladlems1031/Isajjim-AI/experiments/benchmark/data/abo/masks/B07TGC2DT5.png,/home/rladlems1031/Isajjim-AI/experiments/benchmark/data/abo/meshes/5/B07TGC2DT5.glb,0.5858525440002963,0.6754572457438779,1.0,10.086,18005.5,True,
391,DISPLAY_SHELF,/home/rladlems1031/Isajjim-AI/experiments/benchmark/data/abo/images/fa/fad0592d.jpg,/home/rladlems1031/Isajjim-AI/experiments/benchmark/data/abo/masks/B07TY5GXXP.png,/home/rladlems1031/Isajjim-AI/experiments/benchmark/data/abo/meshes/P/B07TY5GXXP.glb,0.514110372236618,0.5273634771030017,1.0,10.486,18154.2,True,
392,SOFA,/home/rladlems1031/Isajjim-AI/experiments/benchmark/data/abo/images/77/77c6e3f3.jpg,/home/rladlems1031/Isajjim-AI/experiments/benchmark/data/abo/masks/B075X4F5DG.png,/home/rladlems1031/Isajjim-AI/experiments/benchmark/data/abo/meshes/G/B075X4F5DG.glb,0.47215871527741926,0.5702747627330423,1.0,10.889,18177.1,True,
393,CHAIR_STOOL,/home/rladlems1031/Isajjim-AI/experiments/benchmark/data/abo/images/c6/c6f2673e.jpg,/home/rladlems1031/Isajjim-AI/experiments/benchmark/data/abo/masks/B075YP32RX.png,/home/rladlems1031/Isajjim-AI/experiments/benchmark/data/abo/meshes/X/B075YP32RX.glb,0.47928952736385355,0.6118439864433222,1.0,9.721,17950.7,True,
394,SOFA,/home/rladlems1031/Isajjim-AI/experiments/benchmark/data/abo/images/e2/e2405b30.jpg,/home/rladlems1031/Isajjim-AI/experiments/benchmark/data/abo/masks/B082QB3D8Y.png,/home/rladlems1031/Isajjim-AI/experiments/benchmark/data/abo/meshes/Y/B082QB3D8Y.glb,0.6174671620228237,0.6941823075617741,1.0,15.759,18903.0,True,
395,CHAIR_STOOL,/home/rladlems1031/Isajjim-AI/experiments/benchmark/data/abo/images/d8/d80842f5.jpg,/home/rladlems1031/Isajjim-AI/experiments/benchmark/data/abo/masks/B085FHBF21.png,/home/rladlems1031/Isajjim-AI/experiments/benchmark/data/abo/meshes/1/B085FHBF21.glb,0.6462128517020926,0.6846698762881023,1.0,20.361,19443.8,True,
396,CHAIR_STOOL,/home/rladlems1031/Isajjim-AI/experiments/benchmark/data/abo/images/1b/1b6797e0.jpg,/home/rladlems1031/Isajjim-AI/experiments/benchmark/data/abo/masks/B075X4WBQR.png,/home/rladlems1031/Isajjim-AI/experiments/benchmark/data/abo/meshes/R/B075X4WBQR.glb,0.7665085219716614,0.8264401144961213,1.0,24.822,19981.4,True,
397,CABINET,/home/rladlems1031/Isajjim-AI/experiments/benchmark/data/abo/images/55/550abe0e.jpg,/home/rladlems1031/Isajjim-AI/experiments/benchmark/data/abo/masks/B07GFWW3S8.png,/home/rladlems1031/Isajjim-AI/experiments/benchmark/data/abo/meshes/8/B07GFWW3S8.glb,0.3791558667318403,0.8340163905064354,1.0,17.835,19109.8,True,
398,SOFA,/home/rladlems1031/Isajjim-AI/experiments/benchmark/data/abo/images/d4/d4c19b04.jpg,/home/rladlems1031/Isajjim-AI/experiments/benchmark/data/abo/masks/B072FVHRZ8.png,/home/rladlems1031/Isajjim-AI/experiments/benchmark/data/abo/meshes/8/B072FVHRZ8.glb,0.6121900617921775,0.6402770790351784,1.0,13.142,18608.3,True,
399,SOFA,/home/rladlems1031/Isajjim-AI/experiments/benchmark/data/abo/images/80/806f0115.jpg,/home/rladlems1031/Isajjim-AI/experiments/benchmark/data/abo/masks/B082Q8N8BY.png,/home/rladlems1031/Isajjim-AI/experiments/benchmark/data/abo/meshes/Y/B082Q8N8BY.glb,0.47355179528551467,0.494880449466653,1.0,11.436,18315.2,True,
400,CHAIR_STOOL,/home/rladlems1031/Isajjim-AI/experiments/benchmark/data/abo/images/ff/ff78c30a.jpg,/home/rladlems1031/Isajjim-AI/experiments/benchmark/data/abo/masks/B082VLYP6B.png,/home/rladlems1031/Isajjim-AI/experiments/benchmark/data/abo/meshes/B/B082VLYP6B.glb,0.6005624475503798,0.9469149577586595,1.0,21.416,19524.9,True,
401,SOFA,/home/rladlems1031/Isajjim-AI/experiments/benchmark/data/abo/images/9e/9e41bb40.jpg,/home/rladlems1031/Isajjim-AI/experiments/benchmark/data/abo/masks/B07B4D84F8.png,/home/rladlems1031/Isajjim-AI/experiments/benchmark/data/abo/meshes/8/B07B4D84F8.glb,0.42002480194312586,0.4652158595116913,1.0,10.254,18046.1,True,
402,DRAWER,/home/rladlems1031/Isajjim-AI/experiments/benchmark/data/abo/images/99/9905212d.jpg,/home/rladlems1031/Isajjim-AI/experiments/benchmark/data/abo/masks/B07H3SY51V.png,/home/rladlems1031/Isajjim-AI/experiments/benchmark/data/abo/meshes/V/B07H3SY51V.glb,0.40658735643453237,0.8058565847754232,1.0,15.582,18863.3,True,
403,CHAIR_STOOL,/home/rladlems1031/Isajjim-AI/experiments/benchmark/data/abo/images/9f/9f0ed7fb.jpg,/home/rladlems1031/Isajjim-AI/experiments/benchmark/data/abo/masks/B07S574Z4R.png,/home/rladlems1031/Isajjim-AI/experiments/benchmark/data/abo/meshes/R/B07S574Z4R.glb,0.5563663871111885,0.5732216365194887,1.0,10.75,18151.0,True,
404,CHAIR_STOOL,/home/rladlems1031/Isajjim-AI/experiments/benchmark/data/abo/images/64/640bd3c5.jpg,/home/rladlems1031/Isajjim-AI/experiments/benchmark/data/abo/masks/B082VLYF53.png,/home/rladlems1031/Isajjim-AI/experiments/benchmark/data/abo/meshes/3/B082VLYF53.glb,0.6106024160280842,0.6210449893757831,1.0,13.822,18678.0,True,
405,SOFA,/home/rladlems1031/Isajjim-AI/experiments/benchmark/data/abo/images/3e/3ec00141.jpg,/home/rladlems1031/Isajjim-AI/experiments/benchmark/data/abo/masks/B07SHYN8WK.png,/home/rladlems1031/Isajjim-AI/experiments/benchmark/data/abo/meshes/K/B07SHYN8WK.glb,0.399686352049551,0.6264869666506241,1.0,9.671,17897.9,True,
406,CHAIR_STOOL,/home/rladlems1031/Isajjim-AI/experiments/benchmark/data/abo/images/e8/e8aa69b5.jpg,/home/rladlems1031/Isajjim-AI/experiments/benchmark/data/abo/masks/B085FH8JFG.png,/home/rladlems1031/Isajjim-AI/experiments/benchmark/data/abo/meshes/G/B085FH8JFG.glb,0.0,0.0,0.0,19.818,20098.7,False,"OOM: CUDA out of memory. Tried to allocate 3.12 GiB. GPU 0 has a total capacity of 22.05 GiB of which 2.04 GiB is free. Including non-PyTorch memory, this process has 20.00 GiB memory in use. Of the allocated memory 16.54 GiB is allocated by PyTorch, and 3.19 GiB is reserved by PyTorch but unallocated. If reserved but unallocated memory is large try setting PYTORCH_CUDA_ALLOC_CONF=expandable_segments:True to avoid fragmentation.  See documentation for Memory Management  (https://pytorch.org/docs/stable/notes/cuda.html#environment-variables)"
407,SOFA,/home/rladlems1031/Isajjim-AI/experiments/benchmark/data/abo/images/16/166628e5.jpg,/home/rladlems1031/Isajjim-AI/experiments/benchmark/data/abo/masks/B07VNLBJP5.png,/home/rladlems1031/Isajjim-AI/experiments/benchmark/data/abo/meshes/5/B07VNLBJP5.glb,0.43376083951208444,0.4700025343406159,1.0,11.042,18232.0,True,
408,DRAWER,/home/rladlems1031/Isajjim-AI/experiments/benchmark/data/abo/images/b6/b66dab7c.jpg,/home/rladlems1031/Isajjim-AI/experiments/benchmark/data/abo/masks/B07HSL4TS1.png,/home/rladlems1031/Isajjim-AI/experiments/benchmark/data/abo/meshes/1/B07HSL4TS1.glb,0.5764613330905104,0.8412157645733599,1.0,16.479,19090.3,True,
409,CHAIR_STOOL,/home/rladlems1031/Isajjim-AI/experiments/benchmark/data/abo/images/90/905312a2.jpg,/home/rladlems1031/Isajjim-AI/experiments/benchmark/data/abo/masks/B07MF1SFNC.png,/home/rladlems1031/Isajjim-AI/experiments/benchmark/data/abo/meshes/C/B07MF1SFNC.glb,0.44277369245755754,0.5308394186252882,1.0,8.362,17589.7,True,
410,CHAIR_STOOL,/home/rladlems1031/Isajjim-AI/experiments/benchmark/data/abo/images/34/34b8b74f.jpg,/home/rladlems1031/Isajjim-AI/experiments/benchmark/data/abo/masks/B07B4MG3WR.png,/home/rladlems1031/Isajjim-AI/experiments/benchmark/data/abo/meshes/R/B07B4MG3WR.glb,0.8786765332559596,0.9809499984178283,1.0,20.561,19287.3,True,
411,CHAIR_STOOL,/home/rladlems1031/Isajjim-AI/experiments/benchmark/data/abo/images/cc/cc2ab242.jpg,/home/rladlems1031/Isajjim-AI/experiments/benchmark/data/abo/masks/B07QT4HWRP.png,/home/rladlems1031/Isajjim-AI/experiments/benchmark/data/abo/meshes/P/B07QT4HWRP.glb,0.5594638315259503,0.6078014056870706,1.0,10.057,18014.8,True,
412,CHAIR_STOOL,/home/rladlems1031/Isajjim-AI/experiments/benchmark/data/abo/images/89/89496d4c.jpg,/home/rladlems1031/Isajjim-AI/experiments/benchmark/data/abo/masks/B082PCLKMB.png,/home/rladlems1031/Isajjim-AI/experiments/benchmark/data/abo/meshes/B/B082PCLKMB.glb,0.6589077710181791,0.6905531773598974,1.0,12.435,18506.5,True,
413,SOFA,/home/rladlems1031/Isajjim-AI/experiments/benchmark/data/abo/images/0b/0bc0d6f1.jpg,/home/rladlems1031/Isajjim-AI/experiments/benchmark/data/abo/masks/B07B4MQRH3.png,/home/rladlems1031/Isajjim-AI/experiments/benchmark/data/abo/meshes/3/B07B4MQRH3.glb,0.4457652302537127,0.4582364069823471,1.0,10.51,18112.2,True,
414,CHAIR_STOOL,/home/rladlems1031/Isajjim-AI/experiments/benchmark/data/abo/images/d2/d2e1ff84.jpg,/home/rladlems1031/Isajjim-AI/experiments/benchmark/data/abo/masks/B07DBFFHYR.png,/home/rladlems1031/Isajjim-AI/experiments/benchmark/data/abo/meshes/R/B07DBFFHYR.glb,0.6215716494392288,0.6320567476454682,1.0,18.523,19279.0,True,
415,CHAIR_STOOL,/home/rladlems1031/Isajjim-AI/experiments/benchmark/data/abo/images/c8/c859bf63.jpg,/home/rladlems1031/Isajjim-AI/experiments/benchmark/data/abo/masks/B0857JQ3BZ.png,/home/rladlems1031/Isajjim-AI/experiments/benchmark/data/abo/meshes/Z/B0857JQ3BZ.glb,0.5489384256135766,0.7617820912398848,1.0,9.07,17730.7,True,
416,CHAIR_STOOL,/home/rladlems1031/Isajjim-AI/experiments/benchmark/data/abo/images/61/61dd199b.jpg,/home/rladlems1031/Isajjim-AI/experiments/benchmark/data/abo/masks/B07B4NW75W.png,/home/rladlems1031/Isajjim-AI/experiments/benchmark/data/abo/meshes/W/B07B4NW75W.glb,0.0,0.0,0.0,19.798,20294.1,False,"OOM: CUDA out of memory. Tried to allocate 3.20 GiB. GPU 0 has a total capacity of 22.05 GiB of which 937.94 MiB is free. Including non-PyTorch memory, this process has 21.12 GiB memory in use. Of the allocated memory 16.66 GiB is allocated by PyTorch, and 4.19 GiB is reserved by PyTorch but unallocated. If reserved but unallocated memory is large try setting PYTORCH_CUDA_ALLOC_CONF=expandable_segments:True to avoid fragmentation.  See documentation for Memory Management  (https://pytorch.org/docs/stable/notes/cuda.html#environment-variables)"
417,CHAIR_STOOL,/home/rladlems1031/Isajjim-AI/experiments/benchmark/data/abo/images/97/978f1bc8.jpg,/home/rladlems1031/Isajjim-AI/experiments/benchmark/data/abo/masks/B075Z96KX3.png,/home/rladlems1031/Isajjim-AI/experiments/benchmark/data/abo/meshes/3/B075Z96KX3.glb,0.5839261756484291,0.6706438649837682,1.0,8.806,17662.3,True,
418,CHAIR_STOOL,/home/rladlems1031/Isajjim-AI/experiments/benchmark/data/abo/images/3b/3b595b0d.jpg,/home/rladlems1031/Isajjim-AI/experiments/benchmark/data/abo/masks/B07MQD2113.png,/home/rladlems1031/Isajjim-AI/experiments/benchmark/data/abo/meshes/3/B07MQD2113.glb,0.4962012683487005,0.6255451583606424,1.0,9.886,17978.1,True,
419,BED,/home/rladlems1031/Isajjim-AI/experiments/benchmark/data/abo/images/75/75347621.jpg,/home/rladlems1031/Isajjim-AI/experiments/benchmark/data/abo/masks/B07B51H792.png,/home/rladlems1031/Isajjim-AI/experiments/benchmark/data/abo/meshes/2/B07B51H792.glb,0.6540535039108629,0.935800991139534,1.0,13.02,18567.9,True,
421,SOFA,/home/rladlems1031/Isajjim-AI/experiments/benchmark/data/abo/images/8f/8f651369.jpg,/home/rladlems1031/Isajjim-AI/experiments/benchmark/data/abo/masks/B07B4CZRYR.png,/home/rladlems1031/Isajjim-AI/experiments/benchmark/data/abo/meshes/R/B07B4CZRYR.glb,0.5519919611312399,0.5838223350672471,1.0,12.626,18552.3,True,
422,CHAIR_STOOL,/home/rladlems1031/Isajjim-AI/experiments/benchmark/data/abo/images/00/00ebe4b0.jpg,/home/rladlems1031/Isajjim-AI/experiments/benchmark/data/abo/masks/B07TN2RRDG.png,/home/rladlems1031/Isajjim-AI/experiments/benchmark/data/abo/meshes/G/B07TN2RRDG.glb,0.5514221863329827,0.6957407707054692,1.0,10.766,18140.1,True,
423,CHAIR_STOOL,/home/rladlems1031/Isajjim-AI/experiments/benchmark/data/abo/images/a5/a54282cb.jpg,/home/rladlems1031/Isajjim-AI/experiments/benchmark/data/abo/masks/B07DBGWFDZ.png,/home/rladlems1031/Isajjim-AI/experiments/benchmark/data/abo/meshes/Z/B07DBGWFDZ.glb,0.725481490425574,0.7458798742650863,1.0,19.532,19354.2,True,
424,SOFA,/home/rladlems1031/Isajjim-AI/experiments/benchmark/data/abo/images/8a/8a4fd408.jpg,/home/rladlems1031/Isajjim-AI/experiments/benchmark/data/abo/masks/B07P8SV57Z.png,/home/rladlems1031/Isajjim-AI/experiments/benchmark/data/abo/meshes/Z/B07P8SV57Z.glb,0.41949698690770665,0.5253131264870827,1.0,10.898,18202.9,True,
425,SOFA,/home/rladlems1031/Isajjim-AI/experiments/benchmark/data/abo/images/e0/e0e9a928.jpg,/home/rladlems1031/Isajjim-AI/experiments/benchmark/data/abo/masks/B07P8STB84.png,/home/rladlems1031/Isajjim-AI/experiments/benchmark/data/abo/meshes/4/B07P8STB84.glb,0.5604122346300846,0.6408657366448449,1.0,13.172,18578.1,True,
426,SOFA,/home/rladlems1031/Isajjim-AI/experiments/benchmark/data/abo/images/6a/6acfa9bf.jpg,/home/rladlems1031/Isajjim-AI/experiments/benchmark/data/abo/masks/B07HZ7TL95.png,/home/rladlems1031/Isajjim-AI/experiments/benchmark/data/abo/meshes/5/B07HZ7TL95.glb,0.5346399424057633,0.6994393231743843,1.0,13.291,18618.1,True,
427,DISPLAY_SHELF,/home/rladlems1031/Isajjim-AI/experiments/benchmark/data/abo/images/d7/d7514957.jpg,/home/rladlems1031/Isajjim-AI/experiments/benchmark/data/abo/masks/B07B7GYMQ9.png,/home/rladlems1031/Isajjim-AI/experiments/benchmark/data/abo/meshes/9/B07B7GYMQ9.glb,0.33397724949108315,0.40903419483988307,1.0,9.216,17691.4,True,
429,CHAIR_STOOL,/home/rladlems1031/Isajjim-AI/experiments/benchmark/data/abo/images/c3/c3fb609e.jpg,/home/rladlems1031/Isajjim-AI/experiments/benchmark/data/abo/masks/B07B4P1X7M.png,/home/rladlems1031/Isajjim-AI/experiments/benchmark/data/abo/meshes/M/B07B4P1X7M.glb,0.6442182451592954,0.7266981185175471,1.0,17.252,19221.4,True,
430,SOFA,/home/rladlems1031/Isajjim-AI/experiments/benchmark/data/abo/images/7b/7bf60c77.jpg,/home/rladlems1031/Isajjim-AI/experiments/benchmark/data/abo/masks/B07HZ57QKK.png,/home/rladlems1031/Isajjim-AI/experiments/benchmark/data/abo/meshes/K/B07HZ57QKK.glb,0.5084724275095215,0.5787949326767888,1.0,13.349,18596.9,True,
431,DESK,/home/rladlems1031/Isajjim-AI/experiments/benchmark/data/abo/images/79/7927247b.jpg,/home/rladlems1031/Isajjim-AI/experiments/benchmark/data/abo/masks/B07HSCN9RM.png,/home/rladlems1031/Isajjim-AI/experiments/benchmark/data/abo/meshes/M/B07HSCN9RM.glb,0.40209762231529644,0.8453571240864823,1.0,10.095,18005.7,True,
432,CHAIR_STOOL,/home/rladlems1031/Isajjim-AI/experiments/benchmark/data/abo/images/f7/f7a0b47e.jpg,/home/rladlems1031/Isajjim-AI/experiments/benchmark/data/abo/masks/B07HZ4918H.png,/home/rladlems1031/Isajjim-AI/experiments/benchmark/data/abo/meshes/H/B07HZ4918H.glb,0.7262258260864182,0.8560775829932094,1.0,17.618,19186.1,True,
433,DRAWER,/home/rladlems1031/Isajjim-AI/experiments/benchmark/data/abo/images/61/61e17ebe.jpg,/home/rladlems1031/Isajjim-AI/experiments/benchmark/data/abo/masks/B07GFL6W6N.png,/home/rladlems1031/Isajjim-AI/experiments/benchmark/data/abo/meshes/N/B07GFL6W6N.glb,0.3968001692137627,0.8255534905142398,1.0,16.3,18996.6,True,
434,CHAIR_STOOL,/home/rladlems1031/Isajjim-AI/experiments/benchmark/data/abo/images/c8/c8473fde.jpg,/home/rladlems1031/Isajjim-AI/experiments/benchmark/data/abo/masks/B075X4PT3G.png,/home/rladlems1031/Isajjim-AI/experiments/benchmark/data/abo/meshes/G/B075X4PT3G.glb,0.7219107436938672,0.7689257040769701,1.0,22.111,19557.9,True,
435,SOFA,/home/rladlems1031/Isajjim-AI/experiments/benchmark/data/abo/images/08/08b09a30.jpg,/home/rladlems1031/Isajjim-AI/experiments/benchmark/data/abo/masks/B07HPNP56W.png,/home/rladlems1031/Isajjim-AI/experiments/benchmark/data/abo/meshes/W/B07HPNP56W.glb,0.48578582369204565,0.5537896266702852,1.0,11.603,18355.5,True,
436,DRAWER,/home/rladlems1031/Isajjim-AI/experiments/benchmark/data/abo/images/b7/b7a05d32.jpg,/home/rladlems1031/Isajjim-AI/experiments/benchmark/data/abo/masks/B07GFDPB2V.png,/home/rladlems1031/Isajjim-AI/experiments/benchmark/data/abo/meshes/V/B07GFDPB2V.glb,0.4838743642098759,0.8910254337709809,1.0,9.113,17776.3,True,
437,BED,/home/rladlems1031/Isajjim-AI/experiments/benchmark/data/abo/images/17/17c62f00.jpg,/home/rladlems1031/Isajjim-AI/experiments/benchmark/data/abo/masks/B075QG3JWL.png,/home/rladlems1031/Isajjim-AI/experiments/benchmark/data/abo/meshes/L/B075QG3JWL.glb,0.5558764778092248,0.8197527865129458,1.0,13.046,18465.8,True,
438,CHAIR_STOOL,/home/rladlems1031/Isajjim-AI/experiments/benchmark/data/abo/images/f1/f1f0bc64.jpg,/home/rladlems1031/Isajjim-AI/experiments/benchmark/data/abo/masks/B086JJGN3C.png,/home/rladlems1031/Isajjim-AI/experiments/benchmark/data/abo/meshes/C/B086JJGN3C.glb,0.4894451125356141,0.6266693180064923,1.0,9.821,18002.8,True,
439,SOFA,/home/rladlems1031/Isajjim-AI/experiments/benchmark/data/abo/images/e2/e2b9358d.jpg,/home/rladlems1031/Isajjim-AI/experiments/benchmark/data/abo/masks/B07BWJCBY2.png,/home/rladlems1031/Isajjim-AI/experiments/benchmark/data/abo/meshes/2/B07BWJCBY2.glb,0.44470300204747737,0.47716626471435086,1.0,10.02,18054.9,True,
440,SOFA,/home/rladlems1031/Isajjim-AI/experiments/benchmark/data/abo/images/d0/d0775688.jpg,/home/rladlems1031/Isajjim-AI/experiments/benchmark/data/abo/masks/B07BWKFNCS.png,/home/rladlems1031/Isajjim-AI/experiments/benchmark/data/abo/meshes/S/B07BWKFNCS.glb,0.3287243939955639,0.6808296985004735,1.0,10.398,18104.8,True,
441,DESK,/home/rladlems1031/Isajjim-AI/experiments/benchmark/data/abo/images/bf/bfb41d33.jpg,/home/rladlems1031/Isajjim-AI/experiments/benchmark/data/abo/masks/B07K7663DW.png,/home/rladlems1031/Isajjim-AI/experiments/benchmark/data/abo/meshes/W/B07K7663DW.glb,0.665507736646241,0.7180971036320014,1.0,14.423,18753.0,True,
442,SOFA,/home/rladlems1031/Isajjim-AI/experiments/benchmark/data/abo/images/59/5906213f.jpg,/home/rladlems1031/Isajjim-AI/experiments/benchmark/data/abo/masks/B07B4G612M.png,/home/rladlems1031/Isajjim-AI/experiments/benchmark/data/abo/meshes/M/B07B4G612M.glb,0.46070640991260065,0.5110476018001571,1.0,10.876,18205.6,True,
443,SOFA,/home/rladlems1031/Isajjim-AI/experiments/benchmark/data/abo/images/04/045af110.jpg,/home/rladlems1031/Isajjim-AI/experiments/benchmark/data/abo/masks/B07DBCFNH9.png,/home/rladlems1031/Isajjim-AI/experiments/benchmark/data/abo/meshes/9/B07DBCFNH9.glb,0.6878210635669715,0.8724644782321047,1.0,17.726,19139.6,True,
444,BED,/home/rladlems1031/Isajjim-AI/experiments/benchmark/data/abo/images/37/37f3c993.jpg,/home/rladlems1031/Isajjim-AI/experiments/benchmark/data/abo/masks/B07B4W5T8Y.png,/home/rladlems1031/Isajjim-AI/experiments/benchmark/data/abo/meshes/Y/B07B4W5T8Y.glb,0.6070947250295012,0.6862719504379906,1.0,12.95,18543.6,True,
445,CABINET,/home/rladlems1031/Isajjim-AI/experiments/benchmark/data/abo/images/ea/eae0457d.jpg,/home/rladlems1031/Isajjim-AI/experiments/benchmark/data/abo/masks/B07H8SH3WJ.png,/home/rladlems1031/Isajjim-AI/experiments/benchmark/data/abo/meshes/J/B07H8SH3WJ.glb,0.5128836556873454,0.6773472569117023,1.0,17.593,19177.2,True,
446,SOFA,/home/rladlems1031/Isajjim-AI/experiments/benchmark/data/abo/images/90/9082280e.jpg,/home/rladlems1031/Isajjim-AI/experiments/benchmark/data/abo/masks/B07VQSWXZ5.png,/home/rladlems1031/Isajjim-AI/experiments/benchmark/data/abo/meshes/5/B07VQSWXZ5.glb,0.5269376738254791,0.6037716056061985,1.0,12.045,18511.6,True,
447,SOFA,/home/rladlems1031/Isajjim-AI/experiments/benchmark/data/abo/images/c1/c1c3f433.jpg,/home/rladlems1031/Isajjim-AI/experiments/benchmark/data/abo/masks/B07PBZ74HD.png,/home/rladlems1031/Isajjim-AI/experiments/benchmark/data/abo/meshes/D/B07PBZ74HD.glb,0.6011080848998696,0.6490161196933142,1.0,13.401,18705.7,True,
449,CHAIR_STOOL,/home/rladlems1031/Isajjim-AI/experiments/benchmark/data/abo/images/5e/5ee2e8d1.jpg,/home/rladlems1031/Isajjim-AI/experiments/benchmark/data/abo/masks/B07HZ6YX6K.png,/home/rladlems1031/Isajjim-AI/experiments/benchmark/data/abo/meshes/K/B07HZ6YX6K.glb,0.788371721403466,0.9000286624647176,1.0,9.328,17937.1,True,
450,SOFA,/home/rladlems1031/Isajjim-AI/experiments/benchmark/data/abo/images/23/23dafd0a.jpg,/home/rladlems1031/Isajjim-AI/experiments/benchmark/data/abo/masks/B07QJX1JY9.png,/home/rladlems1031/Isajjim-AI/experiments/benchmark/data/abo/meshes/9/B07QJX1JY9.glb,0.3782738305670105,0.6958287350827046,1.0,11.656,18419.2,True,
451,SOFA,/home/rladlems1031/Isajjim-AI/experiments/benchmark/data/abo/images/17/1787b3ce.jpg,/home/rladlems1031/Isajjim-AI/experiments/benchmark/data/abo/masks/B07B4M2BC1.png,/home/rladlems1031/Isajjim-AI/experiments/benchmark/data/abo/meshes/1/B07B4M2BC1.glb,0.3162366589803328,0.6212019946377009,1.0,10.671,18096.7,True,
452,SOFA,/home/rladlems1031/Isajjim-AI/experiments/benchmark/data/abo/images/ab/ab40a11e.jpg,/home/rladlems1031/Isajjim-AI/experiments/benchmark/data/abo/masks/B075X5446R.png,/home/rladlems1031/Isajjim-AI/experiments/benchmark/data/abo/meshes/R/B075X5446R.glb,0.42094186173939496,0.4526831414013984,1.0,10.068,17990.1,True,
453,SOFA,/home/rladlems1031/Isajjim-AI/experiments/benchmark/data/abo/images/ef/ef670cf0.jpg,/home/rladlems1031/Isajjim-AI/experiments/benchmark/data/abo/masks/B07BWM2CSV.png,/home/rladlems1031/Isajjim-AI/experiments/benchmark/data/abo/meshes/V/B07BWM2CSV.glb,0.3286939083574414,0.520432279793389,1.0,10.39,18080.5,True,
454,DISPLAY_SHELF,/home/rladlems1031/Isajjim-AI/experiments/benchmark/data/abo/images/77/7753a2f2.jpg,/home/rladlems1031/Isajjim-AI/experiments/benchmark/data/abo/masks/B078JM1J41.png,/home/rladlems1031/Isajjim-AI/experiments/benchmark/data/abo/meshes/1/B078JM1J41.glb,0.20551954369176256,0.7959072765680767,1.0,9.613,17915.4,True,
455,CABINET,/home/rladlems1031/Isajjim-AI/experiments/benchmark/data/abo/images/e4/e4f6de25.jpg,/home/rladlems1031/Isajjim-AI/experiments/benchmark/data/abo/masks/B07TSTJM5G.png,/home/rladlems1031/Isajjim-AI/experiments/benchmark/data/abo/meshes/G/B07TSTJM5G.glb,0.5042156862009911,0.5206395341463022,1.0,11.847,18364.5,True,
456,CHAIR_STOOL,/home/rladlems1031/Isajjim-AI/experiments/benchmark/data/abo/images/d1/d15f5a3b.jpg,/home/rladlems1031/Isajjim-AI/experiments/benchmark/data/abo/masks/B07B4GXXDV.png,/home/rladlems1031/Isajjim-AI/experiments/benchmark/data/abo/meshes/V/B07B4GXXDV.glb,0.7317464408294997,0.7539988364379038,1.0,17.165,19124.2,True,
457,DRAWER,/home/rladlems1031/Isajjim-AI/experiments/benchmark/data/abo/images/a3/a3e5679c.jpg,/home/rladlems1031/Isajjim-AI/experiments/benchmark/data/abo/masks/B07PVBJ7X8.png,/home/rladlems1031/Isajjim-AI/experiments/benchmark/data/abo/meshes/8/B07PVBJ7X8.glb,0.3867961713032991,0.7564175430889301,1.0,13.381,18551.3,True,
458,CHAIR_STOOL,/home/rladlems1031/Isajjim-AI/experiments/benchmark/data/abo/images/2e/2eda4463.jpg,/home/rladlems1031/Isajjim-AI/experiments/benchmark/data/abo/masks/B07QGSZ564.png,/home/rladlems1031/Isajjim-AI/experiments/benchmark/data/abo/meshes/4/B07QGSZ564.glb,0.6067498826556587,0.6596128791469772,1.0,18.078,19244.0,True,
459,DESK,/home/rladlems1031/Isajjim-AI/experiments/benchmark/data/abo/images/d8/d83c7c15.jpg,/home/rladlems1031/Isajjim-AI/experiments/benchmark/data/abo/masks/B07QF9X1LH.png,/home/rladlems1031/Isajjim-AI/experiments/benchmark/data/abo/meshes/H/B07QF9X1LH.glb,0.26353640154395347,0.5310477484706517,1.0,10.203,18096.9,True,
460,CHAIR_STOOL,/home/rladlems1031/Isajjim-AI/experiments/benchmark/data/abo/images/82/8252d4d7.jpg,/home/rladlems1031/Isajjim-AI/experiments/benchmark/data/abo/masks/B07HP9976H.png,/home/rladlems1031/Isajjim-AI/experiments/benchmark/data/abo/meshes/H/B07HP9976H.glb,0.6293207768865037,0.7569557193191732,1.0,12.171,18449.5,True,
461,SOFA,/home/rladlems1031/Isajjim-AI/experiments/benchmark/data/abo/images/1a/1a22342c.jpg,/home/rladlems1031/Isajjim-AI/experiments/benchmark/data/abo/masks/B07HYY8ZGY.png,/home/rladlems1031/Isajjim-AI/experiments/benchmark/data/abo/meshes/Y/B07HYY8ZGY.glb,0.4482243130770014,0.48057496842047315,1.0,10.777,18157.5,True,
462,CHAIR_STOOL,/home/rladlems1031/Isajjim-AI/experiments/benchmark/data/abo/images/f8/f8c2e9cd.jpg,/home/rladlems1031/Isajjim-AI/experiments/benchmark/data/abo/masks/B07B4G487Q.png,/home/rladlems1031/Isajjim-AI/experiments/benchmark/data/abo/meshes/Q/B07B4G487Q.glb,0.6822132858118303,0.7109767697203325,1.0,17.956,19246.0,True,
463,SOFA,/home/rladlems1031/Isajjim-AI/experiments/benchmark/data/abo/images/ca/ca39e319.jpg,/home/rladlems1031/Isajjim-AI/experiments/benchmark/data/abo/masks/B07B4L589M.png,/home/rladlems1031/Isajjim-AI/experiments/benchmark/data/abo/meshes/M/B07B4L589M.glb,0.536444218825759,0.5784981849587544,1.0,12.948,18558.5,True,
464,SOFA,/home/rladlems1031/Isajjim-AI/experiments/benchmark/data/abo/images/13/131c3896.jpg,/home/rladlems1031/Isajjim-AI/experiments/benchmark/data/abo/masks/B07BWJD1S8.png,/home/rladlems1031/Isajjim-AI/experiments/benchmark/data/abo/meshes/8/B07BWJD1S8.glb,0.3514764403526202,0.7155025537105666,1.0,10.605,18186.0,True,
465,DRAWER,/home/rladlems1031/Isajjim-AI/experiments/benchmark/data/abo/images/76/76c75203.jpg,/home/rladlems1031/Isajjim-AI/experiments/benchmark/data/abo/masks/B079VMH24K.png,/home/rladlems1031/Isajjim-AI/experiments/benchmark/data/abo/meshes/K/B079VMH24K.glb,0.9072288814761522,0.9478181144659871,1.0,9.701,18102.2,True,
466,CABINET,/home/rladlems1031/Isajjim-AI/experiments/benchmark/data/abo/images/8e/8e5ae522.jpg,/home/rladlems1031/Isajjim-AI/experiments/benchmark/data/abo/masks/B07JG3ZVVZ.png,/home/rladlems1031/Isajjim-AI/experiments/benchmark/data/abo/meshes/Z/B07JG3ZVVZ.glb,0.2529363466982902,0.3805463312722896,1.0,9.726,18013.7,True,
467,CHAIR_STOOL,/home/rladlems1031/Isajjim-AI/experiments/benchmark/data/abo/images/f2/f2798364.jpg,/home/rladlems1031/Isajjim-AI/experiments/benchmark/data/abo/masks/B07HZ8J1WM.png,/home/rladlems1031/Isajjim-AI/experiments/benchmark/data/abo/meshes/M/B07HZ8J1WM.glb,0.5696916038104484,0.7622849293151692,1.0,17.094,19099.5,True,
468,CHAIR_STOOL,/home/rladlems1031/Isajjim-AI/experiments/benchmark/data/abo/images/44/44da33fc.jpg,/home/rladlems1031/Isajjim-AI/experiments/benchmark/data/abo/masks/B07QFRSLZB.png,/home/rladlems1031/Isajjim-AI/experiments/benchmark/data/abo/meshes/B/B07QFRSLZB.glb,0.490981573653246,0.6655354855308108,1.0,9.8,18014.5,True,
469,SOFA,/home/rladlems1031/Isajjim-AI/experiments/benchmark/data/abo/images/b0/b0921304.jpg,/home/rladlems1031/Isajjim-AI/experiments/benchmark/data/abo/masks/B07FFVJK1V.png,/home/rladlems1031/Isajjim-AI/experiments/benchmark/data/abo/meshes/V/B07FFVJK1V.glb,0.5438834085353644,0.6890935749367539,1.0,12.516,18499.8,True,
470,CABINET,/home/rladlems1031/Isajjim-AI/experiments/benchmark/data/abo/images/2f/2f443e81.jpg,/home/rladlems1031/Isajjim-AI/experiments/benchmark/data/abo/masks/B07H8PQFS4.png,/home/rladlems1031/Isajjim-AI/experiments/benchmark/data/abo/meshes/4/B07H8PQFS4.glb,0.3445526271305869,0.6655825244235503,1.0,11.664,18374.7,True,
471,CHAIR_STOOL,/home/rladlems1031/Isajjim-AI/experiments/benchmark/data/abo/images/18/186d8d4b.jpg,/home/rladlems1031/Isajjim-AI/experiments/benchmark/data/abo/masks/B0857JWWVP.png,/home/rladlems1031/Isajjim-AI/experiments/benchmark/data/abo/meshes/P/B0857JWWVP.glb,0.5569519879442985,0.7326455763978826,1.0,9.072,17720.3,True,
472,DRAWER,/home/rladlems1031/Isajjim-AI/experiments/benchmark/data/abo/images/9e/9edd0157.jpg,/home/rladlems1031/Isajjim-AI/experiments/benchmark/data/abo/masks/B07GFFKRXS.png,/home/rladlems1031/Isajjim-AI/experiments/benchmark/data/abo/meshes/S/B07GFFKRXS.glb,0.5009696768905892,0.8745517204509806,1.0,19.756,19440.5,True,
473,BED,/home/rladlems1031/Isajjim-AI/experiments/benchmark/data/abo/images/f4/f4177c2d.jpg,/home/rladlems1031/Isajjim-AI/experiments/benchmark/data/abo/masks/B075Y184L3.png,/home/rladlems1031/Isajjim-AI/experiments/benchmark/data/abo/meshes/3/B075Y184L3.glb,0.5680380161630659,0.5720213882433596,1.0,10.018,17843.2,True,
474,DESK,/home/rladlems1031/Isajjim-AI/experiments/benchmark/data/abo/images/be/befcc429.jpg,/home/rladlems1031/Isajjim-AI/experiments/benchmark/data/abo/masks/B07GFRNJ61.png,/home/rladlems1031/Isajjim-AI/experiments/benchmark/data/abo/meshes/1/B07GFRNJ61.glb,0.1109615048892135,0.5690189486056578,1.0,8.703,17569.0,True,
475,BED,/home/rladlems1031/Isajjim-AI/experiments/benchmark/data/abo/images/31/31419948.jpg,/home/rladlems1031/Isajjim-AI/experiments/benchmark/data/abo/masks/B075ZF4RXP.png,/home/rladlems1031/Isajjim-AI/experiments/benchmark/data/abo/meshes/P/B075ZF4RXP.glb,0.04525280971260471,0.9675412222083541,1.0,9.688,17868.4,True,
476,DISPLAY_SHELF,/home/rladlems1031/Isajjim-AI/experiments/benchmark/data/abo/images/37/377fe604.jpg,/home/rladlems1031/Isajjim-AI/experiments/benchmark/data/abo/masks/B074KKXLK1.png,/home/rladlems1031/Isajjim-AI/experiments/benchmark/data/abo/meshes/1/B074KKXLK1.glb,0.2554899170762875,0.33377042503167664,1.0,9.558,17853.7,True,
477,CHAIR_STOOL,/home/rladlems1031/Isajjim-AI/experiments/benchmark/data/abo/images/02/02f9e40e.jpg,/home/rladlems1031/Isajjim-AI/experiments/benchmark/data/abo/masks/B07B4MRKQG.png,/home/rladlems1031/Isajjim-AI/experiments/benchmark/data/abo/meshes/G/B07B4MRKQG.glb,0.7562869401993328,0.915918876789481,1.0,9.326,17824.3,True,
478,SOFA,/home/rladlems1031/Isajjim-AI/experiments/benchmark/data/abo/images/67/6710864f.jpg,/home/rladlems1031/Isajjim-AI/experiments/benchmark/data/abo/masks/B07QGSZ74B.png,/home/rladlems1031/Isajjim-AI/experiments/benchmark/data/abo/meshes/B/B07QGSZ74B.glb,0.4672682984176867,0.5669774966611283,1.0,11.004,18217.8,True,
479,SOFA,/home/rladlems1031/Isajjim-AI/experiments/benchmark/data/abo/images/87/87859c7a.jpg,/home/rladlems1031/Isajjim-AI/experiments/benchmark/data/abo/masks/B07HYYBHNK.png,/home/rladlems1031/Isajjim-AI/experiments/benchmark/data/abo/meshes/K/B07HYYBHNK.glb,0.46233843650186773,0.483013721855244,1.0,10.641,18118.7,True,
480,CHAIR_STOOL,/home/rladlems1031/Isajjim-AI/experiments/benchmark/data/abo/images/1b/1b7a64b1.jpg,/home/rladlems1031/Isajjim-AI/experiments/benchmark/data/abo/masks/B075X543WY.png,/home/rladlems1031/Isajjim-AI/experiments/benchmark/data/abo/meshes/Y/B075X543WY.glb,0.5560631252946298,0.5854578519153146,1.0,16.838,19159.8,True,
481,CHAIR_STOOL,/home/rladlems1031/Isajjim-AI/experiments/benchmark/data/abo/images/9c/9cdea7b3.jpg,/home/rladlems1031/Isajjim-AI/experiments/benchmark/data/abo/masks/B075X5TN1Y.png,/home/rladlems1031/Isajjim-AI/experiments/benchmark/data/abo/meshes/Y/B075X5TN1Y.glb,0.4937300749561387,0.7007427173737645,1.0,14.448,18800.5,True,
482,SOFA,/home/rladlems1031/Isajjim-AI/experiments/benchmark/data/abo/images/1f/1fecda87.jpg,/home/rladlems1031/Isajjim-AI/experiments/benchmark/data/abo/masks/B07G2RHL73.png,/home/rladlems1031/Isajjim-AI/experiments/benchmark/data/abo/meshes/3/B07G2RHL73.glb,0.45622641295547595,0.5065378004256232,1.0,10.852,18167.9,True,
483,SOFA,/home/rladlems1031/Isajjim-AI/experiments/benchmark/data/abo/images/44/44640722.jpg,/home/rladlems1031/Isajjim-AI/experiments/benchmark/data/abo/masks/B07SZ1PZ1G.png,/home/rladlems1031/Isajjim-AI/experiments/benchmark/data/abo/meshes/G/B07SZ1PZ1G.glb,0.5751912249578248,0.5955337892413216,1.0,11.567,18436.0,True,
484,CHAIR_STOOL,/home/rladlems1031/Isajjim-AI/experiments/benchmark/data/abo/images/5f/5fea6c32.jpg,/home/rladlems1031/Isajjim-AI/experiments/benchmark/data/abo/masks/B07HP8Z5YP.png,/home/rladlems1031/Isajjim-AI/experiments/benchmark/data/abo/meshes/P/B07HP8Z5YP.glb,0.6116552683545513,0.6237108339665983,1.0,9.828,18024.1,True,
485,SOFA,/home/rladlems1031/Isajjim-AI/experiments/benchmark/data/abo/images/8a/8a14d82f.jpg,/home/rladlems1031/Isajjim-AI/experiments/benchmark/data/abo/masks/B07B4MHTG1.png,/home/rladlems1031/Isajjim-AI/experiments/benchmark/data/abo/meshes/1/B07B4MHTG1.glb,0.2998902479681104,0.5607553143830936,1.0,10.105,18026.3,True,
486,BED,/home/rladlems1031/Isajjim-AI/experiments/benchmark/data/abo/images/7b/7b24daae.jpg,/home/rladlems1031/Isajjim-AI/experiments/benchmark/data/abo/masks/B07GFS1W12.png,/home/rladlems1031/Isajjim-AI/experiments/benchmark/data/abo/meshes/2/B07GFS1W12.glb,0.2272553329285581,0.9773855952507041,1.0,9.734,17963.6,True,
487,CHAIR_STOOL,/home/rladlems1031/Isajjim-AI/experiments/benchmark/data/abo/images/74/747f0c47.jpg,/home/rladlems1031/Isajjim-AI/experiments/benchmark/data/abo/masks/B07HZ58T3Q.png,/home/rladlems1031/Isajjim-AI/experiments/benchmark/data/abo/meshes/Q/B07HZ58T3Q.glb,0.626658758472135,0.7434534195091402,1.0,19.346,19342.5,True,
488,SOFA,/home/rladlems1031/Isajjim-AI/experiments/benchmark/data/abo/images/a4/a4abff6b.jpg,/home/rladlems1031/Isajjim-AI/experiments/benchmark/data/abo/masks/B07BWMQLWM.png,/home/rladlems1031/Isajjim-AI/experiments/benchmark/data/abo/meshes/M/B07BWMQLWM.glb,0.3245500062802785,0.6601290422309567,1.0,11.054,18224.2,True,
489,SOFA,/home/rladlems1031/Isajjim-AI/experiments/benchmark/data/abo/images/08/084d676e.jpg,/home/rladlems1031/Isajjim-AI/experiments/benchmark/data/abo/masks/B07P5LLWKZ.png,/home/rladlems1031/Isajjim-AI/experiments/benchmark/data/abo/meshes/Z/B07P5LLWKZ.glb,0.4384312512173904,0.4672019136091379,1.0,10.496,18096.7,True,
491,SOFA,/home/rladlems1031/Isajjim-AI/experiments/benchmark/data/abo/images/49/49df2a55.jpg,/home/rladlems1031/Isajjim-AI/experiments/benchmark/data/abo/masks/B07HPNBTJX.png,/home/rladlems1031/Isajjim-AI/experiments/benchmark/data/abo/meshes/X/B07HPNBTJX.glb,0.42541042399574835,0.5027709653102838,1.0,10.488,18095.4,True,
492,SOFA,/home/rladlems1031/Isajjim-AI/experiments/benchmark/data/abo/images/1c/1ce4d023.jpg,/home/rladlems1031/Isajjim-AI/experiments/benchmark/data/abo/masks/B082TCDJCD.png,/home/rladlems1031/Isajjim-AI/experiments/benchmark/data/abo/meshes/D/B082TCDJCD.glb,0.41578515958747986,0.4864361029209979,1.0,11.445,18270.5,True,
493,CHAIR_STOOL,/home/rladlems1031/Isajjim-AI/experiments/benchmark/data/abo/images/e2/e271497c.jpg,/home/rladlems1031/Isajjim-AI/experiments/benchmark/data/abo/masks/B07B4MJKPG.png,/home/rladlems1031/Isajjim-AI/experiments/benchmark/data/abo/meshes/G/B07B4MJKPG.glb,0.6117686305178559,0.7524706043893058,1.0,18.556,19379.2,True,
494,BED,/home/rladlems1031/Isajjim-AI/experiments/benchmark/data/abo/images/2b/2bba2fdb.jpg,/home/rladlems1031/Isajjim-AI/experiments/benchmark/data/abo/masks/B07B4YNHSR.png,/home/rladlems1031/Isajjim-AI/experiments/benchmark/data/abo/meshes/R/B07B4YNHSR.glb,0.6196805887775155,0.7157373484203021,1.0,13.142,18614.0,True,
495,DESK,/home/rladlems1031/Isajjim-AI/experiments/benchmark/data/abo/images/1c/1ce0ccf6.jpg,/home/rladlems1031/Isajjim-AI/experiments/benchmark/data/abo/masks/B01MXKMRK4.png,/home/rladlems1031/Isajjim-AI/experiments/benchmark/data/abo/meshes/4/B01MXKMRK4.glb,0.4155122956591723,0.8006197596794898,1.0,10.257,18112.0,True,
496,SOFA,/home/rladlems1031/Isajjim-AI/experiments/benchmark/data/abo/images/d0/d0f48d76.jpg,/home/rladlems1031/Isajjim-AI/experiments/benchmark/data/abo/masks/B082VMDFXN.png,/home/rladlems1031/Isajjim-AI/experiments/benchmark/data/abo/meshes/N/B082VMDFXN.glb,0.52191676017265,0.7089730311632312,1.0,11.114,18222.3,True,
497,SOFA,/home/rladlems1031/Isajjim-AI/experiments/benchmark/data/abo/images/60/601905bd.jpg,/home/rladlems1031/Isajjim-AI/experiments/benchmark/data/abo/masks/B07B4L56TX.png,/home/rladlems1031/Isajjim-AI/experiments/benchmark/data/abo/meshes/X/B07B4L56TX.glb,0.5334472728268226,0.5795547563706634,1.0,12.789,18540.9,True,
498,CHAIR_STOOL,/home/rladlems1031/Isajjim-AI/experiments/benchmark/data/abo/images/e1/e135c018.jpg,/home/rladlems1031/Isajjim-AI/experiments/benchmark/data/abo/masks/B084W2RH7F.png,/home/rladlems1031/Isajjim-AI/experiments/benchmark/data/abo/meshes/F/B084W2RH7F.glb,0.5703149526567611,0.6223000708992111,1.0,10.159,18056.9,True,
499,CHAIR_STOOL,/home/rladlems1031/Isajjim-AI/experiments/benchmark/data/abo/images/61/611e336e.jpg,/home/rladlems1031/Isajjim-AI/experiments/benchmark/data/abo/masks/B07K7LZVPT.png,/home/rladlems1031/Isajjim-AI/experiments/benchmark/data/abo/meshes/T/B07K7LZVPT.glb,0.4270954090977368,0.5278689221104856,1.0,8.362,17598.5,True,
